id,beast_id,kind,zone,zone_label,concept,quote,story,sensory,ipa,sort_order
ATOM_0001,BEAST_AI_01_A,single,,,Augmented analytics automates data analysis using AI and machine learning.,Augmented analytics is the integration of Artificial Intelligence (AI) and Machine Learning (ML) into business intelligence and analytics tools to automate and enhance the data analysis process .,"A skyscraper-sized Arachne weaves a glowing web of binary code directly into a massive dashboard on the brick wall. A man in a 1940s tweed suit watches in awe as her giant robotic spinnerets automatically filter mountains of raw, muddy data cubes into sparkling diamond insights.",visual,,1
ATOM_0002,BEAST_AI_01_B,single,,,Conversational interfaces allow you to query data using everyday language.,"It often features natural language processing (NLP), allowing everyday business users to ask questions in plain English (e.g., ""Why did sales drop last month?"") and receive automated, explainable answers .","A neon-plumed bird of paradise perched on a wooden bench sings questions that instantly materialize as glowing, readable text bubbles. The bubbles burst into a deafening silence that visually rains perfectly printed answer scrolls right into the 1940s man's open hands.",visual,,1
ATOM_0003,BEAST_AI_01_C,zoned,Z1,Z1 Head | Data-lake translator jaws,The cat's jaws violently gulp raw data-lake water and spit it out as neatly labeled golden folders that glow with piercing light.,"In the era of Generative AI, semantic layers provide the unambiguous business context that Large Language Models (LLMs) and chatbots need to translate natural language questions into accurate SQL queries without hallucinating .","A colossal house cat clings to the aerial street lamp, reeking of wet fur. Its jaws violently gulp raw data-lake water and spit neatly labeled golden folders of piercing light. Its front paws slam a crystal sphere helmet onto its skull, locking every flying financial paper into identical golden numbers with a deafening _clack_. Its ribs fire a frigid, hallucination-free blueprint that the 1940s man feeds to a floating robot brain.",visual,,1
ATOM_0004,BEAST_AI_01_C,zoned,Z2,Z2 Forelimbs | Crystal sphere helmet,"The cat's front paws violently slam a crystal sphere helmet onto its skull, locking all financial numbers inside with a loud, echoing _clack_.","In the era of Generative AI, semantic layers provide the unambiguous business context that Large Language Models (LLMs) and chatbots need to translate natural language questions into accurate SQL queries without hallucinating .","A colossal house cat clings to the aerial street lamp, reeking of wet fur. Its jaws violently gulp raw data-lake water and spit neatly labeled golden folders of piercing light. Its front paws slam a crystal sphere helmet onto its skull, locking every flying financial paper into identical golden numbers with a deafening _clack_. Its ribs fire a frigid, hallucination-free blueprint that the 1940s man feeds to a floating robot brain.",auditory,,2
ATOM_0005,BEAST_AI_01_C,zoned,Z3,Z3 Torso | Blueprint projector ribs,"The cat's ribs aggressively fire a solid, freezing-cold architectural blueprint from its chest that stops a robot brain from hallucinating.","In the era of Generative AI, semantic layers provide the unambiguous business context that Large Language Models (LLMs) and chatbots need to translate natural language questions into accurate SQL queries without hallucinating .","A colossal house cat clings to the aerial street lamp, reeking of wet fur. Its jaws violently gulp raw data-lake water and spit neatly labeled golden folders of piercing light. Its front paws slam a crystal sphere helmet onto its skull, locking every flying financial paper into identical golden numbers with a deafening _clack_. Its ribs fire a frigid, hallucination-free blueprint that the 1940s man feeds to a floating robot brain.",thermal,,3
ATOM_0006,BEAST_AI_02_D,single,,,Retrieval-Augmented Generation (RAG) fetches external documents at query time instead of relying entirely on its training memory.,the model grounds its answer in documents it fetches at query time instead of relying only on what it memorized in training,"A colossal dragon made of folded library pages refuses to use its own brain. Instead, it violently rips glowing documents straight out of Ada Lovelace's hands. The beast chews the rough, heavy papers with a deafening crunch, using the sharp textures of the fetched pages to spit out perfectly formed answers.",tactile,,1
ATOM_0007,BEAST_AI_02_E,single,,,"A flat, unstructured content store causes models to retrieve the loudest keyword match instead of the most accurate document.","If your content store is a flat heap of unstructured, unlabeled, contradictory documents, retrieval doesn't work. It finds the loudest match — the one that shares the most surface words with the query, regardless of whether it is current, authoritative, or true.","A skyscraper-sized eagle stands on a flat heap of rotting, messy file folders that crush a parked car. It completely ignores Ada Lovelace’s polite whispers and refuses to hunt for true facts. The giant bird only dives to snatch the single document screaming with the loudest, most ear-shattering siren noise.",auditory,,1
ATOM_0008,BEAST_AI_02_F,single,,,Controlled vocabularies prevent slight word variations from fracturing one concept into multiple unrelated topics.,"Controlled vocabularies — a fixed, agreed set of terms for the same thing — hold the language steady, so that “cancelled,” “canceled,” “terminated,” and “closed” don’t fracture one concept into four the system treats as unrelated.","A microscopic frog sits on a distant brick wall, catching hundreds of chaotic, fractured dictionary words with its impossibly long tongue. As it swallows the messy letters, Ada Lovelace watches the frog sweat a single, blindingly bright, unified glowing word across its skin. This brilliant neon label locks the language steady and lights up the entire alley.",visual,,1
ATOM_0009,BEAST_AI_02_G,single,,,"AI agents require explicit structures, hierarchies, and boundaries to safely take action and update records.","The moment an agent stops retrieving and starts doing — routing a ticket, updating a record, approving a request, calling another system — it needs more than the right passage. It needs to know relationships, hierarchies, and boundaries","A three-headed goat tries to stamp its hooves to route banking tickets, but freezes when Ada Lovelace draws glowing chalk boundaries on the roof. The goat licks the thick chalk boundary and tastes bitter, burning electricity on its tongue. This foul flavor stops the beast from running amok and blindly changing systems.",gustatory,,1
ATOM_0010,BEAST_AI_02_H,single,,,Adding situational context to text chunks before indexing them drastically reduces retrieval failures.,adding the context that situates each chunk before indexing it cut failed retrievals by up to 49 percent,"A massive Hydra coils around a fire hydrant, injecting thick blue context-gel into raw data chunks using its venomous fangs. The chemical reaction fills the air with the sharp, metallic smell of burning ozone. Ada Lovelace breathes in the strong scent as the injected chunks perfectly lock into an index puzzle, cutting their failure rate in half before they even reach the database.",olfactory,,1
ATOM_0011,BEAST_AI_03_I,zoned,Z1,Z1 Head | Token Metric,"a giant glowing green price tag clamps aggressively over its face, mutating its skull into a loudly ringing cash register","Generating new text takes significantly more computing power, so output tokens are almost always 3 to 5 times more expensive than input tokens.","A colossal, skyscraper-sized imp phases through the solid iron front gate, reeking of burning sulfur. A giant glowing green price tag violently clamps over its face, mutating its skull into a mechanical cash register that rings with a deafening crash. As Michael Jackson watches in awe, the imp's front claws violently vomit blistering hot golden coins that melt the concrete, demonstrating the heavy, expensive computing power needed for output generation.",auditory,,1
ATOM_0012,BEAST_AI_03_I,zoned,Z2,Z2 Forelimbs | Output Cost,its claws violently vomit blistering hot golden coins that visibly melt the concrete,"Generating new text takes significantly more computing power, so output tokens are almost always 3 to 5 times more expensive than input tokens.","A colossal, skyscraper-sized imp phases through the solid iron front gate, reeking of burning sulfur. A giant glowing green price tag violently clamps over its face, mutating its skull into a mechanical cash register that rings with a deafening crash. As Michael Jackson watches in awe, the imp's front claws violently vomit blistering hot golden coins that melt the concrete, demonstrating the heavy, expensive computing power needed for output generation.",thermal,,2
ATOM_0013,BEAST_COMMUNICATIO_01_A,single,,,Ethos is the credibility and authority of the speaker.,Ethos: A credibilidade e a autoridade do orador.,"Arachne (a woman with the lower body of a spider) crawls down onto the street. She wears a tiny judge's wig and holds a shiny gold badge. She waves her many arms to show the crowd her badge, proving she is honest and making everyone respect her high authority.",,,1
ATOM_0014,BEAST_COMMUNICATIO_01_B,single,,,Pathos is the emotional appeal used to engage the audience.,Pathos: O apelo emocional utilizado para envolver o público.,"A bright bird of paradise flutters down to perch on Arachne's badge and starts crying with giant, sad eyes. It looks so pathetic and cute that the entire crowd starts weeping with it. The bird actively uses these strong, sad feelings to steal everyone's attention and engage the audience completely.",,,1
ATOM_0015,BEAST_COMMUNICATIO_01_C,single,,,Logos is the logical structure and the evidence supporting the argument.,Logos: A estrutura lógica e as evidências que sustentam o argumento.,"A small cat jumps down onto the pavement, completely ignoring the crying bird. Instead, it carefully builds a strong, perfectly straight wall out of heavy stone blocks. The cat points at the solid bricks to show the strict, logical structure and the hard evidence that supports its point.",,,1
ATOM_0016,BEAST_COMMUNICATIO_02_D,single,,,Define the business agenda for your own area.,Define a agenda de negócios para a própria área.,"A colossal dragon lands heavily on the gate post, and Goku desperately grabs its scaled tail. The beast breathes a massive, glowing business agenda made of bright neon fire into the sky, forcing everyone to clearly see the defined direction.",visual,,1
ATOM_0017,BEAST_COMMUNICATIO_02_E,single,,,Create value according to the general interest of Bosch.,Cria valor para a empresa de acordo com o interesse geral da Bosch.,"An impossibly heavy eagle crashes onto a parked car, crushing its steel roof like paper to hand Goku solid gold bars. The tangible, crushing weight of these delivered results physically alters the vehicle, showing immense value creation.",tactile,,1
ATOM_0018,BEAST_COMMUNICATIO_02_F,single,,,Foster a collaborative and learning organization while driving digital business.,Fomenta uma organização colaborativa e de aprendizagem. Impulsiona um negócio sustentável e digital.,"A skyscraper-sized frog squats at the far end of the street, croaking with a deafening electronic baseline. Goku plugs futuristic digital cables directly into the frog's warty skin, causing the loud croaks to instantly build a collaborative digital city out of soundwaves.",auditory,,1
ATOM_0019,BEAST_COMMUNICATIO_02_G,single,,,Create an environment where people feel comfortable expressing their opinions.,Cria um ambiente onde as pessoas se sentem à vontade para expressar as suas opiniões e participar em debates saudáveis.,"A floating goat balances perfectly on top of a street lamp, emitting a highly concentrated, comforting scent of warm cinnamon. Goku breathes in the trusting aroma and shouts his deepest secrets to the goat, feeling completely safe to express opinions in the sweet-smelling air.",olfactory,,1
ATOM_0020,BEAST_COMMUNICATIO_02_H,single,,,Encourage others to take responsibility and achieve exceptional results.,Incentiva os outros a assumir responsabilidade e alcançar resultados excepcionais. Cria autonomia e estimula a motivação intrínseca.,"A multi-headed Hydra bursts out of a tiny metal mailbox, biting into shockingly sour lemons. Goku forces the heads to chew the sour fruit, making them taste the bitter shock of responsibility before they autonomously spit out exceptional golden trophies onto the pavement.",gustatory,,1
ATOM_0021,BEAST_COMMUNICATIO_03_I,single,,,Enable others to grow and contribute to their maximum potential.,Possibilita que os outros cresçam e contribuam ao máximo com o seu potencial.,"A tiny imp stands on a brick wall, glowing with a blinding, radioactive light that hurts the eyes. Naruto hits the imp with a glowing blue energy sphere, causing the small creature to rapidly mutate into a muscular giant, visually unlocking its absolute maximum potential in a brilliant flash.",visual,,1
ATOM_0022,BEAST_COMMUNICATIO_03_J,single,,,Deal with your own personality in a self-reflective way.,Lida com a sua própria personalidade de forma autorreflexiva.,"A completely flat, two-dimensional jester lies stuck on a wooden bench, wrapped in freezing cold mirror shards. Naruto carefully peels the agonizingly cold, sharp mirrors off the jester's face, forcing the clown to tangibly feel and reflect on his own bizarre personality.",tactile,,1
ATOM_0023,BEAST_COMMUNICATIO_03_K,single,,,Have a clear sense of internal orientation and manage personal resources effectively.,Tem um claro sentido de orientação interna e gere de forma eficaz os seus recursos pessoais.,"A colossal kitten blocks a distant building facade, purring with the ear-splitting, aggressive roar of a chainsaw engine. Naruto manages this chaotic noise by shoving a giant metallic compass into the kitten's ear, instantly tuning the loud roar into a perfectly directed, rhythmic heartbeat.",auditory,,1
ATOM_0024,BEAST_COMMUNICATIO_03_L,single,,,Learn continuously to grow personally and professionally.,Aprende continuamente para crescer a nível pessoal e profissional.,"A transparent lion sits on a high balcony edge, loudly crunching on glowing, metallic books that taste like spicy iron. Naruto feeds the lion endless stacks of these iron manuals, tasting the metallic spark of continuous learning as the beast physically thickens with professional growth.",gustatory,,1
ATOM_0025,BEAST_ENGLISH_01_A,single,,,"Arachne hangs from the stone. She is making a big web. She does not finish it. Instead, she cuts the web right in the middle. She makes two parts to show you the structure is divided. This is the definition: The word ""cleft"" means divided.",,"Arachne hangs from the stone. She is making a big web. She does not finish it. Instead, she cuts the web right in the middle. She makes two parts to show you the structure is divided. This is the definition: The word ""cleft"" means divided.",,,1
ATOM_0026,BEAST_ENGLISH_01_B,single,,,"Next to her, a Bird of Paradise opens its colorful feathers. It wants you to look at a passport on the ground. It hits a fake passport to fix the mistake. It makes a loud noise at a traveler. The bird says: ""Her passport? No. It was my pass",,"Next to her, a Bird of Paradise opens its colorful feathers. It wants you to look at a passport on the ground. It hits a fake passport to fix the mistake. It makes a loud noise at a traveler. The bird says: ""Her passport? No. It was my passport that she dropped."" This shows why we use cleft sentences: For Emphasis and Correction.",,,1
ATOM_0027,BEAST_ENGLISH_01_C,single,,,"Down the street, a Cat sits on a government paper. You try to move the cat, but it stays there. It shows that this is the paper you need. The cat says: ""It's form B6115 that you need."" This shows the It-Cleft Structure: It plus ""to be"" plus",,"A Dragon goes to a party. Mickey and Minnie Mouse are the hosts. The hosts are plural (two people). But the Dragon uses fire to make them use a singular verb. He shouts: ""It is Matt and Jessica who are having the party, not me."" The rule is: Use the singular ""Be,"" even for plural subjects.",,,1
ATOM_0028,BEAST_ENGLISH_01_E,single,,,"High up, an Eagle holds a famous book in its claws. It shouts the name of the author to everyone below. ""I believe it was Shel Silverstein who wrote The Giving Tree."" The Eagle shows you the Relative Pronouns: Who or That.",,Go to the second street.,,,1
ATOM_0029,BEAST_ENGLISH_02_F,single,,,"A Frog watches words fly by. It sees a ""Subject"" and a ""Verb."" Then it sees the word ""that."" The word ""that"" acts as an object. The Frog uses its tongue to catch and eat the word. The rule is: If you have a subject and a verb after your rel",,"A Frog watches words fly by. It sees a ""Subject"" and a ""Verb."" Then it sees the word ""that."" The word ""that"" acts as an object. The Frog uses its tongue to catch and eat the word. The rule is: If you have a subject and a verb after your relative pronoun, you can take it out.",,,1
ATOM_0030,BEAST_ENGLISH_02_G,single,,,"A Goat chews on an empty wallet. It shouts loudly. It says the ""Wh-clause""—the thing ""What we need""—must be money. It cries: ""What we need is more money."" This shows the Wh-Cleft Structure.",,"A Goat chews on an empty wallet. It shouts loudly. It says the ""Wh-clause""—the thing ""What we need""—must be money. It cries: ""What we need is more money."" This shows the Wh-Cleft Structure.",,,1
ATOM_0031,BEAST_ENGLISH_02_H,single,,,"The Hydra holds a heavy car battery in its main head. It moves the battery all the way to its tail. It changes the order, but the meaning is the same. The sentence flips: ""A new battery is what you need."" This shows you can reverse Wh-Cleft",,"The Hydra holds a heavy car battery in its main head. It moves the battery all the way to its tail. It changes the order, but the meaning is the same. The sentence flips: ""A new battery is what you need."" This shows you can reverse Wh-Clefts.",,,1
ATOM_0032,BEAST_ENGLISH_02_I,single,,,"An Imp paints a big word ""IS"" on the wall. A big pile of plural nouns falls on him. Even with the heavy weight, he says the verb must be singular. The rule is: The Wh-clause is singular. Even if your noun is plural, use is or was.",,"Example: ""What they need is more time."" (Not ""are""—use is even though ""they"" is plural.)",,,1
ATOM_0033,BEAST_ENGLISH_02_J,single,,,"The Jester points at the Imp and laughs. He uses the word ""That"" to talk about the whole thing. He says: ""That's what I'm talking about."" This shows you can use ""That"" to talk about what just happened.",,Go to the last street.,,,1
ATOM_0034,BEAST_ENGLISH_03_K,single,,,"A small Kitten sleeps at the bottom of a black stone. It does not want toys or food. It shows that the only thing it wants is rest. It says: ""All I want is more sleep."" This is the ""All"" Cleft. Here, ""All"" means ""the only thing.""",,"A small Kitten sleeps at the bottom of a black stone. It does not want toys or food. It shows that the only thing it wants is rest. It says: ""All I want is more sleep."" This is the ""All"" Cleft. Here, ""All"" means ""the only thing.""",,,1
ATOM_0035,BEAST_ENGLISH_03_L,single,,,"A Lion wears a detective hat. He looks at the ground with a glass. He ignores the police. He tries to do the action himself. ""What he did was try to solve the crime himself."" The Lion shows the action using ""What... do.""",,"A Lion wears a detective hat. He looks at the ground with a glass. He ignores the police. He tries to do the action himself. ""What he did was try to solve the crime himself."" The Lion shows the action using ""What... do.""",,,1
ATOM_0036,BEAST_ENGLISH_04_M,single,,,It holds a red pen and reads a long sentence on a screen. It aggressively crosses out words that are not needed. It explains the definition of this technique.,Ellipsis just means you're deleting words from sentences—unnecessary words or redundant words.,It holds a red pen and reads a long sentence on a screen. It aggressively crosses out words that are not needed. It explains the definition of this technique.,,,1
ATOM_0037,BEAST_ENGLISH_04_N,single,,,"A Neanderthal stands next to the Marmoset holding two mugs. He grunts at a guest. He does not say ""Do you want a tea or do you want a coffee?"" He just holds them up to save words. He knows that too much talking is bad.","The more words you use in a sentence, the more confusing the sentence gets.","A Neanderthal stands next to the Marmoset holding two mugs. He grunts at a guest. He does not say ""Do you want a tea or do you want a coffee?"" He just holds them up to save words. He knows that too much talking is bad.",,,1
ATOM_0038,BEAST_ENGLISH_04_O,single,,,"An Owl plays a guitar on the sidewalk. A second Owl watches him. The second Owl does not pick up a guitar, but simply nods to show he can do it too. He avoids repeating the action.",She can play the guitar and he can too.,"An Owl plays a guitar on the sidewalk. A second Owl watches him. The second Owl does not pick up a guitar, but simply nods to show he can do it too. He avoids repeating the action.",,,1
ATOM_0039,BEAST_ENGLISH_04_P,single,,,A black Panther stalks a sentence written on the ground. It pounces on a repeated phrase and swaps it for a decoy word. It explains that this is a specific technique for replacing words.,"Substitution is exactly what it says it is: you're substituting words, you're replacing words in a phrase or even part of a phrase as well to avoid repeating the same words.",A black Panther stalks a sentence written on the ground. It pounces on a repeated phrase and swaps it for a decoy word. It explains that this is a specific technique for replacing words.,,,1
ATOM_0040,BEAST_ENGLISH_04_Q,single,,,"The feathered serpent Quetzalcoatl wears a mechanic's belt. He coils around a broken sentence engine. He holds a wrench labeled ""Auxiliary"" in his mouth. He adjusts the ""Tense"" gear to make sure it corresponds perfectly.",The auxiliary verb needs to correspond with the types of verbs that you're using... it also needs to correspond in tense as well.,"The feathered serpent Quetzalcoatl wears a mechanic's belt. He coils around a broken sentence engine. He holds a wrench labeled ""Auxiliary"" in his mouth. He adjusts the ""Tense"" gear to make sure it corresponds perfectly.",,,1
ATOM_0041,BEAST_ENGLISH_05_R,single,,,"A Rat looks at a calendar on the wall. Someone says ""He will come today."" The Rat shakes its head and gnaws on the sentence. It removes the prediction and leaves only the word ""it"" behind.","He might come today, but I doubt it.","A Rat looks at a calendar on the wall. Someone says ""He will come today."" The Rat shakes its head and gnaws on the sentence. It removes the prediction and leaves only the word ""it"" behind.",,,1
ATOM_0042,BEAST_ENGLISH_05_S,single,,,"A floating Skull hovers at the end of the street. It stares at a paragraph full of dead weight. It disintegrates the extra words, leaving only the bare bones of the sentence to make it sleek.",It just makes your writing much more concise and it makes it flow better as well.,"A floating Skull hovers at the end of the street. It stares at a paragraph full of dead weight. It disintegrates the extra words, leaving only the bare bones of the sentence to make it sleek.",,,1
ATOM_0043,BEAST_ENGLISH_06_T,single,,,A colorful Toucan sits on a bench. It is sweating profusely in the sun. It decides to remove its heavy feathers like a coat. It explains the result of the heat.,"It was hot, so I took off my jacket.",A colorful Toucan sits on a bench. It is sweating profusely in the sun. It decides to remove its heavy feathers like a coat. It explains the result of the heat.,,,1
ATOM_0044,BEAST_ENGLISH_06_U,single,,,"A Unicorn wearing a suit acts as an examiner. It hands a failed exam paper to a student. It explains formally that because of this result, there is no job offer.","I regret to inform you that you have failed your C1 English exam; therefore, we are unable to offer you the job.","A Unicorn wearing a suit acts as an examiner. It hands a failed exam paper to a student. It explains formally that because of this result, there is no job offer.",,,1
ATOM_0045,BEAST_ENGLISH_06_V,single,,,"A Vulture perches on a desk like a boss. It places the word ""therefore"" right before the main verb ""decided."" It makes a final decision about a candidate.",We have therefore decided not to offer you the job.,"A Vulture perches on a desk like a boss. It places the word ""therefore"" right before the main verb ""decided."" It makes a final decision about a candidate.",,,1
ATOM_0046,BEAST_ENGLISH_06_W,single,,,"A Wombat writes a letter with a quill. It gets no response, so it puts the pen down. It uses ""As"" at the start of her sentence to give the reason.","As she never replies, I'd stop writing to her.","A Wombat writes a letter with a quill. It gets no response, so it puts the pen down. It uses ""As"" at the start of her sentence to give the reason.",,,1
ATOM_0047,BEAST_ENGLISH_07_X,single,,,A participle clause is a subordinate clause used to give extra information.,"A participle clause is a type of subordinate or dependent adverbial clause. It uses a participle to give extra information about time, reason, result, manner, or condition.",,,,1
ATOM_0048,BEAST_ENGLISH_07_Y,single,,,The subject of the participle clause and the main clause must be the same.,The subject of the participle clause and the main clause must be the same.,,,,1
ATOM_0049,BEAST_ENGLISH_07_Z,single,,,Present Active (Simultaneous Actions) - Two things happening at the same time.,"Leaving in a hurry, John forgot to collect his coat.",,,,1
ATOM_0050,BEAST_ENGLISH_07_AA,single,,,Present Active (Reason) - Stating a reason before the result.,"Hoping to improve my French, I joined a class.",,,,1
ATOM_0051,BEAST_ENGLISH_07_AB,single,,,"Present Active (Negative Form) - Place ""not"" before the participle.","Not wanting to wake him, I left quietly.",,,,1
ATOM_0052,BEAST_ENGLISH_08_AC,single,,,"Present Active (Consequence) - Action first, then the result.",He slammed the door waking the baby.,,,,1
ATOM_0053,BEAST_ENGLISH_08_AD,single,,,Present Active (Ambiguity) - Flip the sentence if the subject is unclear.,"Singing loudly, I met a girl.",,,,1
ATOM_0054,BEAST_ENGLISH_08_AE,single,,,Perfect Active (Sequence) - Action fully completed before the main clause.,"Having thanked the hosts, the guests left the party.",,,,1
ATOM_0055,BEAST_ENGLISH_08_AF,single,,,Past Participle (Subject Info) - Adding information about the subject.,"Surrounded by water, Venice is built on over a 100 islands.",,,,1
ATOM_0056,BEAST_ENGLISH_08_AG,single,,,Past Participle (Condition) - Reduced conditional stating a fact.,"Used correctly, participle clauses make your writing more concise.",,,,1
ATOM_0057,BEAST_ENGLISH_09_AH,single,,,Perfect Passive (Sequence/Reason) - Passive action completed before main clause.,"Having been fined for speeding before, she is now a careful driver.",,,,1
ATOM_0058,BEAST_ENGLISH_09_AI,single,,,The Dangling Participle - Subject mismatch.,"Reading the newspaper, the cat jumped onto the table.",,,,1
ATOM_0059,BEAST_ENGLISH_10_AJ,single,,,Definition of Nominalization (turning words into nouns).,Nominalization means turning words into nouns.,,,,1
ATOM_0060,BEAST_ENGLISH_10_AK,single,,,Transforming Verbs into Nouns (Enjoy -> Enjoyment).,Jane shares the enjoyment of Indian food with her husband.,,,,1
ATOM_0061,BEAST_ENGLISH_10_AL,single,,,Transforming Adjectives into Nouns (Beautiful -> Beauty).,The beauty of London is why I am going there.,,,,1
ATOM_0062,BEAST_ENGLISH_10_AM,single,,,"The ""Noun of Noun"" Structure (Develop -> Development).",The engineers are discussing the development of the building.,,,,1
ATOM_0063,BEAST_ENGLISH_10_AN,single,,,Advanced Nominalization with Relational Verbs (Leads to).,The writing of books for pleasure leads to the provision of a passive income.,,,,1
ATOM_0064,BEAST_ENGLISH_11_AO,single,,,Core definitions: Prefix (before) and Suffix (after).,"A prefix is something that goes before a word."" and ""Suffixes are things that go afterwards.",,,,1
ATOM_0065,BEAST_ENGLISH_11_AP,single,,,Suffix -able indicates ability.,"Any verb plus able, it's possible to do this thing.",,,,1
ATOM_0066,BEAST_ENGLISH_11_AQ,single,,,Suffix -ish softens time or adjectives.,Ish with a time means not exactly this time.,,,,1
ATOM_0067,BEAST_ENGLISH_11_AR,single,,,Prefix un- means not complete or absent.,"Un means not, but more like not complete.",,,,1
ATOM_0068,BEAST_ENGLISH_11_AS,single,,,Prefix un- can also mean to reverse an action.,Un can also mean to reverse an action.,,,,1
ATOM_0069,BEAST_ENGLISH_12_AT,single,,,Prefix dis- indicates the opposite or active negation.,"Dis talks about the negation, the opposite of something.",,,,1
ATOM_0070,BEAST_ENGLISH_12_AU,single,,,Prefix mis- refers to a mistake.,"Miss, think of it like a mistake.",,,,1
ATOM_0071,BEAST_ENGLISH_12_AV,single,,,"Prefixes im-, in-, ir- spelling rules.","Use im with words that begin with P, M, or B.",,,,1
ATOM_0072,BEAST_ENGLISH_12_AW,single,,,Insecure (feeling) vs. Unsecure (safety).,Insecure says that you are not confident about yourself.,,,,1
ATOM_0073,BEAST_ENGLISH_12_AX,single,,,Prefix re- means to repeat.,"When you want to say repeat something, do it again, add re before the verb.",,,,1
ATOM_0074,BEAST_ENGLISH_13_AY,single,,,Spoken language is built from segments: consonants (bricks) and vowels (mortar).,You can look at language as a building and think of consonants as the bricks and the vowels as a mortar that connects the bricks together.,,,,1
ATOM_0075,BEAST_ENGLISH_13_AZ,single,,,"Suprasegmentals are features ""beyond the segment"" that emerge only through comparison.","Suprasegmental is a word made of supra, the prefix beyond, and segment: beyond the segment level. You will get to super segmental features when you compare segments to each other, you put them in a contrast.",,,,1
ATOM_0076,BEAST_ENGLISH_13_BA,single,,,Length is the relative duration of a sound.,"In English, stress can affect length.",,,,1
ATOM_0077,BEAST_ENGLISH_13_BB,single,,,"Stress can alter a word's meaning, pitch, and sound properties.",Stress in English can also result in exaggerated pitch; it can make a low pitch lower and it can make a high pitch higher.,,,,1
ATOM_0078,BEAST_ENGLISH_13_BE,single,,,"Intonation is the pitch pattern at the sentence level, which can change meaning.",Pitch pattern at sentence level is called intonation. Voice pitch can change with the rate of vibration of the vocal folds independently of stress.,,,,1
ATOM_0079,BEAST_ENGLISH_14_BF,single,,,"Linguistically, only the relative values of pitch matter, not the absolute values.","It is their relative values, not their absolute values, that matter linguistically.",,,,1
ATOM_0080,BEAST_ENGLISH_14_BG,single,,,The IPA chart has a dedicated section for suprasegmental symbols.,The instructor points out that the International Phonetic Alphabet (IPA) chart provides a completely separate set of symbols specifically for suprasegmentals.,,,,1
ATOM_0081,BEAST_ENGLISH_15_BH,single,,,Thought groups involve using short pauses to break down sentences.,,,,,1
ATOM_0082,BEAST_ENGLISH_15_BI,single,,,English is a stress-timed language with regular intervals.,,,,,1
ATOM_0083,BEAST_ENGLISH_15_BJ,single,,,Linking occurs when the end of one word blends directly into the start of the next word.,,,,,1
ATOM_0084,BEAST_ENGLISH_15_BK,single,,,Shadowing is actively repeating a text simultaneously to absorb natural rhythm.,,,,,1
ATOM_0085,BEAST_ENGLISH_16_BL,single,,,"Connected speech involves changing, losing, or adding sounds.","What happens in connected speech is that sounds change, sounds are lost, and sounds are added.",,,,1
ATOM_0086,BEAST_ENGLISH_16_BM,single,,,Assimilation is when a sound changes to be more like its neighbor.,"A sound changes to become more similar, so more similar, assimilation.",,,,1
ATOM_0087,BEAST_ENGLISH_16_BN,single,,,Preparing for /b/ by closing lips early changes /n/ to /m/.,"Because we get ready to say 'Barcelona' we close our lips already, and instead of an 'n' sound we say 'm'.",,,,1
ATOM_0088,BEAST_ENGLISH_16_BO,single,,,Elision is the deletion or loss of sounds.,"When sounds are lost they're deleted, so we call this elision.",,,,1
ATOM_0089,BEAST_ENGLISH_16_BP,single,,,Final 't' or 'd' sounds are the most commonly lost in English.,"Most of the time in English, that means that a final 't' or 'd' sound is lost.",,,,1
ATOM_0090,BEAST_ENGLISH_17_BQ,single,,,Intrusion is the addition of a new sound.,"Sounds are added, there's intrusion from a new sound.",,,,1
ATOM_0091,BEAST_ENGLISH_17_BR,single,,,"Only 'w', 'y', or 'r' sounds are usually added in intrusion.","There are usually only three sounds that can be added. We either have a 'w', a 'y', or an 'r' sound added.",,,,1
ATOM_0092,BEAST_ENGLISH_18_BS,single,,,Syllabic L [l̩] takes over the entire syllable when the vowel is reduced.,"The consonant essentially takes over the role of the vowel, like in bottle or apple.",,,,1
ATOM_0093,BEAST_ENGLISH_18_BT,single,,,"Syllabic N [n̩] frequently occurs after alveolar consonants like /t/ or /s/, often utilizing a glottal stop.","In American English, when a /t/ precedes a syllabic /n/, the /t/ is typically pronounced as a glottal stop, like in button.",,,,1
ATOM_0094,BEAST_ENGLISH_18_BU,single,,,"Syllabic M [m̩] acts as its own syllable, often found in words ending in ""thm"" or ""sm"".","Syllabic M regularly occurs in words ending in 'thm' or 'sm', such as rhythm and chasm.",,,,1
ATOM_0095,BEAST_GERMAN_01_A,single,,,German l is lighter than English l.,,,,,1
ATOM_0096,BEAST_GERMAN_01_B,single,,,[ŋ] uses the back of the tongue and should not end with a hard g.,,,,Singen [ˈzɪŋən],1
ATOM_0097,BEAST_GERMAN_01_C,single,,,[ʃ] in German pulls the tongue farther back for a sharper sch feel.,,,,,1
ATOM_0098,BEAST_GERMAN_01_D,single,,,German uses glottal stops often before vowel-starting words.,,,,,1
ATOM_0099,BEAST_GERMAN_01_E,single,,,Clusters join two consonants into one fast combined move.,,,,,1
ATOM_0100,BEAST_GERMAN_02_F,single,,,German [r] is made deep in the throat with the back of the tongue.,,,,,1
ATOM_0101,BEAST_GERMAN_02_G,single,,,"The ach-laut [x] is a tight back-of-mouth air sound, like controlled choking air.",,,,,1
ATOM_0102,BEAST_GERMAN_02_H,single,,,The ich-laut [ç] is a hissing sound made farther forward from a y-like tongue position.,,,,,1
ATOM_0103,BEAST_GERMAN_03_I,single,,,The long `[aː]` sound pushes the tongue slightly closer to the front of the mouth.,,,,,1
ATOM_0104,BEAST_GERMAN_03_J,single,,,The `[yː]` sound takes a high front tongue position but rounds the lips.,,,,,1
ATOM_0105,BEAST_GERMAN_03_K,single,,,The `[øː]` sound moves the tongue slightly down but keeps the lips round.,,,,,1
ATOM_0106,BEAST_GERMAN_03_L,single,,,The `[œ]` sound uses a mid-mouth tongue shape with rounded lips.,,,,,1
ATOM_0107,BEAST_GERMAN_03_M,single,,,The `[ɔ]` sound starts in the back-center of the mouth with round lips.,,,,,1
ATOM_0108,BEAST_GERMAN_04_N,single,,,The `[ʏ]` sound uses a slightly lower tongue position while keeping lips round.,,,,,1
ATOM_0109,BEAST_GERMAN_04_O,single,,,The unaccented `[ɐ]` sound is placed extremely close to the English `[ʌ]` vowel.,,,,,1
ATOM_0110,BEAST_GERMAN_04_P,single,,,Germans transition to the second vowel in a diphthong much faster than English speakers.,,,,,1
ATOM_0111,BEAST_GERMAN_04_Q,single,,,"For the `[ɔʏ̯]` sound, the lips must stay tight and rounded all the way to the end.",,,,,1
ATOM_0112,BEAST_GERMAN_05_R,single,,,"Compound words keep their original stress patterns, but one primary stress dominates the whole word.",,,,,1
ATOM_0113,BEAST_GERMAN_05_S,single,,,Voiced consonants harden into unvoiced sounds at the absolute end of a word.,,,,,1
ATOM_0114,BEAST_GERMAN_05_T,single,,,Word elements keep their strict pronunciation rules even when trapped inside compound words.,,,,,1
ATOM_0115,BEAST_GERMAN_05_U,single,,,"To pronounce a short vowel, move to the consonants early and hold them.",,,,,1
ATOM_0116,BEAST_GERMAN_05_V,single,,,Short vowels almost always come before two or more consonants.,,,,,1
ATOM_0117,BEAST_GERMAN_06_W,single,,,Long vowels usually come before one or fewer consonants.,,,,,1
ATOM_0118,BEAST_GERMAN_06_X,single,,,The letter 'h' acts as a vowel lengthener.,,,,,1
ATOM_0119,BEAST_GERMAN_07_Y,single,,,The /z/ sound never starts a word in Standard German.,,"A yak stands at the corner of the street. It holds a large sign with the word Symbol [zʏmˈboːl]. It tries to make a buzzing sound at the very beginning, but a giant red ""X"" stops it. A spiky-haired martial artist steps in to help the yak, showing that the buzz cannot start the word. ""The alveolar fricative /z/ never occurs word-initially in Standard German. A word like ""symbol"" is pronounced with a voiced alveolar fricative: Symbol."" IPA: Symbol [zʏmˈboːl]",,,1
ATOM_0120,BEAST_GERMAN_07_Z,single,,,The /ŋ/ sound only happens at the end of syllables.,The velar nasal /ŋ/ only occurs at the end of syllables (syllable coda).,"Zeus throws a lightning bolt at the yak's sign, breaking it into pieces. He grabs a singing block, representing the /ŋ/ sound, and forces it to sit at the absolute tail end of the broken piece. He yells at the yak that the sound is trapped at the end.",,,1
ATOM_0121,BEAST_GERMAN_07_AA,single,,,Long vowels get short when they are not stressed.,,"An aardvark ignores Zeus and pulls on a long rubber band that says Moral [moˈʁaːl]. It pulls out another band that says Metan [meˈtaːn]. Because the aardvark is very relaxed and not stressed, it lets both bands snap back so they become very short. ""Most long vowels can be shortened when they appear in an unstressed position (e.g., Moral, Metan)."" IPA: Moral [moˈʁaːl], Metan [meˈtaːn]",,,1
ATOM_0122,BEAST_GERMAN_07_AB,single,,,The weak 'e' sound can be completely dropped.,,"An Abyssinian cat plays with the aardvark's snapped bands. It finds a soft, weak letter 'e' in the word großem [ˈɡʁoːsəm]. The cat pushes the weak letter into a hole in the street, dropping it entirely so it vanishes. ""In words like großem, the schwa can be dropped entirely."" IPA: großem [ˈɡʁoːsəm]",,,1
ATOM_0123,BEAST_GERMAN_07_AC,single,,,The 'r' can be rolled loudly in southern areas or in singing.,"Alveolar trill: Mostly used in southern dialects (Bavarian, Franconian) and in singing.","A giant acorn rolls out of the hole the cat made. It bounces fast on the front of a tongue model, rolling loudly. The acorn wears a southern alpine hat and sings a loud opera song to the cat and the yak.",,,1
ATOM_0124,BEAST_GERMAN_08_AD,single,,,The 'r' can vibrate far back in the throat as a flexible option.,Uvular trill: Can be used as a free variant of the voiced uvular fricative.,"On the next street, an adder snake slithers around freely. It meets a tall villain in black armor, who points to the deep back of his throat. The snake vibrates its tail far back on a throat model, sliding around as a free and flexible option.",,,1
ATOM_0125,BEAST_GERMAN_08_AE,single,,,The 'r' can be a friction sound pushed more to the front.,Voiced velar fricative: A more fronted variant.,"An aerialist swings on a trapeze above the snake. She swings her body forward to reach the front part of the villain's throat model. She rubs the surface to make a smooth, vibrating friction sound that sits more to the front.",,,1
ATOM_0126,BEAST_GERMAN_08_AF,zoned,Z1,Additional notes (non-mnemonic),Reharse the german alphabet depicted here:,,The main difference lies in **how air is obstructed** (manner of articulation) and **where it happens** (place of articulation).,,,1
ATOM_0127,BEAST_PIANO_01_A,zoned,Z1,Middle C home marker,A thick white web wraps the middle C key between high and low staff signs.,The distance between one note and the next note with the same name.,"Arachne sits at a street piano as Johann Sebastian Bach points to one wrapped middle key. Her thick white web ties that key upward to a high staff sign and downward to a low staff sign. Around her waist, seven bright feathers circle in the order C D E F G A B and then loop back to C. With her long legs, she leaps from one C-key house to the next C-key house, showing the same note name in a farther place.",,,1
ATOM_0128,BEAST_PIANO_01_A,zoned,Z2,Repeating note names,Seven bright feathers form a C D E F G A B loop across the piano keys.,The distance between one note and the next note with the same name.,"Arachne sits at a street piano as Johann Sebastian Bach points to one wrapped middle key. Her thick white web ties that key upward to a high staff sign and downward to a low staff sign. Around her waist, seven bright feathers circle in the order C D E F G A B and then loop back to C. With her long legs, she leaps from one C-key house to the next C-key house, showing the same note name in a farther place.",,,2
ATOM_0129,BEAST_PIANO_01_A,zoned,Z3,Octave jump,Arachne springs from one C-key house to the next C-key house with the same letter farther away.,The distance between one note and the next note with the same name.,"Arachne sits at a street piano as Johann Sebastian Bach points to one wrapped middle key. Her thick white web ties that key upward to a high staff sign and downward to a low staff sign. Around her waist, seven bright feathers circle in the order C D E F G A B and then loop back to C. With her long legs, she leaps from one C-key house to the next C-key house, showing the same note name in a farther place.",,,3
ATOM_0130,BEAST_PIANO_01_B,zoned,Z1,Five-line staff,The bird scratches five long black staff lines across the road.,Combination of treble and bass staves connected by a brace.,"The bird of paradise lands beside the piano and drags one claw across the street, scratching five long black lines like a music page laid flat on the road. Its wings fold into a huge bass clef shape that sinks low on the staff. Ludwig van Beethoven locks a metal brace from the bird’s beak around two staffs, joining treble and bass into one bigger reading system.",,,1
ATOM_0131,BEAST_PIANO_01_B,zoned,Z2,Bass clef low notes,Its folded wings form a heavy bass clef shape low on the lines.,Combination of treble and bass staves connected by a brace.,"The bird of paradise lands beside the piano and drags one claw across the street, scratching five long black lines like a music page laid flat on the road. Its wings fold into a huge bass clef shape that sinks low on the staff. Ludwig van Beethoven locks a metal brace from the bird’s beak around two staffs, joining treble and bass into one bigger reading system.",,,2
ATOM_0132,BEAST_PIANO_01_B,zoned,Z3,Grand staff brace,"A large metal brace hangs from its beak, joining two music staffs into one system.",Combination of treble and bass staves connected by a brace.,"The bird of paradise lands beside the piano and drags one claw across the street, scratching five long black lines like a music page laid flat on the road. Its wings fold into a huge bass clef shape that sinks low on the staff. Ludwig van Beethoven locks a metal brace from the bird’s beak around two staffs, joining treble and bass into one bigger reading system.",,,3
ATOM_0133,BEAST_PIANO_01_C,zoned,Z1,Bass C landmark,The cat carries a small flag planted on a low C key.,F note landmark used for reading notes in the bass clef.,"A cat walks low across the bass staff with two clear landmarks attached to its body. On one side, it plants a small flag on a painted C key, saying without words, “Find me first when reading low notes.” On the other side, it wears a harmless tooth-shaped ring around a low F key, making F feel like a second easy street marker instead of a random note.",,,1
ATOM_0134,BEAST_PIANO_01_C,zoned,Z2,Bass F landmark,The cat wears a soft tooth-shaped ring gently locked around a low F key.,F note landmark used for reading notes in the bass clef.,"A cat walks low across the bass staff with two clear landmarks attached to its body. On one side, it plants a small flag on a painted C key, saying without words, “Find me first when reading low notes.” On the other side, it wears a harmless tooth-shaped ring around a low F key, making F feel like a second easy street marker instead of a random note.",,,2
ATOM_0135,BEAST_PIANO_01_D,zoned,Z1,Steady beat,The dragon stamps one claw on the road again and again while street lamps blink with each pulse.,The speed at which the beat is played.,"A dragon stands over the street piano and stamps one claw on the road in a steady pulse. Each stamp makes the street lamps blink like a heart inside the music. With its other claw, the dragon turns a speed dial: when the dial rises, the stamps come faster; when it falls, the stamps slow into heavy steps.",,,1
ATOM_0136,BEAST_PIANO_01_D,zoned,Z2,Tempo speed,"The dragon turns a speed dial beside the piano, making the pulse faster or slower.",The speed at which the beat is played.,"A dragon stands over the street piano and stamps one claw on the road in a steady pulse. Each stamp makes the street lamps blink like a heart inside the music. With its other claw, the dragon turns a speed dial: when the dial rises, the stamps come faster; when it falls, the stamps slow into heavy steps.",,,2
ATOM_0137,BEAST_PIANO_01_E,single,,,A time signature tells how beats fit inside each measure.,Notation that indicates how many beats are in each measure and which note value receives the beat.,An eagle draws small boxes on the road like measures. Wolfgang Amadeus Mozart drops beat stones into each box and points to the note shape that gets one beat. The boxes show how many beats belong inside each measure and which note value receives the beat.,,,1
ATOM_0138,BEAST_PIANO_02_F,zoned,Z1,Whole note,The frog holds one big hollow note shield while four drum hits shake the street.,Note lasting one beat in common time.,"A frog stands inside a painted measure grid. First, it lifts a big hollow note like a round shield, and four heavy drum hits shake the street before the shield lowers. Then it carries a note with a stem and takes exactly two steps across the measure. Finally, it presses one black note shape into wet clay as a single loud footstep lands, and the note is done.",,,1
ATOM_0139,BEAST_PIANO_02_F,zoned,Z2,Half note,The frog carries a note with a stem and takes exactly two steps.,Note lasting one beat in common time.,"A frog stands inside a painted measure grid. First, it lifts a big hollow note like a round shield, and four heavy drum hits shake the street before the shield lowers. Then it carries a note with a stem and takes exactly two steps across the measure. Finally, it presses one black note shape into wet clay as a single loud footstep lands, and the note is done.",,,2
ATOM_0140,BEAST_PIANO_02_F,zoned,Z3,Quarter note,The frog presses one black note shape into wet clay with one loud footstep.,Note lasting one beat in common time.,"A frog stands inside a painted measure grid. First, it lifts a big hollow note like a round shield, and four heavy drum hits shake the street before the shield lowers. Then it carries a note with a stem and takes exactly two steps across the measure. Finally, it presses one black note shape into wet clay as a single loud footstep lands, and the note is done.",,,3
ATOM_0141,BEAST_PIANO_02_G,single,,,A double bar line marks the end of a part or piece.,Symbol used to mark the end of a section or piece of music.,"A goat drops two thick black bars across the street staff. Every sound stops at those bars, like a gate closing at the end.",,,1
ATOM_0142,BEAST_PIANO_02_H,zoned,Z1,Rounded fingers,The Hydra balances a small orange under its softly arched playing hand.,Keep the thumb relaxed and naturally positioned.,"A Hydra places one playing hand over the piano keys while Claude Debussy watches the hand shape. A small orange under the hand keeps the fingers naturally rounded and prevents collapse. Each glowing fingertip pad presses the keys like a cushion, not a claw. Beside the hand, a tiny thumb-shaped pillow rests loosely, reminding the thumb not to push or grip.",,,1
ATOM_0143,BEAST_PIANO_02_H,zoned,Z2,Fingertip pads,Its glowing soft fingertip pads press the keys instead of sharp claws.,Keep the thumb relaxed and naturally positioned.,"A Hydra places one playing hand over the piano keys while Claude Debussy watches the hand shape. A small orange under the hand keeps the fingers naturally rounded and prevents collapse. Each glowing fingertip pad presses the keys like a cushion, not a claw. Beside the hand, a tiny thumb-shaped pillow rests loosely, reminding the thumb not to push or grip.",,,2
ATOM_0144,BEAST_PIANO_02_H,zoned,Z3,Loose thumb,A tiny thumb-shaped pillow rests beside the Hydra’s relaxed hand.,Keep the thumb relaxed and naturally positioned.,"A Hydra places one playing hand over the piano keys while Claude Debussy watches the hand shape. A small orange under the hand keeps the fingers naturally rounded and prevents collapse. Each glowing fingertip pad presses the keys like a cushion, not a claw. Beside the hand, a tiny thumb-shaped pillow rests loosely, reminding the thumb not to push or grip.",,,3
ATOM_0145,BEAST_PIANO_02_I,zoned,Z1,Gentle arm weight,The imp lowers a wet sponge onto a piano key so water slowly squeezes out.,Transfer the arm's weight efficiently into the fingertips.,"An imp sits at the street piano wearing a heavy cloth sleeve that hangs from shoulder to fingertip. The sleeve shows the arm’s weight flowing down into the key while the finger stays calm. With the same hand, the imp lowers a wet sponge onto a piano key so water slowly squeezes out without any sharp stab.",,,1
ATOM_0146,BEAST_PIANO_02_I,zoned,Z2,Weight transfer,"The imp wears a heavy cloth sleeve from shoulder to fingertip, letting weight flow into the key.",Transfer the arm's weight efficiently into the fingertips.,"An imp sits at the street piano wearing a heavy cloth sleeve that hangs from shoulder to fingertip. The sleeve shows the arm’s weight flowing down into the key while the finger stays calm. With the same hand, the imp lowers a wet sponge onto a piano key so water slowly squeezes out without any sharp stab.",,,2
ATOM_0147,BEAST_PIANO_02_J,zoned,Z1,Raised flexible wrists,The jester balances soft cushions under lifted wrists above the keys.,Allow the elbows to remain slightly away from the body.,"A jester sits at the piano while Maurice Ravel places soft cushions under the jester’s wrists. The wrists stay slightly raised and flexible, not stiff. The jester also opens wing-like sleeves a little away from the body, leaving visible space at both elbows instead of clamping them inward.",,,1
ATOM_0148,BEAST_PIANO_02_J,zoned,Z2,Elbows away,The jester opens wing-like sleeves slightly away from the body.,Allow the elbows to remain slightly away from the body.,"A jester sits at the piano while Maurice Ravel places soft cushions under the jester’s wrists. The wrists stay slightly raised and flexible, not stiff. The jester also opens wing-like sleeves a little away from the body, leaving visible space at both elbows instead of clamping them inward.",,,2
ATOM_0149,BEAST_PIANO_03_K,single,,,Practice rhythm and pitch apart before putting them together.,Practice timing and note locations independently before combining them.,A kitten divides the street piano into two clear work tables. One table holds a drum for rhythm and timing. The other table holds note cards for pitch and key names. Only after both tables are clear can rhythm and pitch come together.,,,1
ATOM_0150,BEAST_PIANO_03_L,zoned,Z1,Tonic home note,The lion pulls a tiny piano house to one note and parks there.,Finish C-major exercises on C to reinforce tonal resolution.,"A lion pulls a tiny piano house along the street and parks it on one note, making that note feel like home. Beside the house, Erik Satie walks a short C-major path and stops at a bright C finish stone. The whole road feels settled when the path ends on C.",,,1
ATOM_0151,BEAST_PIANO_03_L,zoned,Z2,C-major resolution,The lion places a bright C finish stone at the end of a C-major path.,Finish C-major exercises on C to reinforce tonal resolution.,"A lion pulls a tiny piano house along the street and parks it on one note, making that note feel like home. Beside the house, Erik Satie walks a short C-major path and stops at a bright C finish stone. The whole road feels settled when the path ends on C.",,,2
ATOM_0152,BEAST_PIANO_03_M,zoned,Z1,Half step,The marmoset squeezes between two side-by-side piano keys with no space between them.,A distance equal to two half steps.,"A marmoset crouches between two side-by-side piano keys and finds no space at all, its nose bumping both keys at once. Then it springs away and leaps over exactly one glowing middle key before landing on the next key. The tight squeeze shows the half step, and the one-key leap shows the whole step.",,,1
ATOM_0153,BEAST_PIANO_03_M,zoned,Z2,Whole step,The marmoset leaps over exactly one glowing skipped key and lands on the next key.,A distance equal to two half steps.,"A marmoset crouches between two side-by-side piano keys and finds no space at all, its nose bumping both keys at once. Then it springs away and leaps over exactly one glowing middle key before landing on the next key. The tight squeeze shows the half step, and the one-key leap shows the whole step.",,,2
ATOM_0154,BEAST_PIANO_03_N,zoned,Z1,Pentascale,The Neanderthal carries a cracked acorn with five tiny piano keys growing from it.,,The Neanderthal carries a cracked acorn with five tiny piano keys growing from it.,,,1
ATOM_0155,BEAST_PIANO_03_O,zoned,Z1,Major scale sound,The owl lands on eight sung step markers that rise and fall like do-re-mi.,Any note can be the tonic of a major scale when the correct interval formula is applied.,"An owl spreads its wings above the street piano and lands on eight sung step markers while Frédéric Chopin watches the familiar rise and fall. The owl then moves a golden start flag from a white key to a black key. Each time, the same gap path appears under its claws, showing that any note can begin the major scale if the pattern is correct.",,,1
ATOM_0156,BEAST_PIANO_03_O,zoned,Z2,Any starting key,The owl carries a golden start flag that moves between black and white keys while the same gap path appears.,Any note can be the tonic of a major scale when the correct interval formula is applied.,"An owl spreads its wings above the street piano and lands on eight sung step markers while Frédéric Chopin watches the familiar rise and fall. The owl then moves a golden start flag from a white key to a black key. Each time, the same gap path appears under its claws, showing that any note can begin the major scale if the pattern is correct.",,,2
ATOM_0157,BEAST_PIANO_04_P,zoned,Z1,C major white keys,The panther wears white mushrooms growing only along its white-key collar.,Accidental that raises a note by one half step.,"A panther crouches across the street piano with white mushrooms growing only along a white-key collar, while the black keys stay bare like dark rocks. On one side, it carries a drooping key charm pushed gently down and left, showing a flat lowering the note by one half step. On the other side, it carries a bright spike charm that lifts a key upward and right, showing a sharp raising the note by one half step.",,,1
ATOM_0158,BEAST_PIANO_04_P,zoned,Z2,Flat lowers,The panther carries a drooping key charm pushed down and left.,Accidental that raises a note by one half step.,"A panther crouches across the street piano with white mushrooms growing only along a white-key collar, while the black keys stay bare like dark rocks. On one side, it carries a drooping key charm pushed gently down and left, showing a flat lowering the note by one half step. On the other side, it carries a bright spike charm that lifts a key upward and right, showing a sharp raising the note by one half step.",,,2
ATOM_0159,BEAST_PIANO_04_P,zoned,Z3,Sharp raises,The panther carries a bright spike charm lifting a key upward and right.,Accidental that raises a note by one half step.,"A panther crouches across the street piano with white mushrooms growing only along a white-key collar, while the black keys stay bare like dark rocks. On one side, it carries a drooping key charm pushed gently down and left, showing a flat lowering the note by one half step. On the other side, it carries a bright spike charm that lifts a key upward and right, showing a sharp raising the note by one half step.",,,3
ATOM_0160,BEAST_PIANO_04_Q,zoned,Z1,Chord,Quetzalcoatl presses two piano keys at the same time with a wide coiled body.,A three-note chord built from a root note with alternating scale tones above it.,"Quetzalcoatl coils around the piano while Alan Turing stands nearby holding a third key card. With a wide part of its body, Quetzalcoatl presses two keys at the same time so more than one sound becomes harmony. Then it stacks three piano stones into a simple tower: root, skip one, next, skip one, next.",,,1
ATOM_0161,BEAST_PIANO_04_Q,zoned,Z2,Triad,"Quetzalcoatl stacks three piano stones labeled by position: root, skip, next, skip, next.",A three-note chord built from a root note with alternating scale tones above it.,"Quetzalcoatl coils around the piano while Alan Turing stands nearby holding a third key card. With a wide part of its body, Quetzalcoatl presses two keys at the same time so more than one sound becomes harmony. Then it stacks three piano stones into a simple tower: root, skip one, next, skip one, next.",,,2
ATOM_0162,BEAST_PIANO_04_R,single,,,The damper pedal keeps notes ringing after the keys are released.,Pedal that sustains notes after the keys are released.,"A rat presses the piano pedal with its heavy tail. The keys are let go, but the sound keeps floating over the street like mist.",,,1
ATOM_0163,BEAST_PIANO_05_S,single,,,Chords are constructed by skipping keys between the notes you play.,for whatever note you start on the next notes that follow will skip over keys,"A giant floating skull rolls along the street, explicitly skipping over every other painted sidewalk square. With a deafening jaw-clack, it blasts the exact rule into the air as bright neon letters: ""for whatever note you start on the next notes that follow will skip over keys"".",visual,,1
ATOM_0164,BEAST_PIANO_05_T,single,,,"Primary chords (I, IV, V) produce a cheerful, major sound.",they all have a cheerful sound they all sound what we call major,"A skyscraper-sized toucan flaps its wings to project a blindingly bright rainbow over the buildings. As the light flashes, the toucan squawks the exact explanation into the sky: ""they all have a cheerful sound they all sound what we call major"".",visual,,1
ATOM_0165,BEAST_PIANO_05_U,single,,,"Secondary chords (ii, iii, vi) produce a darker, minor sound in major keys.",these three red chords which i have written are called the secondary chords and when we play secondary chords in major keys they always have a minor sound,"A shadowy unicorn bleeds thick red ink from its horn onto the pavement to draw three dark circles. It whispers the chilling words that physically freeze the air around it: ""these three red chords which i have written are called the secondary chords and when we play secondary chords in major keys they always have a minor sound"".",tactile,,1
ATOM_0166,BEAST_PIANO_05_V,single,,,"Diminished chords have an edgy, dissonant sound because they skip fewer keys.",this one is called diminished so when you play a diminished chord it has um it has more of a dissonant sound,"A vulture violently scratches a chalkboard wall on the street with its talons, letting out an ear-piercing screech. The screech shapes itself into grating, visible soundwaves that say: ""this one is called diminished so when you play a diminished chord it has um it has more of a dissonant sound"".",auditory,,1
ATOM_0167,BEAST_PIANO_05_W,single,,,A chord is in root position when the root note is on the very bottom.,they're in root position if we have the root letter on the bottom,"A super-strong wombat lifts a heavy piano completely upside down with one paw while Ada Lovelace watches in awe. It jams its claws into the lowest wooden board to carve the rule deeply into the wood: ""they're in root position if we have the root letter on the bottom"".",tactile,,1
ATOM_0168,BEAST_PIANO_06_X,single,,,An inversion changes which note sits at the bottom of the chord.,an inversion just means that the note that's played at the very bottom is a different one of these notes,"Xena, warrior woman levitates high in the air and flips completely upside down, her heavy boots pressing against an invisible ceiling. From above, she shouts down to Neo on the street below: ""an inversion just means that the note that's played at the very bottom is a different one of these notes"".",visual,,1
ATOM_0169,BEAST_PIANO_06_Y,zoned,Z1,Z1 Head | Harmony combination,"- Many notes came flying and gathered together a single note. That single note was growing in size, getting bigger and bigger, till it was so heavy that it fell onto the yaks head.",,"- Many notes came flying and gathered together a single note. That single note was growing in size, getting bigger and bigger, till it was so heavy that it fell onto the yaks head.",,,1
ATOM_0170,BEAST_PIANO_06_Y,zoned,Z2,Z2 Forelimbs | Triad unit,stamping three distinct lightning bolts into the pavement,,stamping three distinct lightning bolts into the pavement · sensory: tactile ✋,tactile,,2
ATOM_0171,BEAST_PIANO_06_Z,zoned,Z1,Z1 Head | Consonant rest,"resting his cheek heavily against a massive, calming iron ship anchor","Composers use dissonance intentionally to create emotional tension, which typically drives the music forward","Zeus rests his cheek heavily against a massive iron ship anchor that instantly smooths the rough pavement into calm glass, sighing: ""Consonant chords provide a sense of rest and anchor the musical piece."" Suddenly, he grips two pieces of sheet metal with his hands and violently scratches them together, shooting burning, loud sparks while roaring: ""Composers use dissonance intentionally to create emotional tension, which typically drives the music forward"".",tactile,,1
ATOM_0172,BEAST_PIANO_06_Z,zoned,Z2,Z2 Forelimbs | Dissonant tension,violently scratching sheet metal to shoot burning sparks,"Composers use dissonance intentionally to create emotional tension, which typically drives the music forward","Zeus rests his cheek heavily against a massive iron ship anchor that instantly smooths the rough pavement into calm glass, sighing: ""Consonant chords provide a sense of rest and anchor the musical piece."" Suddenly, he grips two pieces of sheet metal with his hands and violently scratches them together, shooting burning, loud sparks while roaring: ""Composers use dissonance intentionally to create emotional tension, which typically drives the music forward"".",auditory,,2
ATOM_0173,BEAST_PIANO_06_AA,single,,,A chord progression is a sequence of chords that dictates the emotional arc and key of a song.,A chord progression is a specific sequence of chords played over time. This movement dictates the emotional arc of a song,"A colossal aardvark hops along a drawn timeline on the road while Neo tracks its path. With each heavy hop, the aardvark's fur shifts colors entirely from sad blue to angry red, echoing: ""A chord progression is a specific sequence of chords played over time. This movement dictates the emotional arc of a song"".",visual,,1
ATOM_0174,BEAST_PIANO_06_AB,single,,,Harmony provides the underlying context that can completely change the emotional feeling of the same melody.,"The exact same melody line can sound joyful, melancholic, or suspenseful depending entirely on the underlying harmony.","An Abyssinian cat creeps low under a glowing melody wire and transforms the literal street beneath its paws into freezing ice, then scorching fire, then soft grass. As the tactile environment shifts wildly, the cat hisses: ""The exact same melody line can sound joyful, melancholic, or suspenseful depending entirely on the underlying harmony.""",tactile,,1
ATOM_0175,BEAST_PIANO_07_AC,single,,,"An accidental is a symbol that alters a note's pitch temporarily, such as sharps, flats, or naturals.",An accidental is a symbol in musical notation that temporarily alters the pitch of a note.,"Goku throws a giant, glowing acorn that crashes into a metal street sign, warping the pole. As it hits, the acorn splits open and projects blinding, physical neon letters into the air: ""An accidental is a symbol in musical notation that temporarily alters the pitch of a note.""",visual,,1
ATOM_0176,BEAST_PIANO_07_AD,single,,,"A melody combines pitch and rhythm into a primary, cohesive musical line.","A melody is a linear succession of musical tones—combining pitch and rhythm—that the listener perceives as a single, cohesive entity.","A colossal adder slithers along a wooden fence, hissing a rhythm so loud it shatters glass. The snake bites its own tail to form a perfect ring, shaking the ground as it rattles out the thunderous words: ""A melody is a linear succession of musical tones—combining pitch and rhythm—that the listener perceives as a single, cohesive entity.""",auditory,,1
ATOM_0177,BEAST_PIANO_07_AE,zoned,Z1,Z1 Head | Phrase,"she catches a heavy, rough-textured punctuation mark with her teeth, biting down hard to create a resting point","A section is a larger, major structural block of a musical form (such as a verse, chorus, or bridge). A section is made up of multiple phrases combined together.","An aerialist swings upside down from a streetlamp, leaving a thick trail of burnt ozone smoke in the air. With her head, she catches a heavy, rough-textured punctuation mark in her teeth, biting down to physically carve out the rule: ""A phrase is a single musical thought or ""sentence"". It is the smallest structural unit that gives a sense of completion, typically ending with a musical resting point called a cadence."" Simultaneously, with her forelimbs, she grabs huge, glowing concrete highway segments and stacks them together like children's blocks, projecting blinding neon words from her palms: ""A section is a larger, major structural block of a musical form (such as a verse, chorus, or bridge). A section is made up of multiple phrases combined together.""",tactile,,1
ATOM_0178,BEAST_PIANO_07_AE,zoned,Z2,Z2 Forelimbs | Section,"she stacks huge, glowing concrete highway segments together like children's blocks using her hands","A section is a larger, major structural block of a musical form (such as a verse, chorus, or bridge). A section is made up of multiple phrases combined together.","An aerialist swings upside down from a streetlamp, leaving a thick trail of burnt ozone smoke in the air. With her head, she catches a heavy, rough-textured punctuation mark in her teeth, biting down to physically carve out the rule: ""A phrase is a single musical thought or ""sentence"". It is the smallest structural unit that gives a sense of completion, typically ending with a musical resting point called a cadence."" Simultaneously, with her forelimbs, she grabs huge, glowing concrete highway segments and stacks them together like children's blocks, projecting blinding neon words from her palms: ""A section is a larger, major structural block of a musical form (such as a verse, chorus, or bridge). A section is made up of multiple phrases combined together.""",visual,,2
ATOM_0179,BEAST_PIANO_08_AF,single,,,"A line note has a staff line passing directly through its center, similar to a bead on a string.",we would call this one a line note because it has a line going through the middle of it just like a bead on a string going right through the middle of the bead,"Marilyn Monroe watches in awe as an Afghan hound bites down hard on a massive, glowing glass bead. Suddenly, a razor-sharp, vibrating piano string shoots straight through the center of the bead and the hound's snout, sliding frictionlessly back and forth without causing a single scratch.",tactile,,1
ATOM_0180,BEAST_PIANO_08_AG,single,,,A space note is a musical note that rests entirely in the empty gap between two staff lines.,A space note sits completely between two staff lines without any line passing through it.,"Giant, glowing Agaric fungi sprout exclusively inside the floating gap between two thick metal power lines, hovering perfectly in the empty space. They forcefully expand until their caps form blindingly bright neon circles that fill the void without ever touching the wires above or below.",visual,,1
ATOM_0181,BEAST_PIANO_08_AH,single,,,A cadence is a harmonic progression at the end of a musical phrase that provides a sense of resolution or punctuation.,"A musical cadence is a progression of at least two chords that concludes a phrase, section, or piece of music.","A massive, semi-transparent cloud shaped like a human face floats above the street piano and lets out a deafening, echoing sigh that physically shakes the ground. The heavy soundwave slams into the pavement like a giant iron period mark at the exact end of a painted path, bringing all the chaotic street noise to an instantly calm, resolved silence.",auditory,,1
ATOM_0182,BEAST_PIANO_09_AI,single,,,Counting out loud and clapping physically reinforces the rhythm and prevents speed changes.,when we count in music we always count out loud this is so important um if we count in our heads we don't always notice if we stop counting or count a little slower or faster,"A colossal Airedale terrier claps its massive front paws together in a deafening rhythm while barking numbers out loud. The thunderous shockwaves physically push the surrounding street lamps into a perfect, steady line, preventing time itself from speeding up or slowing down.",auditory,,1
ATOM_0183,BEAST_PIANO_10_AJ,single,,,Stacked notes sharing a single stem mean the notes are played simultaneously.,these notes are lined up stacked with one stem can you guess what that might mean it means play the notes at the same time,"The towering Greek warrior Ajax slams his bronze shield into the pavement, splitting the street open. Elvis Presley points at him as Ajax perfectly balances three heavy boulders stacked vertically on a single spear stem, striking them all simultaneously with one sword swing so they explode into brilliant light.",visual,,1
ATOM_0184,BEAST_PIANO_10_AK,single,,,"Good posture involves sitting straight with the head lifted upward as if pulled by a string, while keeping the shoulders relaxed.",I'm imagining that my head is being almost lifted up by a little string someone's holding a hair on my head so I've got very good posture but at the same time my shoulders are relaxed,"An enormous Akita dog sits straight up on a street bench, its heavy head defying gravity by floating mid-air, suspended by a single, thin glowing string attached to one ear. Even as its snout pulls impossibly upward in perfect posture, its massive, furry shoulders completely melt downward into a puddle of relaxed jelly.",visual,,1
ATOM_0185,BEAST_SCIENCE_01_A,single,,,Descriptive evidence only tells what you saw in the sample. It does not say what the whole world does.,"It answers ""What happened in this specific test?""","A spider-woman, Arachne, finishes a small web in front of a wooden sign. A woman in a short lab coat with dark hair in a low bun, like Marie Curie, hands her a cup with exactly three marbles. Arachne ties each marble to one knot, only the group she can touch. She nods toward a gaudy long-tailed bird on a bench, the bird of paradise, which is already lifting a much bigger map toward the sky.",,,1
ATOM_0186,BEAST_SCIENCE_01_B,single,,,"Inferential evidence uses sample patterns to test ideas about a wider group, not only the people you tested.","It answers ""Can we confidently expect all users to behave this way?""","The bird of paradise flaps the big map and stamps a dark ink smudge (like a tiny �p� test mark) that flies off the small web toward the open sky. The woman in the lab coat points at the map, and the bird calls out the teacher�s line about the bigger �all users� question.",,,1
ATOM_0187,BEAST_SCIENCE_02_C,single,,,Old pricing methods fail because they ask customers to value a product completely by itself.,"""Most approaches to measuring WTP present customers with a product or service in isolation, as though their option is to either purchase it or go home empty-handed.""",Steve Jobs tries to sell a chocolate bar to a cat trapped inside an empty glass box. The cat just stares at the single item and ignores the dragon flying above. Steve realizes that locking the buyer in an empty room makes no sense for testing real value.,,,1
ATOM_0188,BEAST_SCIENCE_02_D,single,,,The comparative method fixes this by first asking what competing item you would buy instead.,"""What�s fundamentally different about our procedure is that rather than simply asking whether you would buy or not buy something, we first want an understanding of who the competition is.""",A giant dragon dives from the sky and shatters the cat's glass box with its claws. It drops three different competing candies on the floor. It completely changes the game by demanding to know which of these rivals the buyer would pick if they walked away from the first product.,,,1
ATOM_0189,BEAST_SCIENCE_02_E,single,,,"To find the right price, this method asks what cost makes the customer perfectly equal in their choice between the two items.","""What price for the KitKat would make you equally happy to buy the KitKat for this price or buy the M&Ms for $1.10?""","A large eagle sits comfortably on the dragon's tail holding a small balancing scale. It places Steve Jobs' chocolate on one side and the dragon's rival candy on the other. It squawks loudly at the buyers, asking exactly what dollar amount would make them feel exactly as happy to buy either one.",,,1
ATOM_0190,BEAST_SCIENCE_02_F,single,,,"This strategy separates people who actually want the product from people who want nothing, revealing the true value.","""Thanks to CMV�s ability to identify these different segments (that is, �buy� and �no-buy� groups), the researchers gained important insight into why some consumers had much lower WTP than others.""","A slimy frog leaps through the market, knocking over the eagle's scale and ignoring the final at the end of the street. It aggressively uses its long tongue to separate the crowd into two distinct groups: those who actually eat candy, and those who would never buy any sweets at all. By isolating the fake buyers, the true price stands out clearly.",,,1
ATOM_0191,BEAST_SCIENCE_03_G,single,,,Conjoint analysis is a powerful way to make product features better.,,,,,1
ATOM_0192,BEAST_SCIENCE_03_H,single,,,"The method forces choices, so it is often called trade-off analysis.",,,,,1
ATOM_0193,BEAST_SCIENCE_03_I,single,,,Data is gathered by having people do an exercise called the choice task.,,,,,1
ATOM_0194,BEAST_SCIENCE_03_J,single,,,The process uses a probabilistic methodology to find patterns in the choices.,,,,,1
ATOM_0195,BEAST_SCIENCE_03_K,single,,,A part-worth utility score shows how a specific feature level affects the chance of selection.,,,,,1
ATOM_0196,BEAST_SCIENCE_04_L,single,,,Total utility is calculated by summing the appeal of all the product's parts.,,,,,1
ATOM_0197,BEAST_SCIENCE_04_M,single,,,Preference share is a statistical estimate of how likely a product is to be chosen over its competitors.,,,,,1
ATOM_0198,BEAST_SCIENCE_04_N,single,,,Preference share allows you to estimate potential demand for a new product launch.,,,,,1
ATOM_0199,BEAST_SCIENCE_05_O,single,,,"Selection bias leaves out an important group, which hurts the quality of the results.",,,,,1
ATOM_0200,BEAST_SCIENCE_05_P,single,,,Analysis bias happens when you focus on certain facts just to get the answer you wanted from the start.,,,,,1
ATOM_0201,BEAST_SCIENCE_05_Q,single,,,Confirmation bias is our natural habit of only looking for facts that support what we already believe.,,,,,1
ATOM_0202,BEAST_SCIENCE_05_R,single,,,Procedural bias happens when the way you collect data changes who answers or how they answer.,,,,,1
ATOM_0203,BEAST_SCIENCE_06_S,single,,,Fake science looks at the past and twists any random fact to fit the idea.,"""Freud was able to make just about any data point work in service of his theory.""","A tall marks the start of this street. A floating skull holds a notebook of past events. It tries to force puzzle pieces that do not fit into its eye sockets, twisting every old piece of information to match what it wants to believe. It completely ignores the vulture nearby building a wall.",,,1
ATOM_0204,BEAST_SCIENCE_06_T,single,,,Real science makes risky predictions about the future; ideas that cannot be tested or proven wrong have no scientific value.,"""Einstein's theory was truly risky... because if the future didn't match his predictions, then his theory would be conclusively disproven.""","A colorful toucan flies forward, completely ignoring the skull. Albert Einstein rides on the toucan's back as it leaps over a deep, hazy pit. Albert knows that jumping over the pit is a dangerous test, and if the toucan cannot be tested against the fall, their whole journey is completely useless.",,,1
ATOM_0205,BEAST_SCIENCE_06_U,single,,,"If you only look for facts that prove you are right, you will easily find them everywhere.","""It's easy to find confirmation of a theory if you're looking for it.""","A glowing unicorn wears a red Santa Claus hat and circles above the toucan. The unicorn only lowers its horn to pierce pieces of meat shaped exactly like the hat. By ignoring everything else on the street, the beast easily finds exactly what it wants to see.",,,1
ATOM_0206,BEAST_SCIENCE_06_V,single,,,"Real science tries to prove ideas wrong, because a strong scientific idea must clearly forbid certain things from happening.","""Science disconfirms while pseudoscience confirms.""","A vulture lands heavily in the middle of the road and builds a thick brick wall that stops the unicorn from running further. The bird spits out fake ideas and shakes its head firmly, using the wall to clearly block bad paths and look for flaws.",,,1
ATOM_0207,BEAST_SCIENCE_06_W,single,,,We cannot be absolutely certain; we just believe what is most likely based on the facts we have.,"""Knowledge was about probability and contingency.""","A heavy wombat stands at the end of the street. The wombat balances a set of scales on its broad back, carefully weighing Sherlock Holmes's notebook against a pile of fresh clues dropped by the floating skull. The wombat does not try to be perfect; it just finds which side is heavier right now.",,,1
ATOM_0208,BEAST_SCIENCE_07_X,single,,,A paradigm is a necessary map that provides the rules for mature research.,"""The paradigm provides a map whose details are elucidated by mature scientific research. And since nature is too complex and varied to be explored at random, that map is as essential as observation and experiment to science's continuing development. Through the theories they embody, paradigms prove to be constitutive of the research activity.""","Xena, warrior woman, holds a giant, detailed map of a complex science lab. She shows the yak that this map contains glowing rules that actually build and structure their entire research game.",,,1
ATOM_0209,BEAST_SCIENCE_07_Y,single,,,An anomaly is a puzzle piece that refuses to fit the established rules.,"""An anomaly occurs when a piece of the puzzle just won't fit.""","The heavy yak tries to use Xena's glowing rules to build a puzzle on the floor. However, the yak gets stuck holding a unique, lightning-shaped puzzle piece. It tries to smash the piece into the board, but it just will not fit anywhere in the normal setup.",,,1
ATOM_0210,BEAST_SCIENCE_07_Z,single,,,"When an anomaly becomes too big to ignore, a crisis begins.","""When, for these reasons or others like them, an anomaly comes to seem more than just another puzzle of normal science, the transition to crisis and to extraordinary science has begun.""","Zeus sees the yak struggling with the broken piece. He realizes this is not just a normal puzzle problem. Zeus starts waving a red alarm flag, shouting to the aardvark that a massive crisis and extraordinary research have started.",,,1
ATOM_0211,BEAST_SCIENCE_07_AA,single,,,"Extraordinary science is marked by competing ideas, random trials, and philosophical debate.","""The proliferation of competing articulations, the willingness to try anything, the expression of explicit discontent, the recourse to philosophy and to debate over fundamentals, all these are symptoms of a transition from normal to extraordinary research.""","The aardvark ignores Xena's map entirely. Showing explicit discontent with the crisis, it starts trying anything, knocking over the yak's puzzle and debating philosophy with Zeus. It brings out dozens of competing, random ideas to fix the problem.",,,1
ATOM_0212,BEAST_SCIENCE_07_AB,single,,,A paradigm shift changes your psychological perspective without changing the raw data.,"""A shift in paradigm is like the shift in perception from the rabbit to the duck in the gestalt image... nothing has changed apart from your psychological perspective. Two people with the same sensory impressions can see two different things.""","The Abyssinian cat rests at the end of the street. It points a brass telescope at a drawing of a rabbit on Xena's map. Suddenly, its mind flips, and it sees a duck instead. The physical lines did not change at all, but the cat now sees something completely different from the exact same image.",,,1
ATOM_0213,BEAST_SCIENCE_08_AC,single,,,"The null hypothesis is the default expectation of 'no difference' based on current knowledge, which we must assume is true until proven wrong.","""The null hypothesis is what we expect to see based on the knowledge that we currently have. The null hypothesis is commonly the 'no difference' hypothesis... We have to assume that the null hypothesis is true unless it can be proven to be wrong.""","Albert Einstein walks into a large courtroom and places a giant acorn on the judge's desk. The acorn wears a white curly judge's wig and sits firmly in the center. Marie Curie steps forward holding a glass jar containing a calm bee and a wasp, demonstrating zero difference between them to the court. The acorn judge demands to be treated as the absolute truth, acting as a strict guard of the old rules until someone brings strong enough proof to defeat it.",,,1
ATOM_0214,BEAST_SCIENCE_08_AD,single,,,The alternative hypothesis is a new idea that replaces the old belief when its weight of evidence tips the balance scale.,"""The alternative hypothesis presents a new idea, which could overturn or nullify the null hypothesis. If we accept the alternative hypothesis, we have to reject the null hypothesis, and the same would be true in reverse. It may be that the weight of evidence starts to fall in favor of the alternative hypothesis, and increasingly so, until we accept this new knowledge as truth.""","A long adder snake swings high above the courtroom on a flying trapeze, hissing a brand new, shocking idea. The snake drops heavy red mushrooms onto a large brass balance scale below. It realizes its mouth can only hold one truth at a time; if the new evidence is heavy enough to tip the scale and crash down, the snake spits out its old beliefs and traps the acorn judge in a heavy rope net to replace it entirely.",,,1
ATOM_0215,BEAST_SCIENCE_09_AE,single,,,Bayesian updating is the process of revising your beliefs when you receive new information.,"""We have an initial belief, we receive some new information, and we revise our beliefs in this case in a probabilistic sense in light of this new information.""","An Aerialist hangs upside down in a grand courtroom. She acts as the judge, declaring that all beliefs are temporary and must be changed when new facts emerge. She points her gavel at an Afghan hound who is waiting to present a case.",,,1
ATOM_0216,BEAST_SCIENCE_09_AF,single,,,"Before receiving new information, you start with an unconditional probability, like rolling a fair die.","""In the unconditional setting, we had the probability of A equal to 1 over 6.""","The tall Afghan hound steps forward with a six-sided die in its mouth. He explains that before anyone knows the result, every number has an equal chance of winning. He drops the die on the floor, ignoring the giant mushrooms growing nearby, to prove the baseline state of the court.",,,1
ATOM_0217,BEAST_SCIENCE_09_AG,single,,,"Conditional probability involves updating your chances based on new, restrictive information.","""This sort of vertical line, this bar, represents a conditioning situation.""",A cluster of giant red-and-white Agaric fungi grows right through the courtroom floor. One mushroom announces that the secret die roll was an even number. This restricts the possibilities. The mushroom then paints a large vertical bar on the wall to show that the court's decision is now conditional on this new clue.,,,1
ATOM_0218,BEAST_SCIENCE_09_AH,single,,,"In the Monty Hall problem, revealing a goat provides crucial new information that changes the odds for the remaining unopened door.","""Many people don't see this new information attached to door C because they don't see any physical change to door C; it was originally closed and remained closed.""","A giant, floating word bubble that says ""Ah!"" lets out a loud, dramatic sigh over the courtroom. It acts as a game show host and reveals a goat behind a magical door. It sighs because the jury is confused. It explains that the other closed door now has better odds, even though it looks exactly the same as before.",,,1
ATOM_0219,BEAST_SCIENCE_09_AI,single,,,"Bayesian updating is still effective even when the new information is imperfect, like a weather forecast.","""A rational actor takes this data on board, updates their internal probabilities about the likelihood of rain, and alters their behavior.""","An Airedale terrier wearing a raincoat interrupts the trial. It acts as a TV weather forecaster, predicting a high chance of rain based on imperfect data. Hearing this, the Aerialist quickly climbs higher on her silks, sensibly updating her plans to stay dry based on the terrier's news.",,,1
ATOM_0220,BEAST_SCIENCE_10_AJ,single,,,"The philosophical difference is that frequentists see probability as a fixed long-run physical frequency, while Bayesians see it as a degree of belief that updates.",,,,,1
ATOM_0221,BEAST_SCIENCE_10_AK,single,,,"A p-value is the chance of getting data this extreme assuming the null hypothesis is true, not the probability that the coin is fair.",,,,,1
ATOM_0222,BEAST_SCIENCE_10_AL,single,,,"In a frequentist confidence interval, the true parameter is a fixed constant; if you repeat the experiment, 95% of the generated intervals will catch that fixed truth.",,,,,1
ATOM_0223,BEAST_SCIENCE_10_AM,single,,,Bayes' theorem updates your prior beliefs by multiplying them by the likelihood of the new data.,,,,,1
ATOM_0224,BEAST_SCIENCE_10_AN,single,,,A Bayesian credible interval allows you to state the actual probability that the true parameter lies within a specific range.,,,,,1
ATOM_0225,BEAST_SCIENCE_11_AO,single,,,Taxonomies are hierarchical structures of boxes used for classifying items and individuals.,"""Taxonomies are a hierarchical structure that allow us to classify things... think of a bunch of different boxes and individuals can fit in one or many of those boxes.""","Neo from the Matrix watches an aoudad jump wildly across a huge wall of wooden boxes. The aoudad organizes people and items, tossing them into one or more of these specific boxes to classify them, completely ignoring the armadillo chewing nearby.",,,1
ATOM_0226,BEAST_SCIENCE_11_AP,single,,,An ontology is a conceptual web that helps computers interpret data.,"""[An ontology is] either a set of n-tuples or a web of concepts that helps computers or AI understand your data.""","A large ape hangs upside down from the aoudad's boxes and reaches for Neo's computer screen. It spins a glowing, wet web of concepts between the screen and the boxes, linking data points together so the AI inside the machine can finally read and understand the files.",,,1
ATOM_0227,BEAST_SCIENCE_11_AQ,single,,,"While a taxonomy is just a skeleton, an ontology adds all the detailed connections between members.","""A taxonomy gives us just a skeleton maybe, and an ontology gives us the skeleton and fleshes out the various connections between all the different members.""","An aquatic leech slithers along a bare bone skeleton sitting on the desk. It leaves a thick web of glowing red strings behind that attach to the ape's web, fleshing out the connections between all the isolated joints and joining them into a complete system.",,,1
ATOM_0228,BEAST_SCIENCE_11_AR,single,,,Semantics focuses on the actual meaning of data rather than just its syntax or physical shape.,"""Semantics means we care about meaning, we care about understanding, rather than just the syntax, shape, or structure of the data.""","An armadillo completely ignores a beautifully shaped syntax statue standing next to the aoudad's boxes. Instead, it curls up and chews aggressively on a glowing human brain to show that it only cares about deep understanding and true meaning, totally ignoring the outside structure of the statue.",,,1
ATOM_0229,BEAST_SCIENCE_12_AS,single,,,Data collection and analysis happen at the same time to build theory until new inputs stop changing the final ideas.[cite: 1],"""We are going to link data analysis with theory.""[cite: 1] ""Data analysis takes place during data collection.""[cite: 1] ""Theoretical saturation you reach when your theory is so sophisticated that every new data point, every new interview does not lead to more refinement of your concepts or your categories.""[cite: 1]","A slippery asp[cite: 3] slithers between a classic detective in a deerstalker hat[cite: 5] and a glowing brain, linking raw clues directly to thoughts as they arrive. The snake holds a perfect, polished diamond in its tail, refusing to let the auroch[cite: 3] polish it further because the gem is already perfectly refined.",,,1
ATOM_0230,BEAST_SCIENCE_12_AT,single,,,"You build theory step by step through the constant comparison of facts and concepts, creating early ideas that serve only as flexible guides.[cite: 1]","""The most important concept in Grounded Theory is constant comparison.""[cite: 1] ""What you do is compare data with data, data with concepts, concepts with data, and then you start to compare concepts with concepts.""[cite: 1] ""Every concept is temporary and they're provisional, they give some guidance but that's it, you shouldn't pin them down, they're not written in stone.""[cite: 1]","A giant stone atlas[cite: 3] drops his globe and watches the asp[cite: 3]. A spiky-haired martial artist in an orange gi[cite: 5] watches as the atlas constantly looks back and forth, comparing every single clue. The atlas juggles water drops into ice cubes to form a star, then draws temporary rules in the sand that easily wash away, knowing early ideas aren't locked in place.",,,1
ATOM_0231,BEAST_SCIENCE_12_AU,single,,,"You stop collecting information when your concept is saturated and full, not when you reach a specific headcount.[cite: 1]","""What you try to do is not representation, but saturation.""[cite: 1]","A massive, horned auroch[cite: 3] ignores the diamond and instead tries to squeeze rain from a dark cloud into a sponge held by the atlas[cite: 3]. Instead of counting the drops, the beast just watches until the sponge is totally full and cannot absorb any more, showing that capacity, not a simple count, is the true goal.",,,1
ATOM_0232,BEAST_SCIENCE_12_AV,single,,,Absolutely any material or observation you find counts as valid data for your study.[cite: 1],"""All is data.""[cite: 1]","A long-beaked avocet[cite: 3] lands beside a yellow square sponge character[cite: 5] and the auroch[cite: 3]. It wildly grabs trash, old newspapers, shiny coins, and pieces of the early sand drawings, throwing every single item into a huge pot to prove that absolutely no piece of garbage is useless.",,,1
ATOM_0233,BEAST_SCIENCE_13_AW,single,,,"The 1990 update shifted away from natural discovery to strict rules, using an axial coding paradigm to map causes and effects between broken categories.","Strauss and Corbin explicitly shifted away from Glaser�s philosophy of natural emergence. Instead, they engineered a highly prescriptive, analytical coding framework designed to generate theories systematically and verify them simultaneously within the data.","An awassi sheep steps into the library wearing rigid metal frames to enforce strict structural rules. It holds a carved stone wheel in its hooves, using it to force broken pieces of a plant into highly specific slots, carefully mapping the exact causes and effects between each broken fragment. It bleats loudly at the axolotl floating nearby.",,,1
ATOM_0234,BEAST_SCIENCE_13_AX,single,,,Constructivist theory says the researcher is not a neutral robot; their own background directly shapes the final theory.,"""Charmaz argued that researchers are not neutral observers; their past experiences, cultural backgrounds, academic training, and personal biases are inextricably woven into the very fabric of the data collection and theory generation processes.""","A pink axolotl swims in a floating water bubble, actively wrapping its slippery body around Socrates. It whispers that human biases and past experiences always weave into the data, proving that the observer and the subject build the truth together. The axolotl spits a splash of water at the aye-aye to emphasize its point.",,,1
ATOM_0235,BEAST_SCIENCE_13_AY,single,,,"Constructivists use action words ending in ""ing"" so the analysis focuses on dynamic processes over time.","""By forcing the researcher to code exclusively with gerunds... the analysis remains dynamically focused on actions, processes, and changes over time.""","A wide-eyed aye-aye wearing safety goggles sits at a typewriter. It angrily rips out any paper that uses static nouns, throwing the crumpled pages directly at the Aztec warrior. The aye-aye only types active, moving words ending in ""ing"" with its long, bony finger to keep the focus completely on changing actions rather than frozen topics.",,,1
ATOM_0236,BEAST_SCIENCE_13_AZ,single,,,"Memos are continuous, informal notes written throughout the project that tie raw data to high-level ideas.","""Memo-writing operates as the vital connective tissue of the analysis. Memos are continuous, informal, analytical notes written by the researcher throughout the entire lifecycle of the project.""","An Aztec warrior decorated with bright feathers ignores the crumpled paper and walks right across the aye-aye's typewriter keys. He carries small, messy sticky notes in his teeth. He stretches sticky strings across the room, pasting the informal notes between the bare bones of the library's skeletons. These notes act as the vital tissue that holds the entire project together.",,,1
ATOM_0237,BEAST_SCIENCE_13_BA,single,,,"Abduction is a complex reasoning loop where you guess a temporary explanation, then collect data to test it.","""Abduction is a highly sophisticated form of reasoning where the researcher examines complex data, forms a number of provisional hypotheses to explain that data, and then explicitly returns to the field to collect more data to prove or disprove those hypotheses during the ongoing analysis.""","A large bat hangs upside down from the library chandelier. Completely ignoring the Aztec's sticky strings, it squeaks at a strange shadow, makes a quick guess about what the shadow is, and flies out the open door to find real evidence. It constantly flies back and forth, testing its temporary guesses against fresh clues in the field.",,,1
ATOM_0238,BEAST_SCIENCE_14_BB,single,,,Reasoning uses what you already know to build explanations and guess what happens next.[cite: 1],"""Reasoning is the process of using existing knowledge to draw conclusions, make predictions, or construct explanations.""[cite: 1]","A Bone Bear[cite: 8] builds a small staircase out of puzzle pieces.[cite: 1] Sherlock Holmes[cite: 7] hands the bear facts he already knows, and the bear uses them to build a clear path upward to explain a mystery.[cite: 1]",,,1
ATOM_0239,BEAST_SCIENCE_14_BC,single,,,"Deductive thinking works from the top down, where true starting facts guarantee a true final answer.[cite: 1]","Deductive reasoning is basically called a top-down approach, which means from generalizations to particulars, or from hypothesis to evidence.""[cite: 1]","A Bone Cat[cite: 8] sits at the very top of the staircase.[cite: 1] It pushes a large block that says ""All"" down the stairs, watching it shrink into a tiny block that says ""One"" as it hits the bottom.[cite: 1] Then, the Bone Cat[cite: 8] runs down and bites the tiny block hard to test if it is real.[cite: 1] Because the starting block at the top was made of solid truth, the Bone Cat[cite: 8] finds the final piece is also perfectly solid and true.[cite: 1]",,,1
ATOM_0240,BEAST_SCIENCE_14_BD,single,,,Inductive thinking works from specific details up to a big rule to prove an idea with real-world clues.[cite: 1],"Inductive reasoning moves from specific to general.""[cite: 1]","A Bone Dog[cite: 8] ignores the stairs and leaps upward into the air.[cite: 1] It carries a few specific drops of coffee from the floor high into the sky to form a large, general cloud.[cite: 1] While floating, the Bone Dog[cite: 8] holds a clipboard in its paws and gathers real coffee cups from the ground to prove its guess that the coffee is tasty.[cite: 1]",,,1
ATOM_0241,BEAST_SCIENCE_14_BE,single,,,Abductive thinking makes the best possible guess based on obvious but incomplete clues.[cite: 1],"Abductive reasoning or abduction is making a probable conclusion from what you know.""[cite: 1]","A giant bee[cite: 8] lands nearby on the street, holding a hot cup of coffee with a question mark painted on it to make a highly likely guess about who left it there.[cite: 1] It then uses its stinger to lift a blanket on the ground, revealing that the footprint evidence is completely missing.[cite: 1] Because a big piece is hidden, the bee[cite: 8] knows it can only guess the final answer.[cite: 1]",,,1
ATOM_0242,BEAST_SCIENCE_15_BF,single,,,"The theory side can fit into one beast: people make meaning through lived experience, shared labels, and context.","�Indexicality is critical to this process, meaning people make sense of things based strictly on the context or circumstances in which they are encountered.�","The Bone frog carries the theory pack through the same Bosch UX street. Ada Lovelace stands near a test table and watches the frog act like a living theory map. The frog shows that people do not just �see� reality. They live through situations, label what things mean, and read each sign through its context. The floating windows show lived experience. The sticky labels show shared social meaning. The small note under its paw shows that the same thing can mean something different depending on where it appears.",,,1
ATOM_0243,BEAST_SCIENCE_15_BG,single,,,IPA means understanding how one person makes sense of a personal experience. IPA pronunciation: Interpretative Phenomenological Analysis /?n't??rpr?t?t?v f??n??m?'n??l?d??k?l ?'n�l?s?s/.,"�IPA is built on a double hermeneutic. This means the researcher is trying to make sense of the participant trying to make sense of their own world. Participants are treated as active sense-makers, not passive subjects.�","The Bone goat stands beside a Bosch UX interview table. The goat is not counting clicks or only checking task time. It looks into a clear water tank on its back, where memory bubbles from one participant�s life float slowly. The goat reminds the researcher that IPA has two layers: the participant explains their world, and the UX researcher interprets that explanation with care.",,,1
ATOM_0244,BEAST_SCIENCE_15_BH,single,,,"For Bosch UX research, IPA starts with open questions about human experience.",�Define the research question: Ask open-ended questions about human experience.�,"The Bone Hydra looms above a Bosch e-commerce prototype on the street. It does not ask a narrow yes-or-no question. One head lowers the wide paper funnel onto the prototype and asks people how trust forms while they look at signs, opinions, choices, and support. The Hydra keeps the question open so the participant can explain the experience in their own words.",,,1
ATOM_0245,BEAST_SCIENCE_15_BI,single,,,"IPA analysis is slow and close: read the transcript again and again, mark what is said, notice how it is said, and ask what it may mean.",�Conceptual comments explore what this might mean on a deeper level.�,"The bison stands heavy and slow beside a Bosch research board. A thick transcript blanket covers its back, and the bison reads it line by line, then reads it again. It places notes in the margins to catch what the user says about trust. It listens for words, tone, and metaphors. It also looks under the surface, asking what the participant�s words may mean for their deeper sense of safety, control, and doubt.",,,1
ATOM_0246,BEAST_SCIENCE_15_BJ,single,,,"IPA turns each case into themes first, compares cases later, and keeps the researcher�s own role visible.","�Successfully applying IPA requires the researcher to embrace reflexivity. The researcher is part of the meaning-making process, not a robot. Acknowledging personal biases, assumptions, and the interpretative role ensures the analysis remains close to the data and allows participant voices to guide the findings.�","The Bone jester kneels near the Bosch prototype in motley and ringing bells, guarding one participant case file before touching the others. It builds themes for that person first, using direct quote strips on its back as proof. Only after that does it connect colored threads across cases. Its mirror badge is the key reminder: the UX researcher is part of the meaning-making work, so their assumptions must stay visible. The split notebook in its mouth keeps the method contrast clear: Grounded Theory tries to build a theory from data, while IPA stays closer to how a specific person makes sense of an experience.",,,1
ATOM_0247,BEAST_SCIENCE_16_BK,single,,,Open coding breaks raw qualitative data into small meaningful pieces and gives them concept labels.,"Open coding is the first stage, where you break the qualitative data into smaller meaningful pieces and label them as concepts.","A tiny Bone kitten scratches a giant transcript projected on a wall until the paper splits into glowing bone-shaped pieces. Charles Darwin points to the instructor�s line on the screen while the kitten meows the exact words: ""Open coding is the first stage, where you break the qualitative data into smaller meaningful pieces and label them as concepts."" Each broken piece floats upward and freezes as a sharp label, far too heavy for such a small kitten.",,,1
ATOM_0248,BEAST_SCIENCE_16_BL,single,,,Axial coding reconnects open codes into broader categories and shows how they relate.,Axial coding reconnects the concepts created during open coding by organizing them around broader categories and identifying relationships between them.,"A colossal bloodhound bites loose concept tags and pulls them into a spinning wheel fixed to a street gate. Charles Darwin taps the on-screen diagram as the bloodhound barks the exact words: ""Axial coding reconnects the concepts created during open coding by organizing them around broader categories and identifying relationships between them."" The tags snap together with loud magnetic clicks, and the wheel smells like hot metal and wet dog.",,,1
ATOM_0249,BEAST_SCIENCE_16_BM,single,,,Selective coding chooses one core category and connects the main categories around it to build a theory.,"Selective coding is the final integration stage, where you identify one core category that explains the main pattern in the data.","A Bone marmoset climbs a huge floating crown made of category cards and jams one bright core card into the center. Charles Darwin holds up the final slide as the marmoset screeches the exact words: ""Selective coding is the final integration stage, where you identify one core category that explains the main pattern in the data."" The whole crown bends space toward the core card, as if every category is being pulled by a tiny academic black hole.",,,1
ATOM_0250,BEAST_SCIENCE_17_BN,single,,,Participatory Action Research shifts power from traditional extraction by empowering marginalized groups to co-create research that translates into tangible tools for social change.,"The 'action' part means that the data doesn't just sit on a shelf; it is directly translated into tools for healing, organizing, and fighting back against institutional violence.","A colossal Bone Neanderthal stomps onto the street next to a brick gate, towering over Darth Vader. The glowing whiteboard diagram fused into its skull pulses with blinding light as it roars the first quote. It then crushes the glowing orb of knowledge in its huge skeletal hands, sending out intense tactile shockwaves that ripple the ground while it bellows the second quote. Finally, a dusty academic shelf violently bursts from its ribcage with a deafening crash, magically forging the falling papers into glowing shields as the beast thunders the final quote.",,,1
ATOM_0251,BEAST_SCIENCE_17_BO,single,,,"Participatory Action Research is an iterative loop of planning, acting, observing, and reflecting.","It is a continuous spiral of plan, act, observe, and reflect, where each cycle informs the next.","A giant bower-bird weaves a nest out of four colored arrows that glow like neon tubes on a lamp post. Darth Vader watches as the bird flies in a perfect, never-ending spiral, leaving a trail of fire in the air. With every blazing loop it completes, the bird perfectly squawks the quote.",,,1
ATOM_0252,BEAST_SCIENCE_17_BP,single,,,"People experiencing a problem are uniquely qualified to investigate it, guiding the inquiry themselves.",Participatory Action Research is a model where the people most impacted by a social issue are the ones actually designing and conducting the research.,"A towering Bone panther hovers over a balcony, completely dwarfing the city street. It drops giant, glowing blueprint scrolls directly into the hands of a group of battered citizens, aggressively batting Darth Vader away when he tries to intercept them. The giant skeletal feline hisses the quote as the blueprints magically assemble into floating research tools in the citizens' hands.",,,1
ATOM_0253,BEAST_SCIENCE_18_BQ,single,,,"A research question is the core target your study attempts to answer, and it must have a singular focus without cramming multiple variables together.",a strong research question typically has a clear singular Focus so don't try to cram multiple questions into one,"The Bone Quetzalcoatl phases directly through the solid brick wall, defying physics. Its skeletal head bites the exact center of a giant glowing dartboard, hissing the first quote as sparks fly visibly into its empty eye sockets. Simultaneously, its massive feathered forelimbs violently smash three magnifying glasses together into a single laser beam, spewing the second quote as bone dust physically grinds the glass into one sharp point. Batman watches the impossibly large skeletal snake rewrite the rules of reality.",,,1
ATOM_0254,BEAST_SCIENCE_18_BR,single,,,"A research aim outlines a broad goal, while a research question takes that aim and narrows it down to a tighter focus.",your research question should take the statement that is your research aim it should then narrow that down to a tighter Focus area and present it as a question,"A skyscraper-sized brontosaurus completely dwarfs the street and parked cars. Its head roars the first quote so loudly the soundwaves paint a blurry cloud across the sky, deafening Batman. Below, its massive forelimbs grab a fully inflated hot air balloon, violently squeezing the rubber into a dense, tiny, glowing question mark as it thunders the second quote, forcing the massive balloon to physically shrink in its grip.",,,1
ATOM_0255,BEAST_SCIENCE_18_BS,single,,,A question must be practical and possible to answer with available methods.,even a super super tantalizing and thought-provoking research question isn't going to be of much value if you can't feasibly answer it,"A floating Bone skull hovers over the distant crosswalk, trying to bite a tantalizing, glowing diamond floating in the air. Its bony jaw physically phases right through the gem because it is completely impossible to catch. Frustrated by the impossible task, the skull squawks the exact quote into the night air while Batman tries to grab the gem himself.",,,1
ATOM_0256,BEAST_SCIENCE_18_BT,single,,,Your question must stem from a clear gap in existing literature so you do not repeat old work.,without a welldefined research Gap you're going to risk wasting your effort running after a question that's already been adequately answered,"A colossal Bone toucan lands perfectly on an old, dusty book resting on a high street lamp, shrinking the entire street with its disproportionate scale. It frantically uses its heavy beak to dig a deep, perfectly square gap straight through the thick pages, loudly vibrating its hollow bones to speak the quote so it does not waste time reading the same old text.",,,1
ATOM_0257,BEAST_SCIENCE_19_BU,single,,,,,,,,1
ATOM_0258,BEAST_SCIENCE_19_BV,single,,,,,,,,1
ATOM_0259,BEAST_SCIENCE_19_BW,single,,,,,,,,1
ATOM_0260,BEAST_SCIENCE_19_BX,single,,,https://uxdesign.cc/information-architecture-is-the-foundation-artificial-intelligence-is-starving-for-1d91fb5bf59f,,https://uxdesign.cc/information-architecture-is-the-foundation-artificial-intelligence-is-starving-for-1d91fb5bf59f,,,1
ATOM_0261,BEAST_SKILLS_01_A,single,,,The habit of pronouncing words in your head slows down reading.,,,,,1
ATOM_0262,BEAST_SKILLS_01_B,single,,,Eyes backtracking or back skipping wastes time and ruins focus.,,,,,1
ATOM_0263,BEAST_SKILLS_01_C,single,,,Familiar words don't need to be pronounced internally to be understood.,,,,,1
ATOM_0264,BEAST_SKILLS_01_D,single,,,Using a visual guide prevents regression and focuses attention.,,,,,1
ATOM_0265,BEAST_SKILLS_01_E,single,,,Capturing multiple words per fixation expands reading speed.,,,,,1
ATOM_0266,BEAST_SKILLS_02_F,single,,,Asking questions before reading primes the brain to filter for relevant information.,,,,,1
ATOM_0267,BEAST_SKILLS_02_G,single,,,Highlighting everything defeats the purpose of highlighting.,,,,,1
ATOM_0268,BEAST_SKILLS_03_H,zoned,Z1,Z1 Head | BP Definition,"massive jaws crunching down on thick, rubbery arteries, bursting them open loudly",The mean arterial pressure is the average of the blood pressure on top and the blood pressure on the bottom.,"Dracula stands by a stone gate, commanding a monstrous Hydra to attack the pavement. The beast's massive heads crunch down on exposed, thick rubbery arteries, popping them loudly as it screams the exact definition: ""The force exerted by circulating blood against the inner walls of blood vessels, primarily the arteries. It is measured in millimeters of mercury (mmHg) and recorded as two distinct numbers: the systolic pressure (the force when the heart contracts and pushes blood out) over the diastolic pressure (the force when the heart rests and fills with blood between beats)."" Simultaneously, its front claws splash a puddle of boiling blood, scorching the bright red numbers into the concrete as it hisses: ""For a healthy, resting adult, a normal reading is strictly less than 120/80 mmHg (read as ""120 over 80"")."" The heavy iron scale branded into the beast's chest violently balances the sizzling blood pools, spewing acrid smoke as the beast groans: ""The mean arterial pressure is the average of the blood pressure on top and the blood pressure on the bottom.""",auditory,,1
ATOM_0269,BEAST_SKILLS_03_H,zoned,Z2,Z2 Forelimbs | Normal range,"front claws frantically splashing boiling, glowing red blood that scorches the ground",The mean arterial pressure is the average of the blood pressure on top and the blood pressure on the bottom.,"Dracula stands by a stone gate, commanding a monstrous Hydra to attack the pavement. The beast's massive heads crunch down on exposed, thick rubbery arteries, popping them loudly as it screams the exact definition: ""The force exerted by circulating blood against the inner walls of blood vessels, primarily the arteries. It is measured in millimeters of mercury (mmHg) and recorded as two distinct numbers: the systolic pressure (the force when the heart contracts and pushes blood out) over the diastolic pressure (the force when the heart rests and fills with blood between beats)."" Simultaneously, its front claws splash a puddle of boiling blood, scorching the bright red numbers into the concrete as it hisses: ""For a healthy, resting adult, a normal reading is strictly less than 120/80 mmHg (read as ""120 over 80"")."" The heavy iron scale branded into the beast's chest violently balances the sizzling blood pools, spewing acrid smoke as the beast groans: ""The mean arterial pressure is the average of the blood pressure on top and the blood pressure on the bottom.""",visual,,2
ATOM_0270,BEAST_SKILLS_03_H,zoned,Z3,Z3 Torso | Mean Arterial Pressure,"a giant, heavy iron scale violently branded into its chest, physically balancing the top and bottom blood pools while emitting burning smoke",The mean arterial pressure is the average of the blood pressure on top and the blood pressure on the bottom.,"Dracula stands by a stone gate, commanding a monstrous Hydra to attack the pavement. The beast's massive heads crunch down on exposed, thick rubbery arteries, popping them loudly as it screams the exact definition: ""The force exerted by circulating blood against the inner walls of blood vessels, primarily the arteries. It is measured in millimeters of mercury (mmHg) and recorded as two distinct numbers: the systolic pressure (the force when the heart contracts and pushes blood out) over the diastolic pressure (the force when the heart rests and fills with blood between beats)."" Simultaneously, its front claws splash a puddle of boiling blood, scorching the bright red numbers into the concrete as it hisses: ""For a healthy, resting adult, a normal reading is strictly less than 120/80 mmHg (read as ""120 over 80"")."" The heavy iron scale branded into the beast's chest violently balances the sizzling blood pools, spewing acrid smoke as the beast groans: ""The mean arterial pressure is the average of the blood pressure on top and the blood pressure on the bottom.""",olfactory,,3
ATOM_0271,BEAST_SKILLS_03_I,zoned,Z1,Z1 Head | HR Definition,"a giant stopwatch swallowed whole, glowing blindingly through its throat","For a healthy, resting adult, the normal range is 60 to 100 BPM.","Down the street at a parked car, the air smells intensely of burning ozone as a demonic imp lands. Its head violently swallows a giant glowing stopwatch that illuminates its throat from the inside, pulsing bright light as it squawks: ""The speed at which the heart beats, quantified by the number of times the heart muscle contracts (beats) within a 60-second window."" The imp's front arms violently vibrate against Dracula's chest, delivering intense electric shocks that forcefully rattle the vampire's fangs to dictate: ""For a healthy, resting adult, the normal range is 60 to 100 BPM.""",visual,,1
ATOM_0272,BEAST_SKILLS_03_I,zoned,Z2,Z2 Forelimbs | Normal range,arms violently vibrating and shooting electric shocks,"For a healthy, resting adult, the normal range is 60 to 100 BPM.","Down the street at a parked car, the air smells intensely of burning ozone as a demonic imp lands. Its head violently swallows a giant glowing stopwatch that illuminates its throat from the inside, pulsing bright light as it squawks: ""The speed at which the heart beats, quantified by the number of times the heart muscle contracts (beats) within a 60-second window."" The imp's front arms violently vibrate against Dracula's chest, delivering intense electric shocks that forcefully rattle the vampire's fangs to dictate: ""For a healthy, resting adult, the normal range is 60 to 100 BPM.""",tactile,,2
ATOM_0273,BEAST_SKILLS_04_J,single,,,Behavioral activation works because taking physical action forcefully shifts brain chemistry before motivation ever appears.,a ação ela é soberana a ação vem antes da sensação a ação vem antes da motivação,"A colossal medieval jester refuses to wait for hope; it aggressively bites Goku's arm and drags him across the rough pavement to force him into motion. The sheer friction of the dragging sparks a violent, tangible chemical explosion of energy in the air before Goku even realizes what is happening.",tactile,,1
ATOM_0274,BEAST_SKILLS_04_K,single,,,"The first five minutes involve gentle physical rotations of the neck, shoulders, and wrists to release an immediate energy boost.",você vai fazer 10 movimentos leves de rotação do seu pescoço dos seus ombros e dos seus punhos,"A majestic kitten violently twists its neck, shoulders, and wrists exactly ten times, creating a deafening cracking sound that physically shakes the street. As the joints rotate, literal heavy golden coins of dopamine shoot out of the kitten's fur and rain down hard on the concrete.",tactile,,1
ATOM_0275,BEAST_SKILLS_04_L,single,,,The second block emotionally warms the brain by placing a hand on the chest and deeply visualizing a simple pleasant experience.,você coloca uma das mãos no seu peito fecha os olhos por um instante e você pode falar: eu me dou permissão para ir no meu ritmo devagar constante,"A tiny lion leaps onto Goku's chest, forcefully slamming its heavy paws against his heart. The impact instantly projects a holographic, hyper-realistic breakfast floating in the air, radiating a comforting, burning warmth that physically melts the icy frost covering the street.",tactile,,1
ATOM_0276,BEAST_SKILLS_04_M,single,,,"The final five minutes require a small, practical action focused on personal sensory meaning rather than societal productivity.",agir isso é importantíssimo você entender não focado na produtividade mas focado no significado,A hairy marmoset ignores a massive factory assembly line and instead gently splashes a single drop of freezing water onto Goku's face. The intense icy sting of that one meaningful drop shatters the surrounding heavy factory machinery into fine dust.,tactile,,1
ATOM_0277,BEAST_SKILLS_05_N,zoned,Z1,Z1 Head | Cognitive Shuffling,"massive jaw aggressively chewing a glowing, random word generator that shoots out floating, emotionally neutral letters",Ela envolve a substituição intencional de pensamentos indesejados que induzem a ansiedade por outros mais agradáveis e não estimulantes.,"The Neanderthal's massive jaw aggressively chews a glowing, random word generator that shoots out floating, emotionally neutral letters to block out thoughts. Simultaneously, his thick hands violently crush a sharp, freezing-cold holographic calendar of worries, physically stopping the brain's high-alert planning. Finally, his chest cavity bursts open to vomit a stream of sweet, pastel-colored marshmallows, intentionally substituting the sharp tension with a bland, sugary calm.",visual,,1
ATOM_0278,BEAST_SKILLS_05_N,zoned,Z2,Z2 Forelimbs | Insomnia Cause,"thick, hairy hands violently crushing a sharp, freezing-cold holographic calendar of worries",Ela envolve a substituição intencional de pensamentos indesejados que induzem a ansiedade por outros mais agradáveis e não estimulantes.,"The Neanderthal's massive jaw aggressively chews a glowing, random word generator that shoots out floating, emotionally neutral letters to block out thoughts. Simultaneously, his thick hands violently crush a sharp, freezing-cold holographic calendar of worries, physically stopping the brain's high-alert planning. Finally, his chest cavity bursts open to vomit a stream of sweet, pastel-colored marshmallows, intentionally substituting the sharp tension with a bland, sugary calm.",tactile,,2
ATOM_0279,BEAST_SKILLS_05_N,zoned,Z3,Z3 Torso | Cognitive Refocusing,"chest cavity bursting open to vomit a stream of sweet, pastel-colored marshmallows that drown out buzzing hornets",Ela envolve a substituição intencional de pensamentos indesejados que induzem a ansiedade por outros mais agradáveis e não estimulantes.,"The Neanderthal's massive jaw aggressively chews a glowing, random word generator that shoots out floating, emotionally neutral letters to block out thoughts. Simultaneously, his thick hands violently crush a sharp, freezing-cold holographic calendar of worries, physically stopping the brain's high-alert planning. Finally, his chest cavity bursts open to vomit a stream of sweet, pastel-colored marshmallows, intentionally substituting the sharp tension with a bland, sugary calm.",gustatory,,3
ATOM_0280,BEAST_SKILLS_05_O,zoned,Z1,Z1 Head | Spelling Trick,"sharp beak ripping a giant, screaming letter ""B"" out of a cake and firing it like a machine gun","Quanto mais você praticar, mais forte você fica e mais fácil pode ser o seu uso, segundo ela.","The owl's sharp beak rips a giant, screaming letter ""B"" out of a cake, firing holographic toys like a loud machine gun until the letter is exhausted. As it fires, its wings aggressively flap a thick, pungent cloud of heavy dream-sand that physically melts the concrete into a sinking micro-dream. Meanwhile, its heavy torso vigorously lifts a massive barbell made of solid cheese, sweating and building immense physical strength through relentless repetition.",auditory,,1
ATOM_0281,BEAST_SKILLS_05_O,zoned,Z2,Z2 Forelimbs | Hypnagogic Composition,"wings aggressively flapping a thick, pungent cloud of heavy dream-sand that melts the pavement","Quanto mais você praticar, mais forte você fica e mais fácil pode ser o seu uso, segundo ela.","The owl's sharp beak rips a giant, screaming letter ""B"" out of a cake, firing holographic toys like a loud machine gun until the letter is exhausted. As it fires, its wings aggressively flap a thick, pungent cloud of heavy dream-sand that physically melts the concrete into a sinking micro-dream. Meanwhile, its heavy torso vigorously lifts a massive barbell made of solid cheese, sweating and building immense physical strength through relentless repetition.",olfactory,,2
ATOM_0282,BEAST_SKILLS_05_O,zoned,Z3,Z3 Torso | Sleep Strategy Practice,"heavy torso vigorously lifting a massive barbell made of solid cheese, sweating under the physical pressure","Quanto mais você praticar, mais forte você fica e mais fácil pode ser o seu uso, segundo ela.","The owl's sharp beak rips a giant, screaming letter ""B"" out of a cake, firing holographic toys like a loud machine gun until the letter is exhausted. As it fires, its wings aggressively flap a thick, pungent cloud of heavy dream-sand that physically melts the concrete into a sinking micro-dream. Meanwhile, its heavy torso vigorously lifts a massive barbell made of solid cheese, sweating and building immense physical strength through relentless repetition.",tactile,,3
ATOM_0283,BEAST_TAOISM_01_A,single,,,The Tao is the nameless changing process under all of reality.,"With a range of meanings and interpretations in Chinese philosophy, translations of Tao include 'way', 'road', 'path', or 'technique', generally understood in the Taoist sense as an enigmatic process of transformation ultimately underlying reality.","A street-wide Arachne spins a web you can taste, honey and lightning in one bite. The web hardens into a road, melts into a river, then hardens again. Laozi stands at a left-side gate and says the web has no name. Each bite flips from sweet to sour as the shape changes.",gustatory,,1
ATOM_0284,BEAST_TAOISM_01_B,single,,,De is the power that shows up when a person lives in line with the Tao.,"The active expression of Tao is called De (德; dé; also spelled Te or Teh; often translated with virtue or power), in a sense that De results from an individual living and cultivating the Tao.","A bird of paradise sits on a right-side gate post, feathers so hot they feel like live coals on your skin. The feathers weld a glowing patch of heat onto the post, then into your palm. The heat stays in your hand like a solid brick of warmth.",tactile,,1
ATOM_0285,BEAST_TAOISM_01_C,single,,,"Wu wei is effortless action: you reach a goal by flowing with the world, not by forcing it.","Wu wei is a primary ethical concept in Taoism. Standard translations are non-action, effortless action, action without intent, non-interference, and non-intervention.","A sleeping cat rides a flood down the far street, still asleep on a fence-board. Water slams into walls and goes silent the instant it touches the cat's fur. The leftover sound is a huge hush that rings like a bell.",auditory,,1
ATOM_0286,BEAST_TAOISM_01_D,single,,,"Ziran is the self-so state of things: natural, unforced, as they already are.","Ziran (自然; zìrán; tzu-jan; lit. 'self-so', 'self-organization') is regarded as a central concept and value in Taoism and as a way of flowing with the Tao. It describes the 'primordial state' of all things.","A dragon the size of a thumbnail sits on an uncut log on a roof edge. Branches explode out of the log in one wild burst, skipping the neat gardens below. The dragon's breath makes the raw bark glow so bright it hurts your eyes.",visual,,1
ATOM_0287,BEAST_TAOISM_01_E,single,,,"The Three Treasures are compassion (ci), moderation (jian), and humility.","Some of the most important virtues in Taoism are the Three Treasures or Three Jewels (三寶; sānbǎo). These are: ci (慈; cí, usually translated as compassion), jian (儉; jiǎn, usually translated as moderation), and bugan wei tianxia xian (不敢爲天下先; 'not daring to act as first under the heavens', but usually translated as humility).","An eagle on a near-right lamp post drops three chests. One smells like a sudden hug, one like plain rice, one like empty air so clean it burns your nose. The empty chest sucks every other smell out of the street for a second.",olfactory,,1
ATOM_0288,BEAST_TAOISM_02_F,single,,,"Laozi is the traditional founder of Taoism, but scholars debate whether he was a real person.","A common tradition holds that Laozi founded Taoism. Laozi's historicity is disputed, with many scholars seeing him as a legendary founding figure.","One frog sits on a lily pad in a curb puddle by a left-side wall. Its throat-sack projects a flickering sage into the air. Glasses grow out of the frog's own face and the sage image blinks out, then snaps back, then dies again.",visual,,1
ATOM_0289,BEAST_TAOISM_02_G,single,,,"The Tao Te Ching is the core Taoist book, a short poetic text tied to Laozi.","The Tao Te Ching, attributed to Laozi, was composed between the 4th and 6th century BCE.",A goat chained to a right-side fence chews a scroll that talks while it is eaten. The chew sounds like water and rock speaking at the same time. Zhuangzi leans in to catch the poem-sounds before they vanish.,auditory,,1
ATOM_0290,BEAST_TAOISM_02_H,single,,,"Zhuangzi was a major Taoist hermit, and some think southern shaman practice shaped him.","Zhuang Zhou (c. 370–290 BCE) was the most influential of the Taoist hermits. Some scholars hold that since he lived in the south, he may have been influenced by Chinese shamanism.","A Hydra fills a cave mouth that opened in a far brick wall. Shaman rattles grow from its tails and buzz against your palm. One head laughs, one weeps, one stays mute, and all three kinds of shaking hit your bones at once.",tactile,,1
ATOM_0291,BEAST_TAOISM_02_I,single,,,"The Zhuangzi uses stories and talks to push a free life in line with nature, not stiff social rules.","The Zhuangzi uses anecdotes, parables, and dialogues to express one of its main themes—avoiding cultural constructs and instead living in a spontaneous way aligned with the natural world.",An imp juggles dirt-smelling story balls from a balcony. One ball hits a stone official statue on the roof edge and the stone suit turns into leaves. A wild-grass smell follows the imp and wipes out the city smell.,olfactory,,1
ATOM_0292,BEAST_TAOISM_02_J,single,,,The Yellow Emperor is a mythic ruler said to have set many Taoist rules while seeking a long life.,"many Chinese Taoists claim that the Yellow Emperor formulated many of their precepts, including the quest for 'long life'.",A jester in bright yellow robes holds out a peach from a near-right doorway. One bite tastes like a thousand years and makes your tongue feel old and young at once. Zhuangzi takes a bite and the taste of time fills the street.,gustatory,,1
ATOM_0293,BEAST_TAOISM_03_K,single,,,"Yin and yang are the paired forces (dark/light, soft/hard, and so on) whose play shapes the world.","The main distinction in Taoist cosmology is that between yin and yang, which applies to various sets of complementary ideas: bright – dark, light – heavy, soft – hard, strong – weak, above – below, ruler – minister, male – female, and so on.",A kitten on a left-side parked car bats a ball of yarn that is half pitch-black and half blinding white. The two halves braid themselves into a spinning circle on the hood. The contrast is so sharp it hurts to look at.,visual,,1
ATOM_0294,BEAST_TAOISM_03_L,single,,,"Qi is the living stuff of the universe, the body of the Tao you can feel in all things.","According to Livia Kohn, qi is 'the cosmic energy that pervades all. The concrete aspect of Tao, qi is the material force of the universe, the basic stuff of nature.'","A lion made of crackling energy walks along a right-side wall, paws that never quite touch the street. The air thickens and a hum presses into your skin. The Jade Emperor grips the mane, which feels like a solid brick and a flowing gas at once.",tactile,,1
ATOM_0295,BEAST_TAOISM_03_M,single,,,"Wuxing is the five phases — wood, fire, earth, metal, water — used to explain how things change.","Another important set of notions associated with the same school of yinyang are the “Five Phases” (wuxing) or “powers” (wude): water, fire, wood, metal, and earth.","A marmoset on a far facade juggles five orbs that scream five ways: fire crackle, water rush, wood creak, metal clang, earth rumble. When the orbs clash, the five noises braid into one blast that shakes windows. Each orb keeps its own sound even while they mix.",auditory,,1
ATOM_0296,BEAST_TAOISM_03_N,single,,,"Neidan is inner alchemy: you change jing, qi, and shen inside the body to live longer and change the spirit.","Internal alchemy (neidan, literally: 'internal elixir'), which focuses on the transformation and increase of qi in the body, developed during the late imperial period (especially during the Tang) and is found in almost all Taoist schools today","A Neanderthal sits on a balcony in a still pose, with a cauldron boiling inside his chest. Three smells pour out: earthy jing, sharp electric qi, and sweet shen. One deep breath braids the three smells into a single burning scent.",olfactory,,1
ATOM_0297,BEAST_TAOISM_03_O,single,,,"Xian are immortals who gain strange powers by mastering the Tao, body and spirit both.","Taoists who sought to become one of the many different types of immortals, such as xian or zhenren, wanted to 'ensure complete physical and spiritual immortality'.","An owl of shifting light perches on a near-right wall. It sheds feathers that feel like solid glass, then melt into warm light the second you touch them. Your hand passes through the owl as if the bird were heat without a body.",tactile,,1
ATOM_0298,BEAST_TAOISM_04_P,single,,,Taoism splits into Daojia (a school of teachings and texts) and Daojiao (an organized religion).,"The English word Taoism is often used to translate two distinct terms in Chinese: Daojia (道家; dàojiā; “School/Tradition of the Dao”) is a Han-dynasty label used to classify teachings and texts... Daojiao (道教; dàojiào; “Teachings of the Dao,” often rendered “Taoism” or 'Daoism' in the sense of an organized religion).","A two-headed panther stands at a left-side gate. One head whispers riddles that chime like glass in wind. The other bellows temple gongs so loud the whispers go silent, then the chimes cut the gongs. Bruce Lee stands still and tracks which sound is winning.",auditory,,1
ATOM_0299,BEAST_TAOISM_04_Q,single,,,"The Way of the Celestial Masters was the first organized Taoist group, started by Zhang Daoling after a vision of Laozi.","The first organized form of Taoism was the Way of the Celestial Masters, which developed from the Five Pecks of Rice movement at the end of the 2nd century CE. The latter had been founded by Zhang Daoling, who was said to have had a vision of Laozi in 142 CE","A huge feathered serpent coils around a right-side parked car and stacks five glowing pecks of rice into a ranked pile. Its feathers throw a sage-vision into the sky, bright as a second sun. The rice keeps climbing itself into a taller, neater tower.",visual,,1
ATOM_0300,BEAST_TAOISM_04_R,single,,,"The Three Pure Ones are the highest Taoist gods, three faces of the Tao as it takes form.","Three Purities were the supreme Taoist deities: the Celestial Worthy of Primordial Beginning, the Celestial Worthy of Numinous Treasure, and the Celestial Worthy of the Tao and its Virtue.","A three-headed rat at the far end of the street bites three cheeses at once. The first tastes like nothing at all, the second like every book and law in one bite, the third like way-and-virtue tea so old it has no temperature. The three tastes crash in your mouth as if you swallowed the sky's layout.",gustatory,,1
ATOM_0301,BEAST_TAOISM_04_S,single,,,The Jade Emperor rules the sky in Taoist belief and runs it like an old Chinese court.,"Underneath the Three Pure Ones, the next ruling power is the Jade Emperor (Yuhuang Dadi, 玉皇大帝). He functions as the sovereign ruler of heaven who administers the cosmos through a vast celestial bureaucracy modeled on the imperial court of ancient China.","A giant skull in a jade crown sits on a cloud-throne above a roof, bone so smooth and cold it burns your fingers. Each stamp of its seal slides a star to a new place. Bruce Lee feels the stamp's weight drop through the street like a frozen anvil.",tactile,,1
ATOM_0302,BEAST_TAOISM_04_T,single,,,Quanzhen is a monastic Taoist school that trains inner alchemy and blends three teachings.,"In the 12th century, the Quanzhen (Complete Perfection) School was founded in Shandong by the sage Wang Chongyang (1113–1170)... The Quanzhen school was syncretic, combining elements from Buddhism and Confucianism with Taoist tradition.","A toucan with three beaks builds a tiny monastery on a near-right corner. One beak smells of temple incense, one of wet ink and paper, one of bitter alchemy herbs. The three smells fuse into one hard scent that fills the doorway.",olfactory,,1
ATOM_0303,BEAST_VIOLIN_01_A,single,,,O violino foi inventado no início do século XVI na Itália.,"O violino, a viola e o violoncelo foram fabricados no início do século XVI, na Itália.",Arachne weaves a giant Italian pizza out of thick sixteenth-century lute strings anchored to the gate spinning uncontrollably.,tactile,,1
ATOM_0304,BEAST_VIOLIN_01_B,single,,,A evidência mais antiga são pinturas de Gaudenzio Ferrari (década de 1530) com violinos de três cordas.,"A evidência mais antiga de sua existência está nas pinturas de Gaudenzio Ferrari da década de 1530, embora os instrumentos da Ferrari tivessem apenas três cordas.",A skyscraper-sized bird of paradise paints a roaring Ferrari engine on the brick wall using exactly three glowing strings dipped in wet blindingly bright oil paint.,visual,,2
ATOM_0305,BEAST_VIOLIN_01_C,single,,,O violino evoluiu da viela rabeca e lira da braccio.,"É provável que os violinos tenham sido desenvolvidos a partir de vários outros instrumentos de cordas dos séculos XV e XVI, incluindo a viela, rabeca e lira da braccio.",A microscopic cat shrieks a deafening operatic note on the pavement while furiously sawing a wooden lira da braccio that transforms into a rabid lizard.,auditory,,3
ATOM_0306,BEAST_VIOLIN_01_D,single,,,O padrão foi estabelecido no século XVII por Amati Stainer e Stradivari.,"O padrão geral do instrumento foi estabelecido no século XVII por lutieres como a prolífica família Amati, Jakob Stainer, do Tirol, e Antonio Stradivari",A dragon exhales frozen centuries upon the street lamp freezing three master luthiers into ice statues who eternally carve glowing Stradivarius violins.,thermal,,4
ATOM_0307,BEAST_VIOLIN_01_E,single,,,O violino mais antigo confirmado a sobreviver é o Charles IX de Andrea Amati (1564).,"O mais antigo violino sobrevivente confirmado, datado dentro, é o ""Charles IX"" de Andrea Amati, produzido em Cremona em 1564",A golden eagle with rotting zombie flesh regurgitates a pristine sour-tasting wooden box labeled Charles IX onto the parked carriage swallowing a royal crown.,gustatory,,5
ATOM_0308,BEAST_GERMAN_09_AG,single,,,Simple waves move evenly and repeat in a regular pattern.,,,,,1
ATOM_0309,BEAST_GERMAN_09_AH,single,,,Amplitude shows how far a wave moves away from its resting point.,,,,,1
ATOM_0310,BEAST_GERMAN_09_AI,single,,,"Real sounds are usually made of messy, overlapping vibrations.",,,,,1
ATOM_0311,BEAST_GERMAN_09_AK,single,,,"Vowel sounds are even and smooth, while consonants can be messy and irregular.",,,,,1
ATOM_0312,BEAST_GERMAN_10_AL,single,,,A sound gets louder when the space around it boosts the vibration.,,,,,1
ATOM_0313,BEAST_GERMAN_10_AM,single,,,The absolute base wave made by the source is the fundamental frequency.,,,,,1
ATOM_0314,BEAST_GERMAN_10_AN,single,,,Resonance bundles multiply the base frequency to create speech formants.,,,,,1
ATOM_0315,BEAST_GERMAN_10_AO,single,,,The fundamental pitch comes directly from the vocal folds buzzing.,,,,,1
ATOM_0316,BEAST_GERMAN_10_AP,single,,,"The throat shapes the first formant, the mouth shapes the second, and their interplay with the base sound forms the source-filter model.",,,,,1
ATOM_0317,BEAST_GERMAN_11_AQ,single,,,Reharse the german alphabet depicted here: https://github.com/duducm2/scripts/blob/main/mnemonics/studies/german/portals/mnemonics-aquatic-leech.md,,,,,1
