2026-05-05 09:46:04 | session-start source=chat_submit scope=vscode pinned=0
2026-05-05 09:46:04 | rearm source=chat_submit scope=vscode target=199580 sessions=1
2026-05-05 09:46:04 | trigger-accepted source=chat_submit scope=vscode target=199580 pinned=1
2026-05-05 09:46:04 | trigger-banner source=chat_submit text=⏳ Allow flow started from Enter send
2026-05-05 09:51:40 | start-impl-probe ide-windows=4
2026-05-05 09:51:41 | start-impl-btn scan hwnd=393802 total-btns=42
2026-05-05 09:51:41 | start-impl-btn scan hwnd=68592 total-btns=39
2026-05-05 09:51:41 | start-impl-btn scan hwnd=524752 total-btns=89
2026-05-05 09:51:41 | start-impl-btn scan hwnd=199580 total-btns=47
2026-05-05 09:51:41 | start-impl-probe ide-windows=4
2026-05-05 09:51:41 | start-impl-btn scan hwnd=393802 total-btns=42
2026-05-05 09:51:41 | start-impl-btn scan hwnd=68592 total-btns=39
2026-05-05 09:51:41 | start-impl-btn scan hwnd=524752 total-btns=89
2026-05-05 09:51:42 | start-impl-btn scan hwnd=199580 total-btns=47
2026-05-05 09:51:42 | start-impl-probe ide-windows=4
2026-05-05 09:51:42 | start-impl-btn scan hwnd=393802 total-btns=42
2026-05-05 09:51:42 | start-impl-btn scan hwnd=68592 total-btns=39
2026-05-05 09:51:42 | start-impl-btn scan hwnd=524752 total-btns=89
2026-05-05 09:51:42 | start-impl-btn scan hwnd=199580 total-btns=47
2026-05-05 09:51:43 | start-impl-probe ide-windows=4
2026-05-05 09:51:43 | start-impl-btn scan hwnd=393802 total-btns=42
2026-05-05 09:51:43 | start-impl-btn scan hwnd=68592 total-btns=39
2026-05-05 09:51:43 | start-impl-btn scan hwnd=524752 total-btns=89
2026-05-05 09:51:43 | start-impl-btn scan hwnd=199580 total-btns=47
2026-05-05 09:51:44 | start-impl-probe ide-windows=4
2026-05-05 09:51:44 | start-impl-btn scan hwnd=393802 total-btns=42
2026-05-05 09:51:44 | start-impl-btn scan hwnd=68592 total-btns=39
2026-05-05 09:51:44 | start-impl-btn scan hwnd=524752 total-btns=89
2026-05-05 09:51:44 | start-impl-btn scan hwnd=199580 total-btns=47
2026-05-05 09:51:45 | start-impl-probe ide-windows=4
2026-05-05 09:51:45 | start-impl-btn scan hwnd=393802 total-btns=42
2026-05-05 09:51:45 | start-impl-btn scan hwnd=68592 total-btns=39
2026-05-05 09:51:45 | start-impl-btn scan hwnd=524752 total-btns=89
2026-05-05 09:51:45 | start-impl-btn scan hwnd=199580 total-btns=47
2026-05-05 09:51:46 | start-impl-probe ide-windows=4
2026-05-05 09:51:46 | start-impl-btn scan hwnd=393802 total-btns=42
2026-05-05 09:51:46 | start-impl-btn scan hwnd=68592 total-btns=39
2026-05-05 09:51:46 | start-impl-btn scan hwnd=524752 total-btns=89
2026-05-05 09:51:46 | start-impl-btn scan hwnd=199580 total-btns=47
2026-05-05 09:51:47 | start-impl-probe ide-windows=4
2026-05-05 09:51:47 | start-impl-btn scan hwnd=393802 total-btns=42
2026-05-05 09:51:47 | start-impl-btn scan hwnd=68592 total-btns=39
2026-05-05 09:51:47 | start-impl-btn scan hwnd=524752 total-btns=89
2026-05-05 09:51:47 | start-impl-btn scan hwnd=199580 total-btns=47
2026-05-05 09:51:48 | start-impl-probe ide-windows=4
2026-05-05 09:51:48 | start-impl-btn scan hwnd=393802 total-btns=42
2026-05-05 09:51:48 | start-impl-btn scan hwnd=68592 total-btns=39
2026-05-05 09:51:48 | start-impl-btn scan hwnd=524752 total-btns=89
2026-05-05 09:51:48 | start-impl-btn scan hwnd=199580 total-btns=47
2026-05-05 09:51:49 | start-impl-probe ide-windows=4
2026-05-05 09:51:49 | start-impl-btn scan hwnd=393802 total-btns=42
2026-05-05 09:51:49 | start-impl-btn scan hwnd=68592 total-btns=39
2026-05-05 09:51:49 | start-impl-btn scan hwnd=524752 total-btns=89
2026-05-05 09:51:49 | start-impl-btn scan hwnd=199580 total-btns=47
2026-05-05 09:51:50 | start-impl-probe ide-windows=4
2026-05-05 09:51:50 | start-impl-btn scan hwnd=393802 total-btns=42
2026-05-05 09:51:50 | start-impl-btn scan hwnd=68592 total-btns=39
2026-05-05 09:51:50 | start-impl-btn scan hwnd=524752 total-btns=89
2026-05-05 09:51:50 | start-impl-btn scan hwnd=199580 total-btns=47
2026-05-05 09:51:50 | start-impl-probe ide-windows=4
2026-05-05 09:51:50 | start-impl-btn scan hwnd=393802 total-btns=42
2026-05-05 09:51:50 | start-impl-btn scan hwnd=68592 total-btns=39
2026-05-05 09:51:51 | start-impl-btn scan hwnd=524752 total-btns=89
2026-05-05 09:51:51 | start-impl-btn scan hwnd=199580 total-btns=47
2026-05-05 09:51:51 | start-impl-probe ide-windows=4
2026-05-05 09:51:51 | start-impl-btn scan hwnd=393802 total-btns=42
2026-05-05 09:51:51 | start-impl-btn scan hwnd=68592 total-btns=39
2026-05-05 09:51:51 | start-impl-btn scan hwnd=524752 total-btns=89
2026-05-05 09:51:51 | start-impl-btn scan hwnd=199580 total-btns=47
2026-05-05 09:51:52 | start-impl-probe ide-windows=4
2026-05-05 09:51:52 | start-impl-btn scan hwnd=393802 total-btns=42
2026-05-05 09:51:52 | start-impl-btn scan hwnd=68592 total-btns=39
2026-05-05 09:51:52 | start-impl-btn scan hwnd=524752 total-btns=89
2026-05-05 09:51:52 | start-impl-btn scan hwnd=199580 total-btns=47
2026-05-05 09:51:53 | start-impl-probe ide-windows=4
2026-05-05 09:51:53 | start-impl-btn scan hwnd=68592 total-btns=39
2026-05-05 09:51:53 | start-impl-btn scan hwnd=393802 total-btns=42
2026-05-05 09:51:53 | start-impl-btn scan hwnd=524752 total-btns=89
2026-05-05 09:51:53 | start-impl-btn scan hwnd=199580 total-btns=47
2026-05-05 09:51:54 | start-impl-probe ide-windows=4
2026-05-05 09:51:54 | start-impl-btn scan hwnd=393802 total-btns=42
2026-05-05 09:51:54 | start-impl-btn scan hwnd=68592 total-btns=39
2026-05-05 09:51:54 | start-impl-btn scan hwnd=524752 total-btns=89
2026-05-05 09:51:54 | start-impl-btn scan hwnd=199580 total-btns=47
2026-05-05 09:51:55 | start-impl-probe ide-windows=4
2026-05-05 09:51:55 | start-impl-btn scan hwnd=393802 total-btns=42
2026-05-05 09:51:55 | start-impl-btn scan hwnd=68592 total-btns=39
2026-05-05 09:51:55 | start-impl-btn scan hwnd=524752 total-btns=89
2026-05-05 09:51:55 | start-impl-btn scan hwnd=199580 total-btns=47
2026-05-05 09:51:56 | start-impl-probe ide-windows=4
2026-05-05 09:51:56 | start-impl-btn scan hwnd=393802 total-btns=42
2026-05-05 09:51:56 | start-impl-btn scan hwnd=68592 total-btns=39
2026-05-05 09:51:56 | start-impl-btn scan hwnd=524752 total-btns=89
2026-05-05 09:51:56 | start-impl-btn scan hwnd=199580 total-btns=47
2026-05-05 09:51:57 | start-impl-probe ide-windows=4
2026-05-05 09:51:57 | start-impl-btn scan hwnd=393802 total-btns=42
2026-05-05 09:51:57 | start-impl-btn scan hwnd=68592 total-btns=39
2026-05-05 09:51:57 | start-impl-btn scan hwnd=524752 total-btns=89
2026-05-05 09:51:57 | start-impl-btn scan hwnd=199580 total-btns=47
2026-05-05 09:51:58 | start-impl-probe ide-windows=4
2026-05-05 09:51:58 | start-impl-btn scan hwnd=393802 total-btns=42
2026-05-05 09:51:58 | start-impl-btn scan hwnd=68592 total-btns=39
2026-05-05 09:51:58 | start-impl-btn scan hwnd=524752 total-btns=89
2026-05-05 09:51:58 | start-impl-btn scan hwnd=199580 total-btns=47
2026-05-05 09:51:59 | start-impl-probe ide-windows=4
2026-05-05 09:51:59 | start-impl-btn scan hwnd=393802 total-btns=42
2026-05-05 09:51:59 | start-impl-btn scan hwnd=68592 total-btns=39
2026-05-05 09:51:59 | start-impl-btn scan hwnd=524752 total-btns=89
2026-05-05 09:51:59 | start-impl-btn scan hwnd=199580 total-btns=47
2026-05-05 09:51:59 | start-impl-probe ide-windows=4
2026-05-05 09:52:00 | start-impl-btn scan hwnd=393802 total-btns=42
2026-05-05 09:52:00 | start-impl-btn scan hwnd=68592 total-btns=39
2026-05-05 09:52:00 | start-impl-btn scan hwnd=524752 total-btns=89
2026-05-05 09:52:00 | start-impl-btn scan hwnd=199580 total-btns=47
2026-05-05 09:52:00 | start-impl-probe ide-windows=4
2026-05-05 09:52:00 | start-impl-btn scan hwnd=393802 total-btns=42
2026-05-05 09:52:00 | start-impl-btn scan hwnd=68592 total-btns=39
2026-05-05 09:52:01 | start-impl-btn scan hwnd=524752 total-btns=89
2026-05-05 09:52:01 | start-impl-btn scan hwnd=199580 total-btns=47
2026-05-05 09:52:01 | start-impl-probe ide-windows=4
2026-05-05 09:52:01 | start-impl-btn scan hwnd=393802 total-btns=42
2026-05-05 09:52:01 | start-impl-btn scan hwnd=68592 total-btns=39
2026-05-05 09:52:01 | start-impl-btn scan hwnd=524752 total-btns=89
2026-05-05 09:52:01 | start-impl-btn scan hwnd=199580 total-btns=47
2026-05-05 09:52:02 | start-impl-probe ide-windows=4
2026-05-05 09:52:02 | start-impl-btn scan hwnd=393802 total-btns=33
2026-05-05 09:52:02 | start-impl-btn scan hwnd=68592 total-btns=39
2026-05-05 09:52:02 | start-impl-btn scan hwnd=524752 total-btns=89
2026-05-05 09:52:02 | start-impl-btn scan hwnd=199580 total-btns=47
2026-05-05 09:52:03 | start-impl-probe ide-windows=4
2026-05-05 09:52:03 | start-impl-btn scan hwnd=393802 total-btns=33
2026-05-05 09:52:03 | start-impl-btn scan hwnd=68592 total-btns=39
2026-05-05 09:52:03 | start-impl-btn scan hwnd=524752 total-btns=89
2026-05-05 09:52:03 | start-impl-btn scan hwnd=199580 total-btns=47
2026-05-05 09:52:04 | start-impl-probe ide-windows=4
2026-05-05 09:52:04 | start-impl-btn scan hwnd=393802 total-btns=33
2026-05-05 09:52:04 | start-impl-btn scan hwnd=68592 total-btns=39
2026-05-05 09:52:04 | start-impl-btn scan hwnd=524752 total-btns=89
2026-05-05 09:52:04 | start-impl-btn scan hwnd=199580 total-btns=47
2026-05-05 09:52:05 | start-impl-probe ide-windows=4
2026-05-05 09:52:05 | start-impl-btn scan hwnd=393802 total-btns=33
2026-05-05 09:52:05 | start-impl-btn scan hwnd=68592 total-btns=39
2026-05-05 09:52:05 | start-impl-btn scan hwnd=524752 total-btns=89
2026-05-05 09:52:05 | start-impl-btn scan hwnd=199580 total-btns=47
2026-05-05 09:52:06 | start-impl-probe ide-windows=4
2026-05-05 09:52:06 | start-impl-btn scan hwnd=393802 total-btns=33
2026-05-05 09:52:06 | start-impl-btn scan hwnd=68592 total-btns=39
2026-05-05 09:52:06 | start-impl-btn scan hwnd=524752 total-btns=89
2026-05-05 09:52:06 | start-impl-btn scan hwnd=199580 total-btns=47
2026-05-05 09:52:07 | start-impl-probe ide-windows=4
2026-05-05 09:52:07 | start-impl-btn scan hwnd=393802 total-btns=33
2026-05-05 09:52:07 | start-impl-btn scan hwnd=68592 total-btns=39
2026-05-05 09:52:07 | start-impl-btn scan hwnd=524752 total-btns=89
2026-05-05 09:52:07 | start-impl-btn scan hwnd=199580 total-btns=47
2026-05-05 09:52:08 | start-impl-probe ide-windows=4
2026-05-05 09:52:08 | start-impl-btn scan hwnd=199580 total-btns=47
2026-05-05 09:52:08 | start-impl-btn scan hwnd=393802 total-btns=33
2026-05-05 09:52:08 | start-impl-btn scan hwnd=68592 total-btns=39
2026-05-05 09:52:08 | start-impl-btn scan hwnd=524752 total-btns=89
2026-05-05 09:52:09 | start-impl-probe ide-windows=4
2026-05-05 09:52:09 | start-impl-btn scan hwnd=199580 total-btns=47
2026-05-05 09:52:09 | start-impl-btn scan hwnd=393802 total-btns=33
2026-05-05 09:52:09 | start-impl-btn scan hwnd=68592 total-btns=39
2026-05-05 09:52:09 | start-impl-btn scan hwnd=524752 total-btns=89
2026-05-05 09:52:09 | start-impl-probe ide-windows=4
2026-05-05 09:52:09 | start-impl-btn scan hwnd=199580 total-btns=47
2026-05-05 09:52:10 | start-impl-btn scan hwnd=393802 total-btns=33
2026-05-05 09:52:10 | start-impl-btn scan hwnd=68592 total-btns=39
2026-05-05 09:52:10 | start-impl-btn scan hwnd=524752 total-btns=89
2026-05-05 09:52:10 | start-impl-probe ide-windows=4
2026-05-05 09:52:10 | start-impl-btn scan hwnd=199580 total-btns=41
2026-05-05 09:52:10 | start-impl-btn scan hwnd=393802 total-btns=33
2026-05-05 09:52:10 | start-impl-btn scan hwnd=68592 total-btns=39
2026-05-05 09:52:11 | start-impl-btn scan hwnd=524752 total-btns=89
2026-05-05 09:52:11 | start-impl-probe ide-windows=4
2026-05-05 09:52:11 | start-impl-btn scan hwnd=199580 total-btns=41
2026-05-05 09:52:11 | start-impl-btn scan hwnd=393802 total-btns=33
2026-05-05 09:52:11 | start-impl-btn scan hwnd=68592 total-btns=39
2026-05-05 09:52:11 | start-impl-btn scan hwnd=524752 total-btns=89
2026-05-05 09:52:12 | start-impl-probe ide-windows=4
2026-05-05 09:52:12 | start-impl-btn scan hwnd=199580 total-btns=41
2026-05-05 09:52:12 | start-impl-btn scan hwnd=393802 total-btns=33
2026-05-05 09:52:12 | start-impl-btn scan hwnd=68592 total-btns=39
2026-05-05 09:52:12 | start-impl-btn scan hwnd=524752 total-btns=89
2026-05-05 09:52:13 | start-impl-probe ide-windows=4
2026-05-05 09:52:13 | start-impl-btn scan hwnd=199580 total-btns=41
2026-05-05 09:52:13 | start-impl-btn scan hwnd=393802 total-btns=33
2026-05-05 09:52:13 | start-impl-btn scan hwnd=68592 total-btns=39
2026-05-05 09:52:13 | start-impl-btn scan hwnd=524752 total-btns=89
2026-05-05 09:52:14 | start-impl-probe ide-windows=4
2026-05-05 09:52:14 | start-impl-btn scan hwnd=199580 total-btns=41
2026-05-05 09:52:14 | start-impl-btn scan hwnd=393802 total-btns=33
2026-05-05 09:52:14 | start-impl-btn scan hwnd=68592 total-btns=39
2026-05-05 09:52:14 | start-impl-btn scan hwnd=524752 total-btns=89
2026-05-05 09:52:15 | start-impl-probe ide-windows=4
2026-05-05 09:52:15 | start-impl-btn scan hwnd=199580 total-btns=41
2026-05-05 09:52:15 | start-impl-btn scan hwnd=393802 total-btns=33
2026-05-05 09:52:15 | start-impl-btn scan hwnd=68592 total-btns=39
2026-05-05 09:52:15 | start-impl-btn scan hwnd=524752 total-btns=89
2026-05-05 09:52:16 | start-impl-probe ide-windows=4
2026-05-05 09:52:16 | start-impl-btn scan hwnd=199580 total-btns=41
2026-05-05 09:52:16 | start-impl-btn scan hwnd=393802 total-btns=33
2026-05-05 09:52:16 | start-impl-btn scan hwnd=68592 total-btns=39
2026-05-05 09:52:16 | start-impl-btn scan hwnd=524752 total-btns=89
2026-05-05 09:52:17 | start-impl-probe ide-windows=4
2026-05-05 09:52:17 | start-impl-btn scan hwnd=199580 total-btns=41
2026-05-05 09:52:17 | start-impl-btn scan hwnd=393802 total-btns=33
2026-05-05 09:52:17 | start-impl-btn scan hwnd=68592 total-btns=39
2026-05-05 09:52:17 | start-impl-btn scan hwnd=524752 total-btns=89
2026-05-05 09:52:18 | start-impl-probe ide-windows=4
2026-05-05 09:52:18 | start-impl-btn scan hwnd=199580 total-btns=41
2026-05-05 09:52:18 | start-impl-btn scan hwnd=393802 total-btns=33
2026-05-05 09:52:18 | start-impl-btn scan hwnd=68592 total-btns=39
2026-05-05 09:52:18 | start-impl-btn scan hwnd=524752 total-btns=89
2026-05-05 09:52:19 | start-impl-probe ide-windows=4
2026-05-05 09:52:19 | start-impl-btn scan hwnd=199580 total-btns=41
2026-05-05 09:52:19 | start-impl-btn scan hwnd=393802 total-btns=33
2026-05-05 09:52:19 | start-impl-btn scan hwnd=68592 total-btns=39
2026-05-05 09:52:19 | start-impl-btn scan hwnd=524752 total-btns=89
2026-05-05 09:52:19 | start-impl-probe ide-windows=4
2026-05-05 09:52:19 | start-impl-btn scan hwnd=199580 total-btns=41
2026-05-05 09:52:20 | start-impl-btn scan hwnd=393802 total-btns=33
2026-05-05 09:52:20 | start-impl-btn scan hwnd=68592 total-btns=39
2026-05-05 09:52:20 | start-impl-btn scan hwnd=524752 total-btns=89
2026-05-05 09:52:20 | start-impl-probe ide-windows=4
2026-05-05 09:52:20 | start-impl-btn scan hwnd=199580 total-btns=41
2026-05-05 09:52:20 | start-impl-btn scan hwnd=393802 total-btns=33
2026-05-05 09:52:20 | start-impl-btn scan hwnd=68592 total-btns=39
2026-05-05 09:52:20 | start-impl-btn scan hwnd=524752 total-btns=89
2026-05-05 09:52:21 | start-impl-probe ide-windows=4
2026-05-05 09:52:21 | start-impl-btn scan hwnd=199580 total-btns=41
2026-05-05 09:52:21 | start-impl-btn scan hwnd=393802 total-btns=33
2026-05-05 09:52:21 | start-impl-btn scan hwnd=68592 total-btns=39
2026-05-05 09:52:21 | start-impl-btn scan hwnd=524752 total-btns=89
2026-05-05 09:52:22 | start-impl-probe ide-windows=4
2026-05-05 09:52:22 | start-impl-btn scan hwnd=199580 total-btns=41
2026-05-05 09:52:22 | start-impl-btn scan hwnd=393802 total-btns=33
2026-05-05 09:52:22 | start-impl-btn scan hwnd=68592 total-btns=39
2026-05-05 09:52:22 | start-impl-btn scan hwnd=524752 total-btns=89
2026-05-05 09:52:23 | start-impl-probe ide-windows=4
2026-05-05 09:52:23 | start-impl-btn scan hwnd=199580 total-btns=41
2026-05-05 09:52:23 | start-impl-btn scan hwnd=393802 total-btns=33
2026-05-05 09:52:23 | start-impl-btn scan hwnd=68592 total-btns=39
2026-05-05 09:52:23 | start-impl-btn scan hwnd=524752 total-btns=89
2026-05-05 09:52:24 | start-impl-probe ide-windows=4
2026-05-05 09:52:24 | start-impl-btn scan hwnd=199580 total-btns=41
2026-05-05 09:52:24 | start-impl-btn scan hwnd=393802 total-btns=33
2026-05-05 09:52:24 | start-impl-btn scan hwnd=68592 total-btns=39
2026-05-05 09:52:24 | start-impl-btn scan hwnd=524752 total-btns=89
2026-05-05 09:52:25 | start-impl-probe ide-windows=4
2026-05-05 09:52:25 | start-impl-btn scan hwnd=199580 total-btns=41
2026-05-05 09:52:25 | start-impl-btn scan hwnd=393802 total-btns=33
2026-05-05 09:52:25 | start-impl-btn scan hwnd=68592 total-btns=39
2026-05-05 09:52:25 | start-impl-btn scan hwnd=524752 total-btns=89
2026-05-05 09:52:26 | start-impl-probe ide-windows=4
2026-05-05 09:52:26 | start-impl-btn scan hwnd=199580 total-btns=41
2026-05-05 09:52:26 | start-impl-btn scan hwnd=393802 total-btns=33
2026-05-05 09:52:26 | start-impl-btn scan hwnd=68592 total-btns=39
2026-05-05 09:52:26 | start-impl-btn scan hwnd=524752 total-btns=89
2026-05-05 09:52:27 | start-impl-probe ide-windows=4
2026-05-05 09:52:27 | start-impl-btn scan hwnd=199580 total-btns=41
2026-05-05 09:52:27 | start-impl-btn scan hwnd=393802 total-btns=33
2026-05-05 09:52:27 | start-impl-btn scan hwnd=68592 total-btns=39
2026-05-05 09:52:27 | start-impl-btn scan hwnd=524752 total-btns=89
2026-05-05 09:52:28 | start-impl-probe ide-windows=4
2026-05-05 09:52:28 | start-impl-btn scan hwnd=199580 total-btns=41
2026-05-05 09:52:28 | start-impl-btn scan hwnd=393802 total-btns=33
2026-05-05 09:52:28 | start-impl-btn scan hwnd=68592 total-btns=39
2026-05-05 09:52:28 | start-impl-btn scan hwnd=524752 total-btns=89
2026-05-05 09:52:28 | start-impl-probe ide-windows=4
2026-05-05 09:52:29 | start-impl-btn scan hwnd=199580 total-btns=41
2026-05-05 09:52:29 | start-impl-btn scan hwnd=393802 total-btns=33
2026-05-05 09:52:29 | start-impl-btn scan hwnd=68592 total-btns=39
2026-05-05 09:52:29 | start-impl-btn scan hwnd=524752 total-btns=89
2026-05-05 09:52:29 | start-impl-probe ide-windows=4
2026-05-05 09:52:29 | start-impl-btn scan hwnd=199580 total-btns=41
2026-05-05 09:52:29 | start-impl-btn scan hwnd=393802 total-btns=33
2026-05-05 09:52:30 | start-impl-btn scan hwnd=68592 total-btns=39
2026-05-05 09:52:30 | start-impl-btn scan hwnd=524752 total-btns=89
2026-05-05 09:52:30 | start-impl-probe ide-windows=4
2026-05-05 09:52:30 | start-impl-btn scan hwnd=199580 total-btns=41
2026-05-05 09:52:30 | start-impl-btn scan hwnd=393802 total-btns=33
2026-05-05 09:52:30 | start-impl-btn scan hwnd=68592 total-btns=39
2026-05-05 09:52:30 | start-impl-btn scan hwnd=524752 total-btns=89
2026-05-05 09:52:31 | start-impl-probe ide-windows=4
2026-05-05 09:52:31 | start-impl-btn scan hwnd=199580 total-btns=41
2026-05-05 09:52:31 | start-impl-btn scan hwnd=393802 total-btns=33
2026-05-05 09:52:31 | start-impl-btn scan hwnd=68592 total-btns=39
2026-05-05 09:52:31 | start-impl-btn scan hwnd=524752 total-btns=89
2026-05-05 09:52:32 | start-impl-probe ide-windows=4
2026-05-05 09:52:32 | start-impl-btn scan hwnd=199580 total-btns=41
2026-05-05 09:52:32 | start-impl-btn scan hwnd=393802 total-btns=33
2026-05-05 09:52:32 | start-impl-btn scan hwnd=68592 total-btns=39
2026-05-05 09:52:32 | start-impl-btn scan hwnd=524752 total-btns=89
2026-05-05 09:52:33 | start-impl-probe ide-windows=4
2026-05-05 09:52:33 | start-impl-btn scan hwnd=199580 total-btns=41
2026-05-05 09:52:33 | start-impl-btn scan hwnd=393802 total-btns=33
2026-05-05 09:52:33 | start-impl-btn scan hwnd=68592 total-btns=39
2026-05-05 09:52:33 | start-impl-btn scan hwnd=524752 total-btns=89
2026-05-05 09:52:34 | start-impl-probe ide-windows=4
2026-05-05 09:52:34 | start-impl-btn scan hwnd=199580 total-btns=41
2026-05-05 09:52:34 | start-impl-btn scan hwnd=393802 total-btns=33
2026-05-05 09:52:34 | start-impl-btn scan hwnd=68592 total-btns=39
2026-05-05 09:52:34 | start-impl-btn scan hwnd=524752 total-btns=89
2026-05-05 09:52:35 | start-impl-probe ide-windows=4
2026-05-05 09:52:35 | start-impl-btn scan hwnd=199580 total-btns=41
2026-05-05 09:52:35 | start-impl-btn scan hwnd=393802 total-btns=33
2026-05-05 09:52:35 | start-impl-btn scan hwnd=68592 total-btns=39
2026-05-05 09:52:35 | start-impl-btn scan hwnd=524752 total-btns=89
2026-05-05 09:52:36 | start-impl-probe ide-windows=4
2026-05-05 09:52:36 | start-impl-btn scan hwnd=199580 total-btns=41
2026-05-05 09:52:36 | start-impl-btn scan hwnd=393802 total-btns=33
2026-05-05 09:52:36 | start-impl-btn scan hwnd=68592 total-btns=39
2026-05-05 09:52:36 | start-impl-btn scan hwnd=524752 total-btns=89
2026-05-05 09:52:37 | start-impl-probe ide-windows=4
2026-05-05 09:52:37 | start-impl-btn scan hwnd=199580 total-btns=41
2026-05-05 09:52:37 | start-impl-btn scan hwnd=393802 total-btns=33
2026-05-05 09:52:37 | start-impl-btn scan hwnd=68592 total-btns=39
2026-05-05 09:52:37 | start-impl-btn scan hwnd=524752 total-btns=89
2026-05-05 09:52:38 | start-impl-probe ide-windows=4
2026-05-05 09:52:38 | start-impl-btn scan hwnd=199580 total-btns=41
2026-05-05 09:52:38 | start-impl-btn scan hwnd=393802 total-btns=33
2026-05-05 09:52:38 | start-impl-btn scan hwnd=68592 total-btns=39
2026-05-05 09:52:38 | start-impl-btn scan hwnd=524752 total-btns=89
2026-05-05 09:52:39 | start-impl-probe ide-windows=4
2026-05-05 09:52:39 | start-impl-btn scan hwnd=199580 total-btns=41
2026-05-05 09:52:39 | start-impl-btn scan hwnd=393802 total-btns=33
2026-05-05 09:52:39 | start-impl-btn scan hwnd=68592 total-btns=39
2026-05-05 09:52:39 | start-impl-btn scan hwnd=524752 total-btns=89
2026-05-05 09:52:40 | start-impl-probe ide-windows=4
2026-05-05 09:52:40 | start-impl-btn scan hwnd=199580 total-btns=41
2026-05-05 09:52:40 | start-impl-btn scan hwnd=393802 total-btns=33
2026-05-05 09:52:40 | start-impl-btn scan hwnd=68592 total-btns=39
2026-05-05 09:52:40 | start-impl-btn scan hwnd=524752 total-btns=89
2026-05-05 09:52:41 | start-impl-probe ide-windows=4
2026-05-05 09:52:41 | start-impl-btn scan hwnd=199580 total-btns=41
2026-05-05 09:52:41 | start-impl-btn scan hwnd=393802 total-btns=33
2026-05-05 09:52:41 | start-impl-btn scan hwnd=68592 total-btns=39
2026-05-05 09:52:41 | start-impl-btn scan hwnd=524752 total-btns=89
2026-05-05 09:52:42 | start-impl-probe ide-windows=4
2026-05-05 09:52:42 | start-impl-btn scan hwnd=199580 total-btns=42
2026-05-05 09:52:42 | start-impl-btn scan hwnd=393802 total-btns=33
2026-05-05 09:52:42 | start-impl-btn scan hwnd=68592 total-btns=39
2026-05-05 09:52:42 | start-impl-btn scan hwnd=524752 total-btns=89
2026-05-05 09:52:42 | enter-trigger detected proc=code hwnd=199580
2026-05-05 09:52:42 | start-impl-probe ide-windows=4
2026-05-05 09:52:43 | start-impl-btn scan hwnd=199580 total-btns=41
2026-05-05 09:52:43 | start-impl-btn scan hwnd=393802 total-btns=33
2026-05-05 09:52:43 | start-impl-btn scan hwnd=68592 total-btns=39
2026-05-05 09:52:43 | start-impl-btn scan hwnd=524752 total-btns=89
2026-05-05 09:52:43 | enter-trigger fallback-arm proc=code hwnd=199580
2026-05-05 09:52:43 | --- session-start source=chat_submit scope=vscode pinned=0 ---
2026-05-05 09:52:43 | rearm source=chat_submit scope=vscode target=199580 sessions=1
2026-05-05 09:52:43 | trigger-accepted source=chat_submit scope=vscode target=199580 pinned=1
2026-05-05 09:52:43 | trigger-banner source=chat_submit text=⏳ Allow flow started from Enter send
2026-05-05 09:52:43 | start-impl-probe blocked watcher-active=1
2026-05-05 09:52:44 | start-impl-probe blocked watcher-active=1
2026-05-05 09:52:45 | start-impl-probe blocked watcher-active=1
2026-05-05 09:52:46 | start-impl-probe blocked watcher-active=1
2026-05-05 09:52:47 | start-impl-probe blocked watcher-active=1
2026-05-05 09:52:48 | start-impl-probe blocked watcher-active=1
2026-05-05 09:52:49 | start-impl-probe blocked watcher-active=1
2026-05-05 09:52:50 | start-impl-probe blocked watcher-active=1
2026-05-05 09:52:51 | start-impl-probe blocked watcher-active=1
2026-05-05 09:52:52 | start-impl-probe blocked watcher-active=1
2026-05-05 09:52:52 | start-impl-probe blocked watcher-active=1
2026-05-05 09:52:53 | start-impl-probe blocked watcher-active=1
2026-05-05 09:52:54 | start-impl-probe blocked watcher-active=1
2026-05-05 09:52:55 | start-impl-probe blocked watcher-active=1
2026-05-05 09:52:56 | start-impl-probe blocked watcher-active=1
2026-05-05 09:52:57 | start-impl-probe blocked watcher-active=1
2026-05-05 09:52:58 | start-impl-probe blocked watcher-active=1
2026-05-05 09:52:59 | start-impl-probe blocked watcher-active=1
2026-05-05 09:53:00 | start-impl-probe blocked watcher-active=1
2026-05-05 09:53:01 | start-impl-probe blocked watcher-active=1
2026-05-05 09:53:02 | start-impl-probe blocked watcher-active=1
2026-05-05 09:53:02 | start-impl-probe blocked watcher-active=1
2026-05-05 09:53:03 | start-impl-probe blocked watcher-active=1
2026-05-05 09:53:04 | start-impl-probe blocked watcher-active=1
2026-05-05 09:53:05 | start-impl-probe blocked watcher-active=1
2026-05-05 09:53:06 | start-impl-probe blocked watcher-active=1
2026-05-05 09:53:07 | start-impl-probe blocked watcher-active=1
2026-05-05 09:53:08 | start-impl-probe blocked watcher-active=1
2026-05-05 09:53:09 | start-impl-probe blocked watcher-active=1
2026-05-05 09:53:10 | start-impl-probe blocked watcher-active=1
2026-05-05 09:53:11 | start-impl-probe blocked watcher-active=1
2026-05-05 09:53:12 | start-impl-probe blocked watcher-active=1
2026-05-05 09:53:12 | start-impl-probe blocked watcher-active=1
2026-05-05 09:53:13 | start-impl-probe blocked watcher-active=1
2026-05-05 09:53:14 | start-impl-probe blocked watcher-active=1
2026-05-05 09:53:15 | start-impl-probe blocked watcher-active=1
2026-05-05 09:53:16 | start-impl-probe blocked watcher-active=1
2026-05-05 09:53:17 | start-impl-probe blocked watcher-active=1
2026-05-05 09:53:18 | start-impl-probe blocked watcher-active=1
2026-05-05 09:53:19 | start-impl-probe blocked watcher-active=1
2026-05-05 09:53:20 | start-impl-probe blocked watcher-active=1
2026-05-05 09:53:21 | start-impl-probe blocked watcher-active=1
2026-05-05 09:53:22 | start-impl-probe blocked watcher-active=1
2026-05-05 09:53:22 | start-impl-probe blocked watcher-active=1
2026-05-05 09:53:23 | start-impl-probe blocked watcher-active=1
2026-05-05 09:53:24 | start-impl-probe blocked watcher-active=1
2026-05-05 09:53:25 | start-impl-probe blocked watcher-active=1
2026-05-05 09:53:26 | start-impl-probe blocked watcher-active=1
2026-05-05 09:53:27 | enter-trigger detected proc=code hwnd=524752
2026-05-05 09:53:27 | start-impl-probe blocked watcher-active=1
2026-05-05 09:53:28 | start-impl-probe blocked watcher-active=1
2026-05-05 09:53:29 | start-impl-probe blocked watcher-active=1
2026-05-05 09:53:30 | start-impl-probe blocked watcher-active=1
2026-05-05 09:53:31 | start-impl-probe blocked watcher-active=1
2026-05-05 09:53:32 | start-impl-probe blocked watcher-active=1
2026-05-05 09:53:32 | start-impl-probe blocked watcher-active=1
2026-05-05 09:53:33 | start-impl-probe blocked watcher-active=1
2026-05-05 09:53:34 | start-impl-probe blocked watcher-active=1
2026-05-05 09:53:35 | start-impl-probe blocked watcher-active=1
2026-05-05 09:53:36 | start-impl-probe blocked watcher-active=1
2026-05-05 09:53:37 | start-impl-probe blocked watcher-active=1
2026-05-05 09:53:38 | start-impl-probe blocked watcher-active=1
2026-05-05 09:53:39 | start-impl-probe blocked watcher-active=1
2026-05-05 09:53:40 | start-impl-probe blocked watcher-active=1
2026-05-05 09:53:41 | start-impl-probe blocked watcher-active=1
2026-05-05 09:53:42 | start-impl-probe blocked watcher-active=1
2026-05-05 09:53:42 | start-impl-probe blocked watcher-active=1
2026-05-05 09:53:43 | start-impl-probe blocked watcher-active=1
2026-05-05 09:53:44 | start-impl-probe blocked watcher-active=1
2026-05-05 09:53:45 | start-impl-probe blocked watcher-active=1
2026-05-05 09:53:46 | start-impl-probe blocked watcher-active=1
2026-05-05 09:53:47 | start-impl-probe blocked watcher-active=1
2026-05-05 09:53:48 | start-impl-probe blocked watcher-active=1
2026-05-05 09:53:49 | start-impl-probe blocked watcher-active=1
2026-05-05 09:53:50 | start-impl-probe blocked watcher-active=1
2026-05-05 09:53:51 | start-impl-probe blocked watcher-active=1
2026-05-05 09:53:52 | start-impl-probe blocked watcher-active=1
2026-05-05 09:53:52 | start-impl-probe blocked watcher-active=1
2026-05-05 09:53:53 | start-impl-probe blocked watcher-active=1
2026-05-05 09:53:54 | start-impl-probe blocked watcher-active=1
2026-05-05 09:53:55 | start-impl-probe blocked watcher-active=1
2026-05-05 09:53:56 | start-impl-probe blocked watcher-active=1
2026-05-05 09:53:57 | start-impl-probe blocked watcher-active=1
2026-05-05 09:53:58 | start-impl-probe blocked watcher-active=1
2026-05-05 09:53:59 | start-impl-probe blocked watcher-active=1
2026-05-05 09:54:00 | start-impl-probe blocked watcher-active=1
2026-05-05 09:54:01 | start-impl-probe blocked watcher-active=1
2026-05-05 09:54:01 | start-impl-probe blocked watcher-active=1
2026-05-05 09:54:02 | start-impl-probe blocked watcher-active=1
2026-05-05 09:54:03 | start-impl-probe blocked watcher-active=1
2026-05-05 09:54:04 | start-impl-probe blocked watcher-active=1
2026-05-05 09:54:05 | start-impl-probe blocked watcher-active=1
2026-05-05 09:54:06 | start-impl-probe blocked watcher-active=1
2026-05-05 09:54:07 | start-impl-probe blocked watcher-active=1
2026-05-05 09:54:08 | start-impl-probe blocked watcher-active=1
2026-05-05 09:54:09 | start-impl-probe blocked watcher-active=1
2026-05-05 09:54:10 | start-impl-probe blocked watcher-active=1
2026-05-05 09:54:11 | start-impl-probe blocked watcher-active=1
2026-05-05 09:54:11 | start-impl-probe blocked watcher-active=1
2026-05-05 09:54:12 | start-impl-probe blocked watcher-active=1
2026-05-05 09:54:13 | start-impl-probe blocked watcher-active=1
2026-05-05 09:54:14 | start-impl-probe blocked watcher-active=1
2026-05-05 09:54:15 | start-impl-probe blocked watcher-active=1
2026-05-05 09:54:16 | start-impl-probe blocked watcher-active=1
2026-05-05 09:54:17 | start-impl-probe blocked watcher-active=1
2026-05-05 09:54:18 | start-impl-probe blocked watcher-active=1
2026-05-05 09:54:19 | start-impl-probe blocked watcher-active=1
2026-05-05 09:54:20 | start-impl-probe blocked watcher-active=1
2026-05-05 09:54:21 | start-impl-probe blocked watcher-active=1
2026-05-05 09:54:21 | start-impl-probe blocked watcher-active=1
2026-05-05 09:54:22 | start-impl-probe blocked watcher-active=1
2026-05-05 09:54:23 | start-impl-probe blocked watcher-active=1
2026-05-05 09:54:24 | start-impl-probe blocked watcher-active=1
2026-05-05 09:54:25 | start-impl-probe blocked watcher-active=1
2026-05-05 09:54:26 | start-impl-probe blocked watcher-active=1
2026-05-05 09:54:27 | start-impl-probe blocked watcher-active=1
2026-05-05 09:54:28 | start-impl-probe blocked watcher-active=1
2026-05-05 09:54:29 | start-impl-probe blocked watcher-active=1
2026-05-05 09:54:30 | start-impl-probe blocked watcher-active=1
2026-05-05 09:54:31 | start-impl-probe blocked watcher-active=1
2026-05-05 09:54:31 | start-impl-probe blocked watcher-active=1
2026-05-05 09:54:32 | start-impl-probe blocked watcher-active=1
2026-05-05 09:54:33 | start-impl-probe blocked watcher-active=1
2026-05-05 09:54:34 | start-impl-probe blocked watcher-active=1
2026-05-05 09:54:35 | start-impl-probe blocked watcher-active=1
2026-05-05 09:54:36 | start-impl-probe blocked watcher-active=1
2026-05-05 09:54:37 | start-impl-probe blocked watcher-active=1
2026-05-05 09:54:38 | start-impl-probe blocked watcher-active=1
2026-05-05 09:54:39 | start-impl-probe blocked watcher-active=1
2026-05-05 09:54:40 | start-impl-probe blocked watcher-active=1
2026-05-05 09:54:40 | start-impl-probe blocked watcher-active=1
2026-05-05 09:54:41 | start-impl-probe blocked watcher-active=1
2026-05-05 09:54:42 | start-impl-probe blocked watcher-active=1
2026-05-05 09:54:43 | start-impl-probe blocked watcher-active=1
2026-05-05 09:54:44 | start-impl-probe blocked watcher-active=1
2026-05-05 09:54:45 | start-impl-probe blocked watcher-active=1
2026-05-05 09:54:46 | start-impl-probe blocked watcher-active=1
2026-05-05 09:54:47 | start-impl-probe blocked watcher-active=1
2026-05-05 09:54:48 | start-impl-probe blocked watcher-active=1
2026-05-05 09:54:49 | start-impl-probe blocked watcher-active=1
2026-05-05 09:54:50 | start-impl-probe blocked watcher-active=1
2026-05-05 09:54:50 | start-impl-probe blocked watcher-active=1
2026-05-05 09:54:51 | start-impl-probe blocked watcher-active=1
2026-05-05 09:54:52 | start-impl-probe blocked watcher-active=1
2026-05-05 09:54:53 | start-impl-probe blocked watcher-active=1
2026-05-05 09:54:54 | start-impl-probe blocked watcher-active=1
2026-05-05 09:54:55 | start-impl-probe blocked watcher-active=1
2026-05-05 09:54:56 | start-impl-probe blocked watcher-active=1
2026-05-05 09:54:57 | start-impl-probe blocked watcher-active=1
2026-05-05 09:54:58 | start-impl-probe blocked watcher-active=1
2026-05-05 09:54:59 | start-impl-probe blocked watcher-active=1
2026-05-05 09:55:00 | start-impl-probe blocked watcher-active=1
2026-05-05 09:55:00 | start-impl-probe blocked watcher-active=1
2026-05-05 09:55:01 | start-impl-probe blocked watcher-active=1
2026-05-05 09:55:02 | start-impl-probe blocked watcher-active=1
2026-05-05 09:55:03 | start-impl-probe blocked watcher-active=1
2026-05-05 09:55:04 | start-impl-probe blocked watcher-active=1
2026-05-05 09:55:05 | start-impl-probe blocked watcher-active=1
2026-05-05 09:55:06 | start-impl-probe blocked watcher-active=1
2026-05-05 09:55:07 | start-impl-probe blocked watcher-active=1
2026-05-05 09:55:08 | start-impl-probe blocked watcher-active=1
2026-05-05 09:55:09 | start-impl-probe blocked watcher-active=1
2026-05-05 09:55:10 | start-impl-probe blocked watcher-active=1
2026-05-05 09:55:10 | start-impl-probe blocked watcher-active=1
2026-05-05 09:55:11 | start-impl-probe blocked watcher-active=1
2026-05-05 09:55:12 | start-impl-probe blocked watcher-active=1
2026-05-05 09:55:13 | start-impl-probe blocked watcher-active=1
2026-05-05 09:55:14 | start-impl-probe blocked watcher-active=1
2026-05-05 09:55:15 | start-impl-probe blocked watcher-active=1
2026-05-05 09:55:16 | start-impl-probe blocked watcher-active=1
2026-05-05 09:55:17 | start-impl-probe blocked watcher-active=1
2026-05-05 09:55:18 | start-impl-probe blocked watcher-active=1
2026-05-05 09:55:19 | start-impl-probe blocked watcher-active=1
2026-05-05 09:55:20 | start-impl-probe blocked watcher-active=1
2026-05-05 09:55:20 | start-impl-probe blocked watcher-active=1
2026-05-05 09:55:21 | start-impl-probe blocked watcher-active=1
2026-05-05 09:55:22 | start-impl-probe blocked watcher-active=1
2026-05-05 09:55:23 | start-impl-probe blocked watcher-active=1
2026-05-05 09:55:24 | start-impl-probe blocked watcher-active=1
2026-05-05 09:55:25 | start-impl-probe blocked watcher-active=1
2026-05-05 09:55:26 | start-impl-probe blocked watcher-active=1
2026-05-05 09:55:27 | start-impl-probe blocked watcher-active=1
2026-05-05 09:55:28 | start-impl-probe blocked watcher-active=1
2026-05-05 09:55:29 | start-impl-probe blocked watcher-active=1
2026-05-05 09:55:30 | start-impl-probe blocked watcher-active=1
2026-05-05 09:55:30 | start-impl-probe blocked watcher-active=1
2026-05-05 09:55:31 | start-impl-probe blocked watcher-active=1
2026-05-05 09:55:32 | start-impl-probe blocked watcher-active=1
2026-05-05 09:55:33 | start-impl-probe blocked watcher-active=1
2026-05-05 09:55:34 | start-impl-probe blocked watcher-active=1
2026-05-05 09:55:35 | start-impl-probe blocked watcher-active=1
2026-05-05 09:55:36 | start-impl-probe blocked watcher-active=1
2026-05-05 09:55:37 | start-impl-probe blocked watcher-active=1
2026-05-05 09:55:38 | start-impl-probe blocked watcher-active=1
2026-05-05 09:55:39 | start-impl-probe blocked watcher-active=1
2026-05-05 09:55:40 | start-impl-probe blocked watcher-active=1
2026-05-05 09:55:40 | start-impl-probe blocked watcher-active=1
2026-05-05 09:55:41 | start-impl-probe blocked watcher-active=1
2026-05-05 09:55:42 | start-impl-probe blocked watcher-active=1
2026-05-05 09:55:43 | start-impl-probe blocked watcher-active=1
2026-05-05 09:55:44 | start-impl-probe blocked watcher-active=1
2026-05-05 09:55:45 | start-impl-probe blocked watcher-active=1
2026-05-05 09:55:46 | start-impl-probe blocked watcher-active=1
2026-05-05 09:55:47 | start-impl-probe blocked watcher-active=1
2026-05-05 09:55:48 | start-impl-probe blocked watcher-active=1
2026-05-05 09:55:49 | start-impl-probe blocked watcher-active=1
2026-05-05 09:55:50 | start-impl-probe blocked watcher-active=1
2026-05-05 09:55:50 | start-impl-probe blocked watcher-active=1
2026-05-05 09:55:51 | start-impl-probe blocked watcher-active=1
2026-05-05 09:55:52 | start-impl-probe blocked watcher-active=1
2026-05-05 09:55:53 | start-impl-probe blocked watcher-active=1
2026-05-05 09:55:54 | start-impl-probe blocked watcher-active=1
2026-05-05 09:55:55 | start-impl-probe blocked watcher-active=1
2026-05-05 09:55:56 | start-impl-probe blocked watcher-active=1
2026-05-05 09:55:57 | start-impl-probe blocked watcher-active=1
2026-05-05 09:55:58 | start-impl-probe blocked watcher-active=1
2026-05-05 09:55:59 | start-impl-probe blocked watcher-active=1
2026-05-05 09:55:59 | start-impl-probe blocked watcher-active=1
2026-05-05 09:56:00 | start-impl-probe blocked watcher-active=1
2026-05-05 09:56:01 | start-impl-probe blocked watcher-active=1
2026-05-05 09:56:02 | start-impl-probe blocked watcher-active=1
2026-05-05 09:56:03 | start-impl-probe blocked watcher-active=1
2026-05-05 09:56:04 | start-impl-probe blocked watcher-active=1
2026-05-05 09:56:05 | start-impl-probe blocked watcher-active=1
2026-05-05 09:56:06 | start-impl-probe blocked watcher-active=1
2026-05-05 09:56:07 | start-impl-probe blocked watcher-active=1
2026-05-05 09:56:08 | start-impl-probe blocked watcher-active=1
2026-05-05 09:56:09 | start-impl-probe blocked watcher-active=1
2026-05-05 09:56:09 | start-impl-probe blocked watcher-active=1
2026-05-05 09:56:10 | start-impl-probe blocked watcher-active=1
2026-05-05 09:56:11 | start-impl-probe blocked watcher-active=1
2026-05-05 09:56:12 | start-impl-probe blocked watcher-active=1
2026-05-05 09:56:13 | start-impl-probe blocked watcher-active=1
2026-05-05 09:56:14 | start-impl-probe blocked watcher-active=1
2026-05-05 09:56:15 | start-impl-probe blocked watcher-active=1
2026-05-05 09:56:16 | start-impl-probe blocked watcher-active=1
2026-05-05 09:56:17 | start-impl-probe blocked watcher-active=1
2026-05-05 09:56:18 | start-impl-probe blocked watcher-active=1
2026-05-05 09:56:19 | start-impl-probe blocked watcher-active=1
2026-05-05 09:56:19 | start-impl-probe blocked watcher-active=1
2026-05-05 09:56:20 | start-impl-probe blocked watcher-active=1
2026-05-05 09:56:21 | start-impl-probe blocked watcher-active=1
2026-05-05 09:56:22 | start-impl-probe blocked watcher-active=1
2026-05-05 09:56:23 | start-impl-probe blocked watcher-active=1
2026-05-05 09:56:24 | start-impl-probe blocked watcher-active=1
2026-05-05 09:56:25 | start-impl-probe blocked watcher-active=1
2026-05-05 09:56:26 | start-impl-probe blocked watcher-active=1
2026-05-05 09:56:27 | start-impl-probe blocked watcher-active=1
2026-05-05 09:56:28 | start-impl-probe blocked watcher-active=1
2026-05-05 09:56:29 | start-impl-probe blocked watcher-active=1
2026-05-05 09:56:29 | start-impl-probe blocked watcher-active=1
2026-05-05 09:56:30 | start-impl-probe blocked watcher-active=1
2026-05-05 09:56:31 | start-impl-probe blocked watcher-active=1
2026-05-05 09:56:32 | start-impl-probe blocked watcher-active=1
2026-05-05 09:56:33 | start-impl-probe blocked watcher-active=1
2026-05-05 09:56:34 | start-impl-probe blocked watcher-active=1
2026-05-05 09:56:35 | start-impl-probe blocked watcher-active=1
2026-05-05 09:56:36 | start-impl-probe blocked watcher-active=1
2026-05-05 09:56:37 | start-impl-probe blocked watcher-active=1
2026-05-05 09:56:38 | start-impl-probe blocked watcher-active=1
2026-05-05 09:56:39 | start-impl-probe blocked watcher-active=1
2026-05-05 09:56:39 | start-impl-probe blocked watcher-active=1
2026-05-05 09:56:40 | start-impl-probe blocked watcher-active=1
2026-05-05 09:56:41 | start-impl-probe blocked watcher-active=1
2026-05-05 09:56:42 | start-impl-probe blocked watcher-active=1
2026-05-05 09:56:43 | start-impl-probe blocked watcher-active=1
2026-05-05 09:56:44 | start-impl-probe blocked watcher-active=1
2026-05-05 09:56:45 | start-impl-probe blocked watcher-active=1
2026-05-05 09:56:46 | start-impl-probe blocked watcher-active=1
2026-05-05 09:56:47 | start-impl-probe blocked watcher-active=1
2026-05-05 09:56:48 | start-impl-probe blocked watcher-active=1
2026-05-05 09:56:49 | start-impl-probe blocked watcher-active=1
2026-05-05 09:56:49 | start-impl-probe blocked watcher-active=1
2026-05-05 09:56:50 | start-impl-probe blocked watcher-active=1
2026-05-05 09:56:51 | start-impl-probe blocked watcher-active=1
2026-05-05 09:56:52 | start-impl-probe blocked watcher-active=1
2026-05-05 09:56:53 | start-impl-probe blocked watcher-active=1
2026-05-05 09:56:54 | start-impl-probe blocked watcher-active=1
2026-05-05 09:56:55 | start-impl-probe blocked watcher-active=1
2026-05-05 09:56:56 | start-impl-probe blocked watcher-active=1
2026-05-05 09:56:57 | start-impl-probe blocked watcher-active=1
2026-05-05 09:56:58 | start-impl-probe blocked watcher-active=1
2026-05-05 09:56:58 | start-impl-probe blocked watcher-active=1
2026-05-05 09:56:59 | start-impl-probe blocked watcher-active=1
2026-05-05 09:57:00 | start-impl-probe blocked watcher-active=1
2026-05-05 09:57:01 | start-impl-probe blocked watcher-active=1
2026-05-05 09:57:02 | start-impl-probe blocked watcher-active=1
2026-05-05 09:57:03 | start-impl-probe blocked watcher-active=1
2026-05-05 09:57:04 | start-impl-probe blocked watcher-active=1
2026-05-05 09:57:05 | start-impl-probe blocked watcher-active=1
2026-05-05 09:57:06 | start-impl-probe blocked watcher-active=1
2026-05-05 09:57:07 | start-impl-probe blocked watcher-active=1
2026-05-05 09:57:08 | start-impl-probe blocked watcher-active=1
2026-05-05 09:57:08 | start-impl-probe blocked watcher-active=1
2026-05-05 09:57:09 | start-impl-probe blocked watcher-active=1
2026-05-05 09:57:10 | start-impl-probe blocked watcher-active=1
2026-05-05 09:57:11 | start-impl-probe blocked watcher-active=1
2026-05-05 09:57:12 | start-impl-probe blocked watcher-active=1
2026-05-05 09:57:13 | start-impl-probe blocked watcher-active=1
2026-05-05 09:57:14 | start-impl-probe blocked watcher-active=1
2026-05-05 09:57:15 | start-impl-probe blocked watcher-active=1
2026-05-05 09:57:16 | start-impl-probe blocked watcher-active=1
2026-05-05 09:57:17 | start-impl-probe blocked watcher-active=1
2026-05-05 09:57:18 | start-impl-probe blocked watcher-active=1
2026-05-05 09:57:18 | start-impl-probe blocked watcher-active=1
2026-05-05 09:57:19 | start-impl-probe blocked watcher-active=1
2026-05-05 09:57:20 | start-impl-probe blocked watcher-active=1
2026-05-05 09:57:21 | start-impl-probe blocked watcher-active=1
2026-05-05 09:57:22 | start-impl-probe blocked watcher-active=1
2026-05-05 09:57:23 | start-impl-probe blocked watcher-active=1
2026-05-05 09:57:24 | start-impl-probe blocked watcher-active=1
2026-05-05 09:57:25 | start-impl-probe blocked watcher-active=1
2026-05-05 09:57:26 | start-impl-probe blocked watcher-active=1
2026-05-05 09:57:27 | start-impl-probe blocked watcher-active=1
2026-05-05 09:57:28 | start-impl-probe blocked watcher-active=1
2026-05-05 09:57:28 | start-impl-probe blocked watcher-active=1
2026-05-05 09:57:29 | start-impl-probe blocked watcher-active=1
2026-05-05 09:57:30 | start-impl-probe blocked watcher-active=1
2026-05-05 09:57:31 | start-impl-probe blocked watcher-active=1
2026-05-05 09:57:32 | start-impl-probe blocked watcher-active=1
2026-05-05 09:57:33 | start-impl-probe blocked watcher-active=1
2026-05-05 09:57:34 | start-impl-probe blocked watcher-active=1
2026-05-05 09:57:35 | start-impl-probe blocked watcher-active=1
2026-05-05 09:57:36 | start-impl-probe blocked watcher-active=1
2026-05-05 09:57:37 | start-impl-probe blocked watcher-active=1
2026-05-05 09:57:37 | start-impl-probe blocked watcher-active=1
2026-05-05 09:57:38 | start-impl-probe blocked watcher-active=1
2026-05-05 09:57:39 | start-impl-probe blocked watcher-active=1
2026-05-05 09:57:40 | start-impl-probe blocked watcher-active=1
2026-05-05 09:57:41 | start-impl-probe blocked watcher-active=1
2026-05-05 09:57:42 | start-impl-probe blocked watcher-active=1
2026-05-05 09:57:43 | start-impl-probe blocked watcher-active=1
2026-05-05 09:57:44 | start-impl-probe blocked watcher-active=1
2026-05-05 09:57:45 | start-impl-probe blocked watcher-active=1
2026-05-05 09:57:46 | start-impl-probe blocked watcher-active=1
2026-05-05 09:57:47 | start-impl-probe blocked watcher-active=1
2026-05-05 09:57:47 | start-impl-probe blocked watcher-active=1
2026-05-05 09:57:48 | start-impl-probe blocked watcher-active=1
2026-05-05 09:57:49 | start-impl-probe blocked watcher-active=1
2026-05-05 09:57:50 | start-impl-probe blocked watcher-active=1
2026-05-05 09:57:51 | start-impl-probe blocked watcher-active=1
2026-05-05 09:57:52 | start-impl-probe blocked watcher-active=1
2026-05-05 09:57:53 | start-impl-probe blocked watcher-active=1
2026-05-05 09:57:54 | start-impl-probe blocked watcher-active=1
2026-05-05 09:57:55 | start-impl-probe blocked watcher-active=1
2026-05-05 09:57:56 | start-impl-probe blocked watcher-active=1
2026-05-05 09:57:57 | start-impl-probe blocked watcher-active=1
2026-05-05 09:57:57 | start-impl-probe blocked watcher-active=1
2026-05-05 09:57:58 | start-impl-probe blocked watcher-active=1
2026-05-05 09:57:59 | start-impl-probe blocked watcher-active=1
2026-05-05 09:58:00 | start-impl-probe blocked watcher-active=1
2026-05-05 09:58:01 | start-impl-probe blocked watcher-active=1
2026-05-05 09:58:02 | start-impl-probe blocked watcher-active=1
2026-05-05 09:58:03 | start-impl-probe blocked watcher-active=1
2026-05-05 09:58:04 | start-impl-probe blocked watcher-active=1
2026-05-05 09:58:05 | start-impl-probe blocked watcher-active=1
2026-05-05 09:58:06 | start-impl-probe blocked watcher-active=1
2026-05-05 09:58:07 | start-impl-probe blocked watcher-active=1
2026-05-05 09:58:07 | start-impl-probe blocked watcher-active=1
2026-05-05 09:58:08 | start-impl-probe blocked watcher-active=1
2026-05-05 09:58:09 | start-impl-probe blocked watcher-active=1
2026-05-05 09:58:10 | start-impl-probe blocked watcher-active=1
2026-05-05 09:58:11 | start-impl-probe blocked watcher-active=1
2026-05-05 09:58:12 | start-impl-probe blocked watcher-active=1
2026-05-05 09:58:13 | start-impl-probe blocked watcher-active=1
2026-05-05 09:58:14 | start-impl-probe blocked watcher-active=1
2026-05-05 09:58:15 | start-impl-probe blocked watcher-active=1
2026-05-05 09:58:16 | start-impl-probe blocked watcher-active=1
2026-05-05 09:58:16 | start-impl-probe blocked watcher-active=1
2026-05-05 09:58:17 | start-impl-probe blocked watcher-active=1
2026-05-05 09:58:18 | start-impl-probe blocked watcher-active=1
2026-05-05 09:58:19 | start-impl-probe blocked watcher-active=1
2026-05-05 09:58:20 | start-impl-probe blocked watcher-active=1
2026-05-05 09:58:21 | start-impl-probe blocked watcher-active=1
2026-05-05 09:58:22 | start-impl-probe blocked watcher-active=1
2026-05-05 09:58:23 | start-impl-probe blocked watcher-active=1
2026-05-05 09:58:24 | start-impl-probe blocked watcher-active=1
2026-05-05 09:58:25 | start-impl-probe blocked watcher-active=1
2026-05-05 09:58:26 | start-impl-probe blocked watcher-active=1
2026-05-05 09:58:26 | start-impl-probe blocked watcher-active=1
2026-05-05 09:58:27 | start-impl-probe blocked watcher-active=1
2026-05-05 09:58:28 | start-impl-probe blocked watcher-active=1
2026-05-05 09:58:29 | start-impl-probe blocked watcher-active=1
2026-05-05 09:58:30 | start-impl-probe blocked watcher-active=1
2026-05-05 09:58:31 | start-impl-probe blocked watcher-active=1
2026-05-05 09:58:32 | start-impl-probe blocked watcher-active=1
2026-05-05 09:58:33 | start-impl-probe blocked watcher-active=1
2026-05-05 09:58:34 | start-impl-probe blocked watcher-active=1
2026-05-05 09:58:35 | start-impl-probe blocked watcher-active=1
2026-05-05 09:58:49 | start-impl-probe ide-windows=3
2026-05-05 09:58:49 | start-impl-btn scan hwnd=199580 total-btns=41
2026-05-05 09:58:49 | start-impl-btn scan hwnd=524752 total-btns=91
2026-05-05 09:58:49 | start-impl-btn scan hwnd=68592 total-btns=39
2026-05-05 09:58:50 | start-impl-probe ide-windows=3
2026-05-05 09:58:50 | start-impl-btn scan hwnd=199580 total-btns=41
2026-05-05 09:58:50 | start-impl-btn scan hwnd=524752 total-btns=91
2026-05-05 09:58:50 | start-impl-btn scan hwnd=68592 total-btns=39
2026-05-05 09:58:51 | start-impl-probe ide-windows=3
2026-05-05 09:58:51 | start-impl-btn scan hwnd=199580 total-btns=41
2026-05-05 09:58:51 | start-impl-btn scan hwnd=524752 total-btns=91
2026-05-05 09:58:51 | start-impl-btn scan hwnd=68592 total-btns=39
2026-05-05 09:58:51 | enter-trigger detected proc=code hwnd=199580
2026-05-05 09:58:51 | enter-trigger fallback-arm proc=code hwnd=199580
2026-05-05 09:58:51 | --- session-start source=chat_submit scope=vscode pinned=0 ---
2026-05-05 09:58:51 | rearm source=chat_submit scope=vscode target=199580 sessions=1
2026-05-05 09:58:51 | trigger-accepted source=chat_submit scope=vscode target=199580 pinned=1
2026-05-05 09:58:51 | trigger-banner source=chat_submit text=⏳ Allow flow started from Enter send
2026-05-05 09:58:52 | start-impl-probe blocked watcher-active=1
2026-05-05 09:58:53 | start-impl-probe blocked watcher-active=1
2026-05-05 09:58:54 | start-impl-probe blocked watcher-active=1
2026-05-05 09:58:54 | start-impl-probe blocked watcher-active=1
2026-05-05 09:58:55 | start-impl-probe blocked watcher-active=1
2026-05-05 09:58:56 | start-impl-probe blocked watcher-active=1
2026-05-05 09:58:57 | start-impl-probe blocked watcher-active=1
2026-05-05 09:58:58 | start-impl-probe blocked watcher-active=1
2026-05-05 09:58:59 | start-impl-probe blocked watcher-active=1
2026-05-05 09:59:00 | start-impl-probe blocked watcher-active=1
2026-05-05 09:59:01 | start-impl-probe blocked watcher-active=1
2026-05-05 09:59:02 | start-impl-probe blocked watcher-active=1
2026-05-05 09:59:03 | start-impl-probe blocked watcher-active=1
2026-05-05 09:59:04 | start-impl-probe blocked watcher-active=1
2026-05-05 09:59:04 | start-impl-probe blocked watcher-active=1
2026-05-05 09:59:05 | start-impl-probe blocked watcher-active=1
2026-05-05 09:59:06 | start-impl-probe blocked watcher-active=1
2026-05-05 09:59:07 | start-impl-probe blocked watcher-active=1
2026-05-05 09:59:08 | start-impl-probe blocked watcher-active=1
2026-05-05 09:59:09 | start-impl-probe blocked watcher-active=1
2026-05-05 09:59:10 | start-impl-probe blocked watcher-active=1
2026-05-05 09:59:11 | start-impl-probe blocked watcher-active=1
2026-05-05 09:59:12 | start-impl-probe blocked watcher-active=1
2026-05-05 09:59:13 | start-impl-probe blocked watcher-active=1
2026-05-05 09:59:14 | start-impl-probe blocked watcher-active=1
2026-05-05 09:59:14 | start-impl-probe blocked watcher-active=1
2026-05-05 09:59:15 | start-impl-probe blocked watcher-active=1
2026-05-05 09:59:16 | start-impl-probe blocked watcher-active=1
2026-05-05 09:59:17 | start-impl-probe blocked watcher-active=1
2026-05-05 09:59:18 | start-impl-probe blocked watcher-active=1
2026-05-05 09:59:19 | start-impl-probe blocked watcher-active=1
2026-05-05 09:59:20 | start-impl-probe blocked watcher-active=1
2026-05-05 09:59:21 | start-impl-probe blocked watcher-active=1
2026-05-05 09:59:22 | start-impl-probe blocked watcher-active=1
2026-05-05 09:59:22 | enter-trigger detected proc=code hwnd=524752
2026-05-05 09:59:23 | start-impl-probe blocked watcher-active=1
2026-05-05 09:59:24 | start-impl-probe blocked watcher-active=1
2026-05-05 09:59:24 | start-impl-probe blocked watcher-active=1
2026-05-05 09:59:25 | start-impl-probe blocked watcher-active=1
2026-05-05 09:59:26 | start-impl-probe blocked watcher-active=1
2026-05-05 09:59:27 | start-impl-probe blocked watcher-active=1
2026-05-05 09:59:28 | start-impl-probe blocked watcher-active=1
2026-05-05 09:59:29 | start-impl-probe blocked watcher-active=1
2026-05-05 09:59:30 | start-impl-probe blocked watcher-active=1
2026-05-05 09:59:31 | start-impl-probe blocked watcher-active=1
2026-05-05 09:59:32 | start-impl-probe blocked watcher-active=1
2026-05-05 09:59:33 | start-impl-probe blocked watcher-active=1
2026-05-05 09:59:34 | start-impl-probe blocked watcher-active=1
2026-05-05 09:59:34 | start-impl-probe blocked watcher-active=1
2026-05-05 09:59:35 | start-impl-probe blocked watcher-active=1
2026-05-05 09:59:36 | start-impl-probe blocked watcher-active=1
2026-05-05 09:59:37 | start-impl-probe blocked watcher-active=1
2026-05-05 09:59:38 | start-impl-probe blocked watcher-active=1
2026-05-05 09:59:39 | start-impl-probe blocked watcher-active=1
2026-05-05 09:59:40 | start-impl-probe blocked watcher-active=1
2026-05-05 09:59:41 | start-impl-probe blocked watcher-active=1
2026-05-05 09:59:42 | start-impl-probe blocked watcher-active=1
2026-05-05 09:59:43 | start-impl-probe blocked watcher-active=1
2026-05-05 09:59:43 | start-impl-probe blocked watcher-active=1
2026-05-05 09:59:44 | start-impl-probe blocked watcher-active=1
2026-05-05 09:59:45 | start-impl-probe blocked watcher-active=1
2026-05-05 09:59:46 | start-impl-probe blocked watcher-active=1
2026-05-05 09:59:47 | start-impl-probe blocked watcher-active=1
2026-05-05 09:59:48 | start-impl-probe blocked watcher-active=1
2026-05-05 09:59:49 | start-impl-probe blocked watcher-active=1
2026-05-05 09:59:50 | start-impl-probe blocked watcher-active=1
2026-05-05 09:59:51 | start-impl-probe blocked watcher-active=1
2026-05-05 09:59:52 | start-impl-probe blocked watcher-active=1
2026-05-05 09:59:53 | start-impl-probe blocked watcher-active=1
2026-05-05 09:59:53 | start-impl-probe blocked watcher-active=1
2026-05-05 09:59:54 | start-impl-probe blocked watcher-active=1
2026-05-05 09:59:55 | start-impl-probe blocked watcher-active=1
2026-05-05 09:59:56 | start-impl-probe blocked watcher-active=1
2026-05-05 09:59:57 | start-impl-probe blocked watcher-active=1
2026-05-05 09:59:58 | start-impl-probe blocked watcher-active=1
2026-05-05 09:59:59 | start-impl-probe blocked watcher-active=1
2026-05-05 10:00:00 | start-impl-probe blocked watcher-active=1
2026-05-05 10:00:01 | start-impl-probe blocked watcher-active=1
2026-05-05 10:00:02 | start-impl-probe blocked watcher-active=1
2026-05-05 10:00:03 | start-impl-probe blocked watcher-active=1
2026-05-05 10:00:03 | start-impl-probe blocked watcher-active=1
2026-05-05 10:00:04 | start-impl-probe blocked watcher-active=1
2026-05-05 10:00:05 | start-impl-probe blocked watcher-active=1
2026-05-05 10:00:06 | start-impl-probe blocked watcher-active=1
2026-05-05 10:00:07 | start-impl-probe blocked watcher-active=1
2026-05-05 10:00:08 | start-impl-probe blocked watcher-active=1
2026-05-05 10:00:09 | start-impl-probe blocked watcher-active=1
2026-05-05 10:00:10 | start-impl-probe blocked watcher-active=1
2026-05-05 10:00:11 | start-impl-probe blocked watcher-active=1
2026-05-05 10:00:12 | start-impl-probe blocked watcher-active=1
2026-05-05 10:00:13 | start-impl-probe blocked watcher-active=1
2026-05-05 10:00:13 | start-impl-probe blocked watcher-active=1
2026-05-05 10:00:14 | start-impl-probe blocked watcher-active=1
2026-05-05 10:00:15 | start-impl-probe blocked watcher-active=1
2026-05-05 10:00:16 | start-impl-probe blocked watcher-active=1
2026-05-05 10:00:17 | start-impl-probe blocked watcher-active=1
2026-05-05 10:00:23 | start-impl-probe blocked watcher-active=1
2026-05-05 10:00:24 | start-impl-probe blocked watcher-active=1
2026-05-05 10:00:25 | start-impl-probe blocked watcher-active=1
2026-05-05 10:00:25 | start-impl-probe blocked watcher-active=1
2026-05-05 10:00:26 | start-impl-probe blocked watcher-active=1
2026-05-05 10:00:27 | start-impl-probe blocked watcher-active=1
2026-05-05 10:00:28 | start-impl-probe blocked watcher-active=1
2026-05-05 10:00:29 | start-impl-probe blocked watcher-active=1
2026-05-05 10:00:30 | start-impl-probe blocked watcher-active=1
2026-05-05 10:00:31 | start-impl-probe blocked watcher-active=1
2026-05-05 10:00:32 | start-impl-probe blocked watcher-active=1
2026-05-05 10:00:33 | start-impl-probe blocked watcher-active=1
2026-05-05 10:00:34 | start-impl-probe blocked watcher-active=1
2026-05-05 10:00:34 | start-impl-probe blocked watcher-active=1
2026-05-05 10:00:35 | start-impl-probe blocked watcher-active=1
2026-05-05 10:00:36 | start-impl-probe blocked watcher-active=1
2026-05-05 10:00:37 | start-impl-probe blocked watcher-active=1
2026-05-05 10:00:38 | start-impl-probe blocked watcher-active=1
2026-05-05 10:00:39 | enter-trigger detected proc=code hwnd=524752
2026-05-05 10:00:39 | start-impl-probe blocked watcher-active=1
2026-05-05 10:00:40 | start-impl-probe blocked watcher-active=1
2026-05-05 10:00:41 | start-impl-probe blocked watcher-active=1
2026-05-05 10:00:42 | start-impl-probe blocked watcher-active=1
2026-05-05 10:00:43 | start-impl-probe blocked watcher-active=1
2026-05-05 10:00:44 | start-impl-probe blocked watcher-active=1
2026-05-05 10:00:44 | start-impl-probe blocked watcher-active=1
2026-05-05 10:00:45 | start-impl-probe blocked watcher-active=1
2026-05-05 10:00:46 | start-impl-probe blocked watcher-active=1
2026-05-05 10:00:47 | start-impl-probe blocked watcher-active=1
2026-05-05 10:00:48 | start-impl-probe blocked watcher-active=1
2026-05-05 10:00:49 | start-impl-probe blocked watcher-active=1
2026-05-05 10:00:50 | start-impl-probe blocked watcher-active=1
2026-05-05 10:00:51 | start-impl-probe blocked watcher-active=1
2026-05-05 10:00:52 | start-impl-probe blocked watcher-active=1
2026-05-05 10:00:53 | start-impl-probe blocked watcher-active=1
2026-05-05 10:00:54 | start-impl-probe blocked watcher-active=1
2026-05-05 10:00:54 | start-impl-probe blocked watcher-active=1
2026-05-05 10:00:55 | start-impl-probe blocked watcher-active=1
2026-05-05 10:00:56 | start-impl-probe blocked watcher-active=1
2026-05-05 10:00:57 | start-impl-probe blocked watcher-active=1
2026-05-05 10:00:58 | start-impl-probe blocked watcher-active=1
2026-05-05 10:01:12 | start-impl-probe ide-windows=3
2026-05-05 10:01:12 | start-impl-btn scan hwnd=524752 total-btns=89
2026-05-05 10:01:12 | start-impl-btn scan hwnd=199580 total-btns=43
2026-05-05 10:01:12 | start-impl-btn scan hwnd=68592 total-btns=39
2026-05-05 10:01:13 | start-impl-probe ide-windows=3
2026-05-05 10:01:13 | start-impl-btn scan hwnd=524752 total-btns=89
2026-05-05 10:01:13 | start-impl-btn scan hwnd=199580 total-btns=43
2026-05-05 10:01:13 | start-impl-btn scan hwnd=68592 total-btns=39
2026-05-05 10:01:14 | start-impl-probe ide-windows=3
2026-05-05 10:01:14 | start-impl-btn scan hwnd=524752 total-btns=89
2026-05-05 10:01:14 | start-impl-btn scan hwnd=199580 total-btns=43
2026-05-05 10:01:14 | start-impl-btn scan hwnd=68592 total-btns=39
2026-05-05 10:01:15 | start-impl-probe ide-windows=3
2026-05-05 10:01:15 | start-impl-btn scan hwnd=199580 total-btns=43
2026-05-05 10:01:15 | start-impl-btn scan hwnd=524752 total-btns=89
2026-05-05 10:01:15 | start-impl-btn scan hwnd=68592 total-btns=39
2026-05-05 10:01:16 | start-impl-probe ide-windows=3
2026-05-05 10:01:16 | start-impl-btn scan hwnd=199580 total-btns=43
2026-05-05 10:01:16 | start-impl-btn scan hwnd=524752 total-btns=89
2026-05-05 10:01:16 | start-impl-btn scan hwnd=68592 total-btns=39
2026-05-05 10:01:17 | start-impl-probe ide-windows=3
2026-05-05 10:01:17 | start-impl-btn scan hwnd=199580 total-btns=43
2026-05-05 10:01:17 | start-impl-btn scan hwnd=524752 total-btns=89
2026-05-05 10:01:17 | start-impl-btn scan hwnd=68592 total-btns=39
2026-05-05 10:01:17 | start-impl-probe ide-windows=3
2026-05-05 10:01:17 | start-impl-btn scan hwnd=199580 total-btns=41
2026-05-05 10:01:18 | start-impl-btn scan hwnd=524752 total-btns=89
2026-05-05 10:01:18 | start-impl-btn scan hwnd=68592 total-btns=39
2026-05-05 10:01:18 | start-impl-probe ide-windows=3
2026-05-05 10:01:18 | start-impl-btn scan hwnd=199580 total-btns=41
2026-05-05 10:01:18 | start-impl-btn scan hwnd=524752 total-btns=89
2026-05-05 10:01:18 | start-impl-btn scan hwnd=68592 total-btns=39
2026-05-05 10:01:19 | start-impl-probe ide-windows=3
2026-05-05 10:01:19 | start-impl-btn scan hwnd=199580 total-btns=41
2026-05-05 10:01:19 | start-impl-btn scan hwnd=524752 total-btns=89
2026-05-05 10:01:19 | start-impl-btn scan hwnd=68592 total-btns=39
2026-05-05 10:01:20 | start-impl-probe ide-windows=3
2026-05-05 10:01:20 | start-impl-btn scan hwnd=199580 total-btns=41
2026-05-05 10:01:20 | start-impl-btn scan hwnd=524752 total-btns=89
2026-05-05 10:01:20 | start-impl-btn scan hwnd=68592 total-btns=39
2026-05-05 10:01:21 | start-impl-probe ide-windows=3
2026-05-05 10:01:21 | start-impl-btn scan hwnd=199580 total-btns=41
2026-05-05 10:01:21 | start-impl-btn scan hwnd=524752 total-btns=89
2026-05-05 10:01:21 | start-impl-btn scan hwnd=68592 total-btns=39
2026-05-05 10:01:22 | start-impl-probe ide-windows=3
2026-05-05 10:01:22 | start-impl-btn scan hwnd=199580 total-btns=49
2026-05-05 10:01:22 | start-impl-btn scan hwnd=524752 total-btns=89
2026-05-05 10:01:22 | start-impl-btn scan hwnd=68592 total-btns=39
2026-05-05 10:01:23 | start-impl-probe ide-windows=3
2026-05-05 10:01:23 | start-impl-btn scan hwnd=199580 total-btns=49
2026-05-05 10:01:23 | start-impl-btn scan hwnd=524752 total-btns=89
2026-05-05 10:01:23 | start-impl-btn scan hwnd=68592 total-btns=39
2026-05-05 10:01:24 | start-impl-probe ide-windows=3
2026-05-05 10:01:24 | start-impl-btn scan hwnd=199580 total-btns=45
2026-05-05 10:01:24 | start-impl-btn scan hwnd=524752 total-btns=89
2026-05-05 10:01:24 | start-impl-btn scan hwnd=68592 total-btns=39
2026-05-05 10:01:25 | start-impl-probe ide-windows=3
2026-05-05 10:01:25 | start-impl-btn scan hwnd=199580 total-btns=45
2026-05-05 10:01:25 | start-impl-btn scan hwnd=524752 total-btns=89
2026-05-05 10:01:25 | start-impl-btn scan hwnd=68592 total-btns=39
2026-05-05 10:01:25 | enter-trigger detected proc=code hwnd=199580
2026-05-05 10:01:25 | enter-trigger fallback-arm proc=code hwnd=199580
2026-05-05 10:01:25 | --- session-start source=chat_submit scope=vscode pinned=0 ---
2026-05-05 10:01:25 | rearm source=chat_submit scope=vscode target=199580 sessions=1
2026-05-05 10:01:25 | trigger-accepted source=chat_submit scope=vscode target=199580 pinned=1
2026-05-05 10:01:25 | trigger-banner source=chat_submit text=⏳ Allow flow started from Enter send
2026-05-05 10:01:26 | start-impl-probe blocked watcher-active=1
2026-05-05 10:01:27 | start-impl-probe blocked watcher-active=1
2026-05-05 10:01:27 | start-impl-probe blocked watcher-active=1
2026-05-05 10:01:28 | start-impl-probe blocked watcher-active=1
2026-05-05 10:01:29 | start-impl-probe blocked watcher-active=1
2026-05-05 10:01:30 | start-impl-probe blocked watcher-active=1
2026-05-05 10:01:31 | start-impl-probe blocked watcher-active=1
2026-05-05 10:01:32 | start-impl-probe blocked watcher-active=1
2026-05-05 10:01:33 | start-impl-probe blocked watcher-active=1
2026-05-05 10:01:34 | start-impl-probe blocked watcher-active=1
2026-05-05 10:01:35 | start-impl-probe blocked watcher-active=1
2026-05-05 10:01:36 | start-impl-probe blocked watcher-active=1
2026-05-05 10:01:37 | start-impl-probe blocked watcher-active=1
2026-05-05 10:01:37 | start-impl-probe blocked watcher-active=1
2026-05-05 10:01:38 | start-impl-probe blocked watcher-active=1
2026-05-05 10:01:39 | start-impl-probe blocked watcher-active=1
2026-05-05 10:01:40 | start-impl-probe blocked watcher-active=1
2026-05-05 10:01:41 | start-impl-probe blocked watcher-active=1
2026-05-05 10:01:42 | start-impl-probe blocked watcher-active=1
2026-05-05 10:01:43 | start-impl-probe blocked watcher-active=1
2026-05-05 10:01:44 | start-impl-probe blocked watcher-active=1
2026-05-05 10:01:45 | start-impl-probe blocked watcher-active=1
2026-05-05 10:01:57 | start-impl-probe ide-windows=3
2026-05-05 10:01:57 | start-impl-btn scan hwnd=199580 total-btns=45
2026-05-05 10:01:57 | start-impl-btn scan hwnd=68592 total-btns=38
2026-05-05 10:01:58 | start-impl-btn scan hwnd=524752 total-btns=89
2026-05-05 10:01:58 | start-impl-probe ide-windows=3
2026-05-05 10:01:58 | start-impl-btn scan hwnd=199580 total-btns=45
2026-05-05 10:01:58 | start-impl-btn scan hwnd=68592 total-btns=38
2026-05-05 10:01:58 | start-impl-btn scan hwnd=524752 total-btns=89
2026-05-05 10:01:59 | start-impl-probe ide-windows=3
2026-05-05 10:01:59 | start-impl-btn scan hwnd=199580 total-btns=45
2026-05-05 10:01:59 | start-impl-btn scan hwnd=68592 total-btns=38
2026-05-05 10:01:59 | start-impl-btn scan hwnd=524752 total-btns=89
2026-05-05 10:02:00 | start-impl-probe ide-windows=3
2026-05-05 10:02:00 | start-impl-btn scan hwnd=199580 total-btns=45
2026-05-05 10:02:00 | start-impl-btn scan hwnd=68592 total-btns=38
2026-05-05 10:02:00 | start-impl-btn scan hwnd=524752 total-btns=89
2026-05-05 10:02:01 | start-impl-probe ide-windows=3
2026-05-05 10:02:01 | start-impl-btn scan hwnd=199580 total-btns=45
2026-05-05 10:02:01 | start-impl-btn scan hwnd=68592 total-btns=38
2026-05-05 10:02:01 | start-impl-btn scan hwnd=524752 total-btns=89
2026-05-05 10:02:02 | start-impl-probe ide-windows=3
2026-05-05 10:02:02 | start-impl-btn scan hwnd=199580 total-btns=45
2026-05-05 10:02:02 | start-impl-btn scan hwnd=68592 total-btns=38
2026-05-05 10:02:02 | start-impl-btn scan hwnd=524752 total-btns=89
2026-05-05 10:02:03 | start-impl-probe ide-windows=3
2026-05-05 10:02:03 | start-impl-btn scan hwnd=199580 total-btns=47
2026-05-05 10:02:03 | start-impl-btn scan hwnd=524752 total-btns=89
2026-05-05 10:02:04 | start-impl-probe ide-windows=3
2026-05-05 10:02:04 | start-impl-btn scan hwnd=199580 total-btns=47
2026-05-05 10:02:04 | start-impl-btn scan hwnd=68592 total-btns=38
2026-05-05 10:02:04 | start-impl-btn scan hwnd=524752 total-btns=89
2026-05-05 10:02:05 | start-impl-probe ide-windows=3
2026-05-05 10:02:05 | start-impl-btn scan hwnd=199580 total-btns=45
2026-05-05 10:02:05 | start-impl-btn scan hwnd=68592 total-btns=38
2026-05-05 10:02:05 | start-impl-btn scan hwnd=524752 total-btns=89
2026-05-05 10:02:06 | start-impl-probe ide-windows=3
2026-05-05 10:02:06 | start-impl-btn scan hwnd=199580 total-btns=45
2026-05-05 10:02:06 | start-impl-btn scan hwnd=68592 total-btns=38
2026-05-05 10:02:06 | start-impl-btn scan hwnd=524752 total-btns=89
2026-05-05 10:02:06 | start-impl-probe ide-windows=3
2026-05-05 10:02:07 | start-impl-btn scan hwnd=199580 total-btns=45
2026-05-05 10:02:07 | start-impl-btn scan hwnd=68592 total-btns=38
2026-05-05 10:02:07 | start-impl-btn scan hwnd=524752 total-btns=89
2026-05-05 10:02:07 | start-impl-probe ide-windows=3
2026-05-05 10:02:07 | start-impl-btn scan hwnd=199580 total-btns=45
2026-05-05 10:02:07 | start-impl-btn scan hwnd=68592 total-btns=38
2026-05-05 10:02:07 | start-impl-btn scan hwnd=524752 total-btns=89
2026-05-05 10:02:08 | start-impl-probe ide-windows=3
2026-05-05 10:02:08 | start-impl-btn scan hwnd=199580 total-btns=45
2026-05-05 10:02:08 | start-impl-btn scan hwnd=68592 total-btns=38
2026-05-05 10:02:08 | start-impl-btn scan hwnd=524752 total-btns=89
2026-05-05 10:02:09 | start-impl-probe ide-windows=3
2026-05-05 10:02:09 | start-impl-btn scan hwnd=199580 total-btns=45
2026-05-05 10:02:09 | start-impl-btn scan hwnd=68592 total-btns=38
2026-05-05 10:02:09 | start-impl-btn scan hwnd=524752 total-btns=89
2026-05-05 10:02:10 | start-impl-probe ide-windows=3
2026-05-05 10:02:10 | start-impl-btn scan hwnd=199580 total-btns=45
2026-05-05 10:02:10 | start-impl-btn scan hwnd=68592 total-btns=38
2026-05-05 10:02:10 | start-impl-btn scan hwnd=524752 total-btns=89
2026-05-05 10:02:11 | start-impl-probe ide-windows=3
2026-05-05 10:02:11 | start-impl-btn scan hwnd=199580 total-btns=45
2026-05-05 10:02:11 | start-impl-btn scan hwnd=68592 total-btns=38
2026-05-05 10:02:11 | start-impl-btn scan hwnd=524752 total-btns=89
2026-05-05 10:02:12 | start-impl-probe ide-windows=3
2026-05-05 10:02:12 | start-impl-btn scan hwnd=199580 total-btns=45
2026-05-05 10:02:12 | start-impl-btn scan hwnd=68592 total-btns=38
2026-05-05 10:02:12 | start-impl-btn scan hwnd=524752 total-btns=89
2026-05-05 10:02:13 | start-impl-probe ide-windows=3
2026-05-05 10:02:13 | start-impl-btn scan hwnd=199580 total-btns=45
2026-05-05 10:02:13 | start-impl-btn scan hwnd=68592 total-btns=38
2026-05-05 10:02:13 | start-impl-btn scan hwnd=524752 total-btns=89
2026-05-05 10:02:14 | start-impl-probe ide-windows=3
2026-05-05 10:02:14 | start-impl-btn scan hwnd=199580 total-btns=45
2026-05-05 10:02:14 | start-impl-btn scan hwnd=68592 total-btns=38
2026-05-05 10:02:14 | start-impl-btn scan hwnd=524752 total-btns=89
2026-05-05 10:02:15 | start-impl-probe ide-windows=3
2026-05-05 10:02:15 | start-impl-btn scan hwnd=199580 total-btns=45
2026-05-05 10:02:15 | start-impl-btn scan hwnd=68592 total-btns=38
2026-05-05 10:02:15 | start-impl-btn scan hwnd=524752 total-btns=89
2026-05-05 10:02:16 | start-impl-probe ide-windows=3
2026-05-05 10:02:16 | start-impl-btn scan hwnd=199580 total-btns=46
2026-05-05 10:02:16 | start-impl-btn scan hwnd=68592 total-btns=38
2026-05-05 10:02:16 | start-impl-btn scan hwnd=524752 total-btns=89
2026-05-05 10:02:16 | start-impl-probe ide-windows=3
2026-05-05 10:02:17 | start-impl-btn scan hwnd=68592 total-btns=38
2026-05-05 10:02:17 | start-impl-btn scan hwnd=524752 total-btns=89
2026-05-05 10:02:17 | enter-trigger detected proc=code hwnd=199580
2026-05-05 10:02:17 | enter-trigger fallback-arm proc=code hwnd=199580
2026-05-05 10:02:17 | --- session-start source=chat_submit scope=vscode pinned=0 ---
2026-05-05 10:02:17 | rearm source=chat_submit scope=vscode target=199580 sessions=1
2026-05-05 10:02:17 | trigger-accepted source=chat_submit scope=vscode target=199580 pinned=1
2026-05-05 10:02:17 | trigger-banner source=chat_submit text=⏳ Allow flow started from Enter send
2026-05-05 10:02:17 | start-impl-probe blocked watcher-active=1
2026-05-05 10:02:18 | start-impl-probe blocked watcher-active=1
2026-05-05 10:02:19 | start-impl-probe blocked watcher-active=1
2026-05-05 10:02:20 | start-impl-probe blocked watcher-active=1
2026-05-05 10:02:21 | start-impl-probe blocked watcher-active=1
2026-05-05 10:02:22 | start-impl-probe blocked watcher-active=1
2026-05-05 10:02:23 | start-impl-probe blocked watcher-active=1
2026-05-05 10:02:24 | start-impl-probe blocked watcher-active=1
2026-05-05 10:02:25 | start-impl-probe blocked watcher-active=1
2026-05-05 10:02:26 | start-impl-probe blocked watcher-active=1
2026-05-05 10:02:26 | start-impl-probe blocked watcher-active=1
2026-05-05 10:02:27 | start-impl-probe blocked watcher-active=1
2026-05-05 10:02:28 | start-impl-probe blocked watcher-active=1
2026-05-05 10:02:29 | start-impl-probe blocked watcher-active=1
2026-05-05 10:02:30 | start-impl-probe blocked watcher-active=1
2026-05-05 10:02:31 | start-impl-probe blocked watcher-active=1
2026-05-05 10:02:32 | start-impl-probe blocked watcher-active=1
2026-05-05 10:02:33 | start-impl-probe blocked watcher-active=1
2026-05-05 10:02:34 | start-impl-probe blocked watcher-active=1
2026-05-05 10:02:35 | start-impl-probe blocked watcher-active=1
2026-05-05 10:02:36 | start-impl-probe blocked watcher-active=1
2026-05-05 10:02:36 | start-impl-probe blocked watcher-active=1
2026-05-05 10:02:37 | start-impl-probe blocked watcher-active=1
2026-05-05 10:02:38 | start-impl-probe blocked watcher-active=1
2026-05-05 10:02:39 | start-impl-probe blocked watcher-active=1
2026-05-05 10:02:40 | start-impl-probe blocked watcher-active=1
2026-05-05 10:02:41 | start-impl-probe blocked watcher-active=1
2026-05-05 10:02:42 | start-impl-probe blocked watcher-active=1
2026-05-05 10:02:43 | start-impl-probe blocked watcher-active=1
2026-05-05 10:02:44 | start-impl-probe blocked watcher-active=1
2026-05-05 10:02:45 | start-impl-probe blocked watcher-active=1
2026-05-05 10:02:46 | start-impl-probe blocked watcher-active=1
2026-05-05 10:02:46 | start-impl-probe blocked watcher-active=1
2026-05-05 10:02:47 | start-impl-probe blocked watcher-active=1
2026-05-05 10:02:48 | start-impl-probe blocked watcher-active=1
2026-05-05 10:02:49 | start-impl-probe blocked watcher-active=1
2026-05-05 10:02:50 | start-impl-probe blocked watcher-active=1
2026-05-05 10:02:51 | start-impl-probe blocked watcher-active=1
2026-05-05 10:02:52 | start-impl-probe blocked watcher-active=1
2026-05-05 10:02:53 | start-impl-probe blocked watcher-active=1
2026-05-05 10:02:54 | start-impl-probe blocked watcher-active=1
2026-05-05 10:02:55 | start-impl-probe blocked watcher-active=1
2026-05-05 10:02:56 | start-impl-probe blocked watcher-active=1
2026-05-05 10:02:56 | start-impl-probe blocked watcher-active=1
2026-05-05 10:02:57 | start-impl-probe blocked watcher-active=1
2026-05-05 10:02:58 | start-impl-probe blocked watcher-active=1
2026-05-05 10:02:59 | start-impl-probe blocked watcher-active=1
2026-05-05 10:03:00 | start-impl-probe blocked watcher-active=1
2026-05-05 10:03:01 | start-impl-probe blocked watcher-active=1
2026-05-05 10:03:02 | start-impl-probe blocked watcher-active=1
2026-05-05 10:03:03 | start-impl-probe blocked watcher-active=1
2026-05-05 10:03:04 | start-impl-probe blocked watcher-active=1
2026-05-05 10:03:05 | start-impl-probe blocked watcher-active=1
2026-05-05 10:03:06 | start-impl-probe blocked watcher-active=1
2026-05-05 10:03:06 | start-impl-probe blocked watcher-active=1
2026-05-05 10:03:07 | start-impl-probe blocked watcher-active=1
2026-05-05 10:03:08 | start-impl-probe blocked watcher-active=1
2026-05-05 10:03:09 | start-impl-probe blocked watcher-active=1
2026-05-05 10:03:10 | start-impl-probe blocked watcher-active=1
2026-05-05 10:03:11 | start-impl-probe blocked watcher-active=1
2026-05-05 10:03:12 | start-impl-probe blocked watcher-active=1
2026-05-05 10:03:13 | start-impl-probe blocked watcher-active=1
2026-05-05 10:03:14 | start-impl-probe blocked watcher-active=1
2026-05-05 10:03:15 | start-impl-probe blocked watcher-active=1
2026-05-05 10:03:16 | start-impl-probe blocked watcher-active=1
2026-05-05 10:03:16 | start-impl-probe blocked watcher-active=1
2026-05-05 10:03:17 | start-impl-probe blocked watcher-active=1
2026-05-05 10:03:18 | start-impl-probe blocked watcher-active=1
2026-05-05 10:03:19 | start-impl-probe blocked watcher-active=1
2026-05-05 10:03:20 | start-impl-probe blocked watcher-active=1
2026-05-05 10:03:21 | start-impl-probe blocked watcher-active=1
2026-05-05 10:03:22 | start-impl-probe blocked watcher-active=1
2026-05-05 10:03:23 | start-impl-probe blocked watcher-active=1
2026-05-05 10:03:24 | start-impl-probe blocked watcher-active=1
2026-05-05 10:03:25 | start-impl-probe blocked watcher-active=1
2026-05-05 10:03:26 | start-impl-probe blocked watcher-active=1
2026-05-05 10:03:26 | start-impl-probe blocked watcher-active=1
2026-05-05 10:03:27 | start-impl-probe blocked watcher-active=1
2026-05-05 10:03:28 | start-impl-probe blocked watcher-active=1
2026-05-05 10:03:29 | start-impl-probe blocked watcher-active=1
2026-05-05 10:03:30 | start-impl-probe blocked watcher-active=1
2026-05-05 10:03:31 | start-impl-probe blocked watcher-active=1
2026-05-05 10:03:32 | start-impl-probe blocked watcher-active=1
2026-05-05 10:03:33 | start-impl-probe blocked watcher-active=1
2026-05-05 10:03:34 | start-impl-probe blocked watcher-active=1
2026-05-05 10:03:35 | start-impl-probe blocked watcher-active=1
2026-05-05 10:03:36 | start-impl-probe blocked watcher-active=1
2026-05-05 10:03:36 | start-impl-probe blocked watcher-active=1
2026-05-05 10:03:37 | start-impl-probe blocked watcher-active=1
2026-05-05 10:03:38 | start-impl-probe blocked watcher-active=1
2026-05-05 10:03:39 | start-impl-probe blocked watcher-active=1
2026-05-05 10:03:40 | start-impl-probe blocked watcher-active=1
2026-05-05 10:03:41 | start-impl-probe blocked watcher-active=1
2026-05-05 10:03:42 | start-impl-probe blocked watcher-active=1
2026-05-05 10:03:43 | start-impl-probe blocked watcher-active=1
2026-05-05 10:03:44 | start-impl-probe blocked watcher-active=1
2026-05-05 10:03:45 | start-impl-probe blocked watcher-active=1
2026-05-05 10:03:46 | start-impl-probe blocked watcher-active=1
2026-05-05 10:03:46 | start-impl-probe blocked watcher-active=1
2026-05-05 10:03:47 | start-impl-probe blocked watcher-active=1
2026-05-05 10:03:48 | start-impl-probe blocked watcher-active=1
2026-05-05 10:03:49 | start-impl-probe blocked watcher-active=1
2026-05-05 10:03:50 | start-impl-probe blocked watcher-active=1
2026-05-05 10:03:51 | start-impl-probe blocked watcher-active=1
2026-05-05 10:03:52 | start-impl-probe blocked watcher-active=1
2026-05-05 10:03:53 | start-impl-probe blocked watcher-active=1
2026-05-05 10:03:54 | start-impl-probe blocked watcher-active=1
2026-05-05 10:03:55 | start-impl-probe blocked watcher-active=1
2026-05-05 10:03:55 | start-impl-probe blocked watcher-active=1
2026-05-05 10:03:56 | start-impl-probe blocked watcher-active=1
2026-05-05 10:03:57 | start-impl-probe blocked watcher-active=1
2026-05-05 10:03:58 | start-impl-probe blocked watcher-active=1
2026-05-05 10:03:59 | start-impl-probe blocked watcher-active=1
2026-05-05 10:04:00 | start-impl-probe blocked watcher-active=1
2026-05-05 10:04:01 | start-impl-probe blocked watcher-active=1
2026-05-05 10:04:02 | start-impl-probe blocked watcher-active=1
2026-05-05 10:04:03 | start-impl-probe blocked watcher-active=1
2026-05-05 10:04:04 | start-impl-probe blocked watcher-active=1
2026-05-05 10:04:05 | start-impl-probe blocked watcher-active=1
2026-05-05 10:04:05 | start-impl-probe blocked watcher-active=1
2026-05-05 10:04:06 | start-impl-probe blocked watcher-active=1
2026-05-05 10:04:07 | start-impl-probe blocked watcher-active=1
2026-05-05 10:04:08 | start-impl-probe blocked watcher-active=1
2026-05-05 10:04:09 | start-impl-probe blocked watcher-active=1
2026-05-05 10:04:10 | start-impl-probe blocked watcher-active=1
2026-05-05 10:04:11 | start-impl-probe blocked watcher-active=1
2026-05-05 10:04:12 | start-impl-probe blocked watcher-active=1
2026-05-05 10:04:13 | start-impl-probe blocked watcher-active=1
2026-05-05 10:04:14 | start-impl-probe blocked watcher-active=1
2026-05-05 10:04:15 | start-impl-probe blocked watcher-active=1
2026-05-05 10:04:15 | start-impl-probe blocked watcher-active=1
2026-05-05 10:04:16 | start-impl-probe blocked watcher-active=1
2026-05-05 10:04:17 | start-impl-probe blocked watcher-active=1
2026-05-05 10:04:18 | start-impl-probe blocked watcher-active=1
2026-05-05 10:04:19 | start-impl-probe blocked watcher-active=1
2026-05-05 10:04:20 | start-impl-probe blocked watcher-active=1
2026-05-05 10:04:21 | start-impl-probe blocked watcher-active=1
2026-05-05 10:04:22 | start-impl-probe blocked watcher-active=1
2026-05-05 10:04:23 | start-impl-probe blocked watcher-active=1
2026-05-05 10:04:24 | start-impl-probe blocked watcher-active=1
2026-05-05 10:04:25 | start-impl-probe blocked watcher-active=1
2026-05-05 10:04:25 | start-impl-probe blocked watcher-active=1
2026-05-05 10:04:26 | start-impl-probe blocked watcher-active=1
2026-05-05 10:04:27 | start-impl-probe blocked watcher-active=1
2026-05-05 10:04:28 | start-impl-probe blocked watcher-active=1
2026-05-05 10:04:29 | start-impl-probe blocked watcher-active=1
2026-05-05 10:04:30 | start-impl-probe blocked watcher-active=1
2026-05-05 10:04:31 | start-impl-probe blocked watcher-active=1
2026-05-05 10:04:32 | start-impl-probe blocked watcher-active=1
2026-05-05 10:04:33 | start-impl-probe blocked watcher-active=1
2026-05-05 10:04:34 | start-impl-probe blocked watcher-active=1
2026-05-05 10:04:34 | start-impl-probe blocked watcher-active=1
2026-05-05 10:04:35 | start-impl-probe blocked watcher-active=1
2026-05-05 10:04:36 | start-impl-probe blocked watcher-active=1
2026-05-05 10:04:37 | start-impl-probe blocked watcher-active=1
2026-05-05 10:04:38 | start-impl-probe blocked watcher-active=1
2026-05-05 10:04:39 | start-impl-probe blocked watcher-active=1
2026-05-05 10:04:40 | start-impl-probe blocked watcher-active=1
2026-05-05 10:04:41 | start-impl-probe blocked watcher-active=1
2026-05-05 10:04:42 | start-impl-probe blocked watcher-active=1
2026-05-05 10:04:43 | start-impl-probe blocked watcher-active=1
2026-05-05 10:04:44 | start-impl-probe blocked watcher-active=1
2026-05-05 10:04:44 | start-impl-probe blocked watcher-active=1
2026-05-05 10:04:45 | start-impl-probe blocked watcher-active=1
2026-05-05 10:04:46 | start-impl-probe blocked watcher-active=1
2026-05-05 10:04:47 | start-impl-probe blocked watcher-active=1
2026-05-05 10:04:48 | start-impl-probe blocked watcher-active=1
2026-05-05 10:04:49 | start-impl-probe blocked watcher-active=1
2026-05-05 10:04:50 | start-impl-probe blocked watcher-active=1
2026-05-05 10:04:51 | start-impl-probe blocked watcher-active=1
2026-05-05 10:04:52 | start-impl-probe blocked watcher-active=1
2026-05-05 10:04:53 | start-impl-probe blocked watcher-active=1
2026-05-05 10:04:54 | start-impl-probe blocked watcher-active=1
2026-05-05 10:04:54 | start-impl-probe blocked watcher-active=1
2026-05-05 10:04:55 | start-impl-probe blocked watcher-active=1
2026-05-05 10:04:56 | start-impl-probe blocked watcher-active=1
2026-05-05 10:04:57 | start-impl-probe blocked watcher-active=1
2026-05-05 10:04:58 | start-impl-probe blocked watcher-active=1
2026-05-05 10:04:59 | start-impl-probe blocked watcher-active=1
2026-05-05 10:05:00 | start-impl-probe blocked watcher-active=1
2026-05-05 10:05:01 | start-impl-probe blocked watcher-active=1
2026-05-05 10:05:02 | start-impl-probe blocked watcher-active=1
2026-05-05 10:05:03 | start-impl-probe blocked watcher-active=1
2026-05-05 10:05:03 | start-impl-probe blocked watcher-active=1
2026-05-05 10:05:04 | start-impl-probe blocked watcher-active=1
2026-05-05 10:05:05 | start-impl-probe blocked watcher-active=1
2026-05-05 10:05:06 | start-impl-probe blocked watcher-active=1
2026-05-05 10:05:07 | start-impl-probe blocked watcher-active=1
2026-05-05 10:05:08 | start-impl-probe blocked watcher-active=1
2026-05-05 10:05:09 | start-impl-probe blocked watcher-active=1
2026-05-05 10:05:10 | start-impl-probe blocked watcher-active=1
2026-05-05 10:05:11 | start-impl-probe blocked watcher-active=1
2026-05-05 10:05:12 | start-impl-probe blocked watcher-active=1
2026-05-05 10:05:13 | start-impl-probe blocked watcher-active=1
2026-05-05 10:05:13 | start-impl-probe blocked watcher-active=1
2026-05-05 10:05:14 | start-impl-probe blocked watcher-active=1
2026-05-05 10:05:15 | start-impl-probe blocked watcher-active=1
2026-05-05 10:05:16 | start-impl-probe blocked watcher-active=1
2026-05-05 10:05:17 | start-impl-probe blocked watcher-active=1
2026-05-05 10:05:18 | start-impl-probe blocked watcher-active=1
2026-05-05 10:05:19 | start-impl-probe blocked watcher-active=1
2026-05-05 10:05:20 | start-impl-probe blocked watcher-active=1
2026-05-05 10:05:21 | start-impl-probe blocked watcher-active=1
2026-05-05 10:05:22 | start-impl-probe blocked watcher-active=1
2026-05-05 10:05:23 | start-impl-probe blocked watcher-active=1
2026-05-05 10:05:24 | start-impl-probe blocked watcher-active=1
2026-05-05 10:05:24 | start-impl-probe blocked watcher-active=1
2026-05-05 10:05:25 | start-impl-probe blocked watcher-active=1
2026-05-05 10:05:26 | start-impl-probe blocked watcher-active=1
2026-05-05 10:05:27 | start-impl-probe blocked watcher-active=1
2026-05-05 10:05:28 | start-impl-probe blocked watcher-active=1
2026-05-05 10:05:29 | start-impl-probe blocked watcher-active=1
2026-05-05 10:05:30 | start-impl-probe blocked watcher-active=1
2026-05-05 10:05:31 | start-impl-probe blocked watcher-active=1
2026-05-05 10:05:32 | start-impl-probe blocked watcher-active=1
2026-05-05 10:05:33 | start-impl-probe blocked watcher-active=1
2026-05-05 10:05:34 | start-impl-probe blocked watcher-active=1
2026-05-05 10:05:34 | start-impl-probe blocked watcher-active=1
2026-05-05 10:05:35 | start-impl-probe blocked watcher-active=1
2026-05-05 10:05:36 | start-impl-probe blocked watcher-active=1
2026-05-05 10:05:37 | start-impl-probe blocked watcher-active=1
2026-05-05 10:05:38 | start-impl-probe blocked watcher-active=1
2026-05-05 10:05:39 | start-impl-probe blocked watcher-active=1
2026-05-05 10:05:40 | start-impl-probe blocked watcher-active=1
2026-05-05 10:05:41 | start-impl-probe blocked watcher-active=1
2026-05-05 10:05:42 | start-impl-probe blocked watcher-active=1
2026-05-05 10:05:43 | start-impl-probe blocked watcher-active=1
2026-05-05 10:05:44 | start-impl-probe blocked watcher-active=1
2026-05-05 10:05:44 | start-impl-probe blocked watcher-active=1
2026-05-05 10:05:45 | start-impl-probe blocked watcher-active=1
2026-05-05 10:05:46 | start-impl-probe blocked watcher-active=1
2026-05-05 10:05:47 | start-impl-probe blocked watcher-active=1
2026-05-05 10:05:48 | start-impl-probe blocked watcher-active=1
2026-05-05 10:05:49 | start-impl-probe blocked watcher-active=1
2026-05-05 10:05:50 | start-impl-probe blocked watcher-active=1
2026-05-05 10:05:51 | start-impl-probe blocked watcher-active=1
2026-05-05 10:05:52 | start-impl-probe blocked watcher-active=1
2026-05-05 10:05:53 | start-impl-probe blocked watcher-active=1
2026-05-05 10:05:53 | start-impl-probe blocked watcher-active=1
2026-05-05 10:05:54 | start-impl-probe blocked watcher-active=1
2026-05-05 10:05:55 | start-impl-probe blocked watcher-active=1
2026-05-05 10:05:56 | start-impl-probe blocked watcher-active=1
2026-05-05 10:05:57 | start-impl-probe blocked watcher-active=1
2026-05-05 10:05:58 | start-impl-probe blocked watcher-active=1
2026-05-05 10:05:59 | start-impl-probe blocked watcher-active=1
2026-05-05 10:06:00 | start-impl-probe blocked watcher-active=1
2026-05-05 10:06:01 | start-impl-probe blocked watcher-active=1
2026-05-05 10:06:02 | start-impl-probe blocked watcher-active=1
2026-05-05 10:06:03 | start-impl-probe blocked watcher-active=1
2026-05-05 10:06:03 | start-impl-probe blocked watcher-active=1
2026-05-05 10:06:04 | start-impl-probe blocked watcher-active=1
2026-05-05 10:06:05 | start-impl-probe blocked watcher-active=1
2026-05-05 10:06:06 | start-impl-probe blocked watcher-active=1
2026-05-05 10:06:07 | start-impl-probe blocked watcher-active=1
2026-05-05 10:06:08 | start-impl-probe blocked watcher-active=1
2026-05-05 10:06:09 | start-impl-probe blocked watcher-active=1
2026-05-05 10:06:10 | start-impl-probe blocked watcher-active=1
2026-05-05 10:06:11 | start-impl-probe blocked watcher-active=1
2026-05-05 10:06:12 | start-impl-probe blocked watcher-active=1
2026-05-05 10:06:13 | start-impl-probe blocked watcher-active=1
2026-05-05 10:06:13 | start-impl-probe blocked watcher-active=1
2026-05-05 10:06:14 | start-impl-probe blocked watcher-active=1
2026-05-05 10:06:15 | start-impl-probe blocked watcher-active=1
2026-05-05 10:06:16 | start-impl-probe blocked watcher-active=1
2026-05-05 10:06:17 | start-impl-probe blocked watcher-active=1
2026-05-05 10:06:18 | start-impl-probe blocked watcher-active=1
2026-05-05 10:06:19 | start-impl-probe blocked watcher-active=1
2026-05-05 10:06:20 | start-impl-probe blocked watcher-active=1
2026-05-05 10:06:21 | start-impl-probe blocked watcher-active=1
2026-05-05 10:06:22 | start-impl-probe blocked watcher-active=1
2026-05-05 10:06:23 | start-impl-probe blocked watcher-active=1
2026-05-05 10:06:23 | start-impl-probe blocked watcher-active=1
2026-05-05 10:06:24 | start-impl-probe blocked watcher-active=1
2026-05-05 10:06:45 | start-impl-probe ide-windows=3
2026-05-05 10:06:45 | start-impl-btn doc-scan hwnd=524752 doc-btns=83
2026-05-05 10:06:45 | start-impl-btn window-scan hwnd=524752 total-btns=86
2026-05-05 10:06:45 | start-impl-btn doc-scan hwnd=68592 doc-btns=35
2026-05-05 10:06:45 | start-impl-btn window-scan hwnd=68592 total-btns=38
2026-05-05 10:06:45 | start-impl-btn doc-scan hwnd=199580 doc-btns=45
2026-05-05 10:06:45 | start-impl-btn window-scan hwnd=199580 total-btns=48
2026-05-05 10:06:46 | start-impl-probe ide-windows=3
2026-05-05 10:06:46 | start-impl-btn doc-scan hwnd=524752 doc-btns=83
2026-05-05 10:06:46 | start-impl-btn window-scan hwnd=524752 total-btns=86
2026-05-05 10:06:46 | start-impl-btn doc-scan hwnd=68592 doc-btns=35
2026-05-05 10:06:46 | start-impl-btn window-scan hwnd=68592 total-btns=38
2026-05-05 10:06:46 | start-impl-btn doc-scan hwnd=199580 doc-btns=45
2026-05-05 10:06:46 | start-impl-btn window-scan hwnd=199580 total-btns=48
2026-05-05 10:06:47 | start-impl-probe ide-windows=3
2026-05-05 10:06:47 | start-impl-btn doc-scan hwnd=199580 doc-btns=45
2026-05-05 10:06:47 | start-impl-btn window-scan hwnd=199580 total-btns=48
2026-05-05 10:06:47 | start-impl-btn doc-scan hwnd=524752 doc-btns=83
2026-05-05 10:06:47 | start-impl-btn window-scan hwnd=524752 total-btns=86
2026-05-05 10:06:47 | start-impl-btn doc-scan hwnd=68592 doc-btns=35
2026-05-05 10:06:47 | start-impl-btn window-scan hwnd=68592 total-btns=38
2026-05-05 10:06:47 | start-impl-probe ide-windows=3
2026-05-05 10:06:48 | start-impl-btn doc-scan hwnd=199580 doc-btns=45
2026-05-05 10:06:48 | start-impl-btn window-scan hwnd=199580 total-btns=48
2026-05-05 10:06:48 | start-impl-btn doc-scan hwnd=524752 doc-btns=83
2026-05-05 10:06:48 | start-impl-btn window-scan hwnd=524752 total-btns=86
2026-05-05 10:06:48 | start-impl-btn doc-scan hwnd=68592 doc-btns=35
2026-05-05 10:06:48 | start-impl-btn window-scan hwnd=68592 total-btns=38
2026-05-05 10:06:48 | start-impl-probe ide-windows=3
2026-05-05 10:06:48 | start-impl-btn doc-scan hwnd=199580 doc-btns=45
2026-05-05 10:06:48 | start-impl-btn window-scan hwnd=199580 total-btns=48
2026-05-05 10:06:48 | start-impl-btn doc-scan hwnd=524752 doc-btns=83
2026-05-05 10:06:48 | start-impl-btn window-scan hwnd=524752 total-btns=86
2026-05-05 10:06:49 | start-impl-btn doc-scan hwnd=68592 doc-btns=35
2026-05-05 10:06:49 | start-impl-btn window-scan hwnd=68592 total-btns=38
2026-05-05 10:06:49 | start-impl-probe ide-windows=3
2026-05-05 10:06:49 | start-impl-btn doc-scan hwnd=199580 doc-btns=45
2026-05-05 10:06:49 | start-impl-btn window-scan hwnd=199580 total-btns=48
2026-05-05 10:06:49 | start-impl-btn doc-scan hwnd=524752 doc-btns=83
2026-05-05 10:06:49 | start-impl-btn window-scan hwnd=524752 total-btns=86
2026-05-05 10:06:49 | start-impl-btn doc-scan hwnd=68592 doc-btns=35
2026-05-05 10:06:49 | start-impl-btn window-scan hwnd=68592 total-btns=38
2026-05-05 10:06:50 | --- session-start source=rapid_fire_hotkey scope=vscode pinned=0 ---
2026-05-05 10:06:50 | rearm source=rapid_fire_hotkey scope=vscode target=199580 sessions=1
2026-05-05 10:06:50 | trigger-accepted source=rapid_fire_hotkey scope=vscode target=199580 pinned=1
2026-05-05 10:06:50 | trigger-banner source=rapid_fire_hotkey text=✅ Allow flow started from #!+9
2026-05-05 10:06:50 | start-impl-probe blocked watcher-active=1
2026-05-05 10:06:51 | start-impl-probe blocked watcher-active=1
2026-05-05 10:06:52 | start-impl-probe blocked watcher-active=1
2026-05-05 10:06:53 | start-impl-probe blocked watcher-active=1
2026-05-05 10:06:54 | start-impl-probe blocked watcher-active=1
2026-05-05 10:06:54 | stop reason=ℹ Rapid fire watcher stopped
2026-05-05 10:06:55 | start-impl-probe ide-windows=3
2026-05-05 10:06:55 | start-impl-btn doc-scan hwnd=199580 doc-btns=45
2026-05-05 10:06:55 | start-impl-btn window-scan hwnd=199580 total-btns=48
2026-05-05 10:06:55 | start-impl-btn doc-scan hwnd=68592 doc-btns=35
2026-05-05 10:06:55 | start-impl-btn window-scan hwnd=68592 total-btns=38
2026-05-05 10:06:55 | start-impl-btn doc-scan hwnd=524752 doc-btns=83
2026-05-05 10:06:55 | start-impl-btn window-scan hwnd=524752 total-btns=86
2026-05-05 10:06:56 | start-impl-probe ide-windows=3
2026-05-05 10:06:56 | start-impl-btn doc-scan hwnd=199580 doc-btns=45
2026-05-05 10:06:56 | start-impl-btn window-scan hwnd=199580 total-btns=48
2026-05-05 10:06:56 | start-impl-btn doc-scan hwnd=68592 doc-btns=35
2026-05-05 10:06:56 | start-impl-btn window-scan hwnd=68592 total-btns=38
2026-05-05 10:06:56 | start-impl-btn doc-scan hwnd=524752 doc-btns=83
2026-05-05 10:06:56 | start-impl-btn window-scan hwnd=524752 total-btns=86
2026-05-05 10:06:57 | start-impl-probe ide-windows=3
2026-05-05 10:06:57 | start-impl-btn doc-scan hwnd=199580 doc-btns=45
2026-05-05 10:06:57 | start-impl-btn window-scan hwnd=199580 total-btns=48
2026-05-05 10:06:57 | start-impl-btn doc-scan hwnd=68592 doc-btns=35
2026-05-05 10:06:57 | start-impl-btn window-scan hwnd=68592 total-btns=38
2026-05-05 10:06:57 | start-impl-btn doc-scan hwnd=524752 doc-btns=83
2026-05-05 10:06:57 | start-impl-btn window-scan hwnd=524752 total-btns=86
2026-05-05 10:06:57 | start-impl-probe ide-windows=3
2026-05-05 10:06:57 | start-impl-btn doc-scan hwnd=199580 doc-btns=45
2026-05-05 10:06:58 | start-impl-btn window-scan hwnd=199580 total-btns=48
2026-05-05 10:06:58 | start-impl-btn doc-scan hwnd=68592 doc-btns=35
2026-05-05 10:06:58 | start-impl-btn window-scan hwnd=68592 total-btns=38
2026-05-05 10:06:58 | start-impl-btn doc-scan hwnd=524752 doc-btns=83
2026-05-05 10:06:58 | start-impl-btn window-scan hwnd=524752 total-btns=86
2026-05-05 10:06:58 | start-impl-probe ide-windows=3
2026-05-05 10:06:58 | start-impl-btn doc-scan hwnd=199580 doc-btns=45
2026-05-05 10:06:58 | start-impl-btn window-scan hwnd=199580 total-btns=48
2026-05-05 10:06:58 | start-impl-btn doc-scan hwnd=68592 doc-btns=35
2026-05-05 10:06:58 | start-impl-btn window-scan hwnd=68592 total-btns=38
2026-05-05 10:06:59 | start-impl-btn doc-scan hwnd=524752 doc-btns=83
2026-05-05 10:06:59 | start-impl-btn window-scan hwnd=524752 total-btns=86
2026-05-05 10:06:59 | --- session-start source=rapid_fire_hotkey scope=vscode pinned=0 ---
2026-05-05 10:06:59 | rearm source=rapid_fire_hotkey scope=vscode target=199580 sessions=1
2026-05-05 10:06:59 | trigger-accepted source=rapid_fire_hotkey scope=vscode target=199580 pinned=1
2026-05-05 10:06:59 | trigger-banner source=rapid_fire_hotkey text=✅ Allow flow started from #!+9
2026-05-05 10:06:59 | start-impl-probe blocked watcher-active=1
2026-05-05 10:07:00 | stop reason=ℹ Rapid fire watcher stopped
2026-05-05 10:07:00 | start-impl-probe ide-windows=3
2026-05-05 10:07:00 | start-impl-btn doc-scan hwnd=199580 doc-btns=45
2026-05-05 10:07:00 | start-impl-btn window-scan hwnd=199580 total-btns=48
2026-05-05 10:07:00 | start-impl-btn doc-scan hwnd=68592 doc-btns=35
2026-05-05 10:07:00 | start-impl-btn window-scan hwnd=68592 total-btns=38
2026-05-05 10:07:00 | start-impl-btn doc-scan hwnd=524752 doc-btns=83
2026-05-05 10:07:00 | start-impl-btn window-scan hwnd=524752 total-btns=86
2026-05-05 10:07:01 | start-impl-probe ide-windows=3
2026-05-05 10:07:01 | start-impl-btn doc-scan hwnd=199580 doc-btns=45
2026-05-05 10:07:01 | start-impl-btn window-scan hwnd=199580 total-btns=48
2026-05-05 10:07:01 | start-impl-btn doc-scan hwnd=68592 doc-btns=35
2026-05-05 10:07:01 | start-impl-btn window-scan hwnd=68592 total-btns=38
2026-05-05 10:07:01 | start-impl-btn doc-scan hwnd=524752 doc-btns=83
2026-05-05 10:07:01 | start-impl-btn window-scan hwnd=524752 total-btns=86
2026-05-05 10:07:02 | start-impl-probe ide-windows=3
2026-05-05 10:07:02 | start-impl-btn doc-scan hwnd=199580 doc-btns=45
2026-05-05 10:07:02 | start-impl-btn window-scan hwnd=199580 total-btns=48
2026-05-05 10:07:02 | start-impl-btn doc-scan hwnd=68592 doc-btns=35
2026-05-05 10:07:02 | start-impl-btn window-scan hwnd=68592 total-btns=38
2026-05-05 10:07:02 | start-impl-btn doc-scan hwnd=524752 doc-btns=83
2026-05-05 10:07:02 | start-impl-btn window-scan hwnd=524752 total-btns=86
2026-05-05 10:07:03 | start-impl-probe ide-windows=3
2026-05-05 10:07:03 | start-impl-btn doc-scan hwnd=199580 doc-btns=45
2026-05-05 10:07:03 | start-impl-btn window-scan hwnd=199580 total-btns=48
2026-05-05 10:07:03 | start-impl-btn doc-scan hwnd=68592 doc-btns=35
2026-05-05 10:07:03 | start-impl-btn window-scan hwnd=68592 total-btns=38
2026-05-05 10:07:03 | start-impl-btn doc-scan hwnd=524752 doc-btns=83
2026-05-05 10:07:03 | start-impl-btn window-scan hwnd=524752 total-btns=86
2026-05-05 10:07:04 | start-impl-probe ide-windows=3
2026-05-05 10:07:04 | start-impl-btn doc-scan hwnd=199580 doc-btns=45
2026-05-05 10:07:04 | start-impl-btn window-scan hwnd=199580 total-btns=48
2026-05-05 10:07:04 | start-impl-btn doc-scan hwnd=68592 doc-btns=35
2026-05-05 10:07:04 | start-impl-btn window-scan hwnd=68592 total-btns=38
2026-05-05 10:07:04 | start-impl-btn doc-scan hwnd=524752 doc-btns=83
2026-05-05 10:07:04 | start-impl-btn window-scan hwnd=524752 total-btns=86
2026-05-05 10:07:05 | start-impl-probe ide-windows=3
2026-05-05 10:07:05 | start-impl-btn doc-scan hwnd=199580 doc-btns=45
2026-05-05 10:07:05 | start-impl-btn window-scan hwnd=199580 total-btns=48
2026-05-05 10:07:05 | start-impl-btn doc-scan hwnd=68592 doc-btns=35
2026-05-05 10:07:05 | start-impl-btn window-scan hwnd=68592 total-btns=38
2026-05-05 10:07:05 | start-impl-btn doc-scan hwnd=524752 doc-btns=83
2026-05-05 10:07:05 | start-impl-btn window-scan hwnd=524752 total-btns=86
2026-05-05 10:07:06 | start-impl-probe ide-windows=3
2026-05-05 10:07:06 | start-impl-btn doc-scan hwnd=199580 doc-btns=42
2026-05-05 10:07:06 | start-impl-btn window-scan hwnd=199580 total-btns=45
2026-05-05 10:07:06 | start-impl-btn doc-scan hwnd=68592 doc-btns=35
2026-05-05 10:07:06 | start-impl-btn window-scan hwnd=68592 total-btns=38
2026-05-05 10:07:06 | start-impl-btn doc-scan hwnd=524752 doc-btns=83
2026-05-05 10:07:06 | start-impl-btn window-scan hwnd=524752 total-btns=86
2026-05-05 10:07:07 | start-impl-probe ide-windows=3
2026-05-05 10:07:07 | start-impl-btn doc-scan hwnd=199580 doc-btns=42
2026-05-05 10:07:07 | start-impl-btn window-scan hwnd=199580 total-btns=45
2026-05-05 10:07:07 | start-impl-btn doc-scan hwnd=68592 doc-btns=35
2026-05-05 10:07:07 | start-impl-btn window-scan hwnd=68592 total-btns=38
2026-05-05 10:07:07 | start-impl-btn doc-scan hwnd=524752 doc-btns=83
2026-05-05 10:07:07 | start-impl-btn window-scan hwnd=524752 total-btns=86
2026-05-05 10:07:07 | start-impl-probe ide-windows=3
2026-05-05 10:07:07 | start-impl-btn doc-scan hwnd=199580 doc-btns=42
2026-05-05 10:07:07 | start-impl-btn window-scan hwnd=199580 total-btns=45
2026-05-05 10:07:08 | start-impl-btn doc-scan hwnd=68592 doc-btns=35
2026-05-05 10:07:08 | start-impl-btn window-scan hwnd=68592 total-btns=38
2026-05-05 10:07:08 | start-impl-btn doc-scan hwnd=524752 doc-btns=83
2026-05-05 10:07:08 | start-impl-btn window-scan hwnd=524752 total-btns=86
2026-05-05 10:07:08 | start-impl-probe ide-windows=3
2026-05-05 10:07:08 | start-impl-btn doc-scan hwnd=199580 doc-btns=46
2026-05-05 10:07:08 | start-impl-btn window-scan hwnd=199580 total-btns=49
2026-05-05 10:07:08 | start-impl-btn doc-scan hwnd=68592 doc-btns=35
2026-05-05 10:07:08 | start-impl-btn window-scan hwnd=68592 total-btns=38
2026-05-05 10:07:09 | start-impl-btn doc-scan hwnd=524752 doc-btns=83
2026-05-05 10:07:09 | start-impl-btn window-scan hwnd=524752 total-btns=86
2026-05-05 10:07:09 | start-impl-probe ide-windows=3
2026-05-05 10:07:09 | start-impl-btn doc-scan hwnd=199580 doc-btns=46
2026-05-05 10:07:09 | start-impl-btn window-scan hwnd=199580 total-btns=49
2026-05-05 10:07:09 | start-impl-btn doc-scan hwnd=68592 doc-btns=35
2026-05-05 10:07:09 | start-impl-btn window-scan hwnd=68592 total-btns=38
2026-05-05 10:07:09 | start-impl-btn doc-scan hwnd=524752 doc-btns=83
2026-05-05 10:07:09 | start-impl-btn window-scan hwnd=524752 total-btns=86
2026-05-05 10:07:10 | start-impl-probe ide-windows=3
2026-05-05 10:07:10 | start-impl-btn doc-scan hwnd=199580 doc-btns=46
2026-05-05 10:07:10 | start-impl-btn window-scan hwnd=199580 total-btns=49
2026-05-05 10:07:10 | start-impl-btn doc-scan hwnd=68592 doc-btns=35
2026-05-05 10:07:10 | start-impl-btn window-scan hwnd=68592 total-btns=38
2026-05-05 10:07:10 | start-impl-btn doc-scan hwnd=524752 doc-btns=83
2026-05-05 10:07:10 | start-impl-btn window-scan hwnd=524752 total-btns=86
2026-05-05 10:07:11 | start-impl-probe ide-windows=3
2026-05-05 10:07:11 | start-impl-btn doc-scan hwnd=199580 doc-btns=46
2026-05-05 10:07:11 | start-impl-btn window-scan hwnd=199580 total-btns=49
2026-05-05 10:07:11 | start-impl-btn doc-scan hwnd=68592 doc-btns=35
2026-05-05 10:07:11 | start-impl-btn window-scan hwnd=68592 total-btns=38
2026-05-05 10:07:11 | start-impl-btn doc-scan hwnd=524752 doc-btns=83
2026-05-05 10:07:11 | start-impl-btn window-scan hwnd=524752 total-btns=86
2026-05-05 10:07:12 | start-impl-probe ide-windows=3
2026-05-05 10:07:12 | start-impl-btn doc-scan hwnd=199580 doc-btns=42
2026-05-05 10:07:12 | start-impl-btn window-scan hwnd=199580 total-btns=45
2026-05-05 10:07:12 | start-impl-btn doc-scan hwnd=68592 doc-btns=35
2026-05-05 10:07:12 | start-impl-btn window-scan hwnd=68592 total-btns=38
2026-05-05 10:07:12 | start-impl-btn doc-scan hwnd=524752 doc-btns=83
2026-05-05 10:07:12 | start-impl-btn window-scan hwnd=524752 total-btns=86
2026-05-05 10:07:13 | start-impl-probe ide-windows=3
2026-05-05 10:07:13 | start-impl-btn doc-scan hwnd=199580 doc-btns=43
2026-05-05 10:07:13 | start-impl-btn window-scan hwnd=199580 total-btns=46
2026-05-05 10:07:13 | start-impl-btn doc-scan hwnd=68592 doc-btns=35
2026-05-05 10:07:13 | start-impl-btn window-scan hwnd=68592 total-btns=38
2026-05-05 10:07:13 | start-impl-btn doc-scan hwnd=524752 doc-btns=83
2026-05-05 10:07:13 | start-impl-btn window-scan hwnd=524752 total-btns=86
2026-05-05 10:07:14 | start-impl-probe ide-windows=3
2026-05-05 10:07:14 | start-impl-btn doc-scan hwnd=199580 doc-btns=42
2026-05-05 10:07:14 | start-impl-btn window-scan hwnd=199580 total-btns=45
2026-05-05 10:07:14 | start-impl-btn doc-scan hwnd=68592 doc-btns=35
2026-05-05 10:07:14 | start-impl-btn window-scan hwnd=68592 total-btns=38
2026-05-05 10:07:14 | start-impl-btn doc-scan hwnd=524752 doc-btns=83
2026-05-05 10:07:14 | start-impl-btn window-scan hwnd=524752 total-btns=86
2026-05-05 10:07:14 | enter-trigger detected proc=code hwnd=199580
2026-05-05 10:07:14 | enter-trigger fallback-arm proc=code hwnd=199580
2026-05-05 10:07:14 | --- session-start source=chat_submit scope=vscode pinned=0 ---
2026-05-05 10:07:14 | rearm source=chat_submit scope=vscode target=199580 sessions=1
2026-05-05 10:07:14 | trigger-accepted source=chat_submit scope=vscode target=199580 pinned=1
2026-05-05 10:07:14 | trigger-banner source=chat_submit text=⏳ Allow flow started from Enter send
2026-05-05 10:07:15 | start-impl-probe blocked watcher-active=1
2026-05-05 10:07:16 | start-impl-probe blocked watcher-active=1
2026-05-05 10:07:17 | start-impl-probe blocked watcher-active=1
2026-05-05 10:07:17 | start-impl-probe blocked watcher-active=1
2026-05-05 10:07:18 | start-impl-probe blocked watcher-active=1
2026-05-05 10:07:19 | start-impl-probe blocked watcher-active=1
2026-05-05 10:07:20 | start-impl-probe blocked watcher-active=1
2026-05-05 10:07:21 | start-impl-probe blocked watcher-active=1
2026-05-05 10:07:22 | start-impl-probe blocked watcher-active=1
2026-05-05 10:07:23 | start-impl-probe blocked watcher-active=1
2026-05-05 10:07:24 | start-impl-probe blocked watcher-active=1
2026-05-05 10:07:25 | start-impl-probe blocked watcher-active=1
2026-05-05 10:07:26 | start-impl-probe blocked watcher-active=1
2026-05-05 10:07:26 | start-impl-probe blocked watcher-active=1
2026-05-05 10:07:27 | start-impl-probe blocked watcher-active=1
2026-05-05 10:07:28 | start-impl-probe blocked watcher-active=1
2026-05-05 10:07:29 | start-impl-probe blocked watcher-active=1
2026-05-05 10:07:30 | start-impl-probe blocked watcher-active=1
2026-05-05 10:07:31 | start-impl-probe blocked watcher-active=1
2026-05-05 10:07:32 | start-impl-probe blocked watcher-active=1
2026-05-05 10:07:33 | start-impl-probe blocked watcher-active=1
2026-05-05 10:07:34 | start-impl-probe blocked watcher-active=1
2026-05-05 10:07:35 | start-impl-probe blocked watcher-active=1
2026-05-05 10:07:36 | start-impl-probe blocked watcher-active=1
2026-05-05 10:07:36 | start-impl-probe blocked watcher-active=1
2026-05-05 10:07:37 | start-impl-probe blocked watcher-active=1
2026-05-05 10:07:38 | start-impl-probe blocked watcher-active=1
2026-05-05 10:07:39 | start-impl-probe blocked watcher-active=1
2026-05-05 10:07:40 | start-impl-probe blocked watcher-active=1
2026-05-05 10:07:41 | start-impl-probe blocked watcher-active=1
2026-05-05 10:07:42 | start-impl-probe blocked watcher-active=1
2026-05-05 10:07:43 | start-impl-probe blocked watcher-active=1
2026-05-05 10:07:44 | start-impl-probe blocked watcher-active=1
2026-05-05 10:07:45 | start-impl-probe blocked watcher-active=1
2026-05-05 10:07:46 | start-impl-probe blocked watcher-active=1
2026-05-05 10:07:46 | start-impl-probe blocked watcher-active=1
2026-05-05 10:07:47 | start-impl-probe blocked watcher-active=1
2026-05-05 10:07:48 | start-impl-probe blocked watcher-active=1
2026-05-05 10:07:49 | start-impl-probe blocked watcher-active=1
2026-05-05 10:07:50 | start-impl-probe blocked watcher-active=1
2026-05-05 10:07:51 | start-impl-probe blocked watcher-active=1
2026-05-05 10:07:52 | start-impl-probe blocked watcher-active=1
2026-05-05 10:07:53 | start-impl-probe blocked watcher-active=1
2026-05-05 10:07:54 | start-impl-probe blocked watcher-active=1
2026-05-05 10:07:55 | start-impl-probe blocked watcher-active=1
2026-05-05 10:07:56 | start-impl-probe blocked watcher-active=1
2026-05-05 10:07:56 | start-impl-probe blocked watcher-active=1
2026-05-05 10:07:57 | start-impl-probe blocked watcher-active=1
2026-05-05 10:07:58 | start-impl-probe blocked watcher-active=1
2026-05-05 10:07:59 | start-impl-probe blocked watcher-active=1
2026-05-05 10:08:00 | start-impl-probe blocked watcher-active=1
2026-05-05 10:08:01 | start-impl-probe blocked watcher-active=1
2026-05-05 10:08:02 | start-impl-probe blocked watcher-active=1
2026-05-05 10:08:03 | start-impl-probe blocked watcher-active=1
2026-05-05 10:08:04 | start-impl-probe blocked watcher-active=1
2026-05-05 10:08:05 | start-impl-probe blocked watcher-active=1
2026-05-05 10:08:06 | start-impl-probe blocked watcher-active=1
2026-05-05 10:08:06 | start-impl-probe blocked watcher-active=1
2026-05-05 10:08:07 | start-impl-probe blocked watcher-active=1
2026-05-05 10:08:08 | start-impl-probe blocked watcher-active=1
2026-05-05 10:08:09 | start-impl-probe blocked watcher-active=1
2026-05-05 10:08:10 | start-impl-probe blocked watcher-active=1
2026-05-05 10:08:11 | start-impl-probe blocked watcher-active=1
2026-05-05 10:08:12 | start-impl-probe blocked watcher-active=1
2026-05-05 10:08:13 | start-impl-probe blocked watcher-active=1
2026-05-05 10:08:14 | start-impl-probe blocked watcher-active=1
2026-05-05 10:08:15 | start-impl-probe blocked watcher-active=1
2026-05-05 10:08:15 | start-impl-probe blocked watcher-active=1
2026-05-05 10:08:16 | start-impl-probe blocked watcher-active=1
2026-05-05 10:08:17 | start-impl-probe blocked watcher-active=1
2026-05-05 10:08:18 | start-impl-probe blocked watcher-active=1
2026-05-05 10:08:19 | start-impl-probe blocked watcher-active=1
2026-05-05 10:08:20 | start-impl-probe blocked watcher-active=1
2026-05-05 10:08:21 | start-impl-probe blocked watcher-active=1
2026-05-05 10:08:22 | start-impl-probe blocked watcher-active=1
2026-05-05 10:08:23 | start-impl-probe blocked watcher-active=1
2026-05-05 10:08:24 | start-impl-probe blocked watcher-active=1
2026-05-05 10:08:25 | start-impl-probe blocked watcher-active=1
2026-05-05 10:08:26 | start-impl-probe blocked watcher-active=1
2026-05-05 10:08:26 | start-impl-probe blocked watcher-active=1
2026-05-05 10:08:27 | start-impl-probe blocked watcher-active=1
2026-05-05 10:08:28 | start-impl-probe blocked watcher-active=1
2026-05-05 10:08:29 | start-impl-probe blocked watcher-active=1
2026-05-05 10:08:30 | start-impl-probe blocked watcher-active=1
2026-05-05 10:08:31 | start-impl-probe blocked watcher-active=1
2026-05-05 10:08:32 | start-impl-probe blocked watcher-active=1
2026-05-05 10:08:33 | start-impl-probe blocked watcher-active=1
2026-05-05 10:08:34 | start-impl-probe blocked watcher-active=1
2026-05-05 10:08:35 | start-impl-probe blocked watcher-active=1
2026-05-05 10:08:35 | start-impl-probe blocked watcher-active=1
2026-05-05 10:08:36 | start-impl-probe blocked watcher-active=1
2026-05-05 10:08:37 | start-impl-probe blocked watcher-active=1
2026-05-05 10:08:38 | start-impl-probe blocked watcher-active=1
2026-05-05 10:08:39 | start-impl-probe blocked watcher-active=1
2026-05-05 10:08:40 | start-impl-probe blocked watcher-active=1
2026-05-05 10:08:41 | start-impl-probe blocked watcher-active=1
2026-05-05 10:08:42 | start-impl-probe blocked watcher-active=1
2026-05-05 10:08:43 | start-impl-probe blocked watcher-active=1
2026-05-05 10:08:44 | start-impl-probe blocked watcher-active=1
2026-05-05 10:08:45 | start-impl-probe blocked watcher-active=1
2026-05-05 10:08:45 | start-impl-probe blocked watcher-active=1
2026-05-05 10:08:46 | start-impl-probe blocked watcher-active=1
2026-05-05 10:08:47 | start-impl-probe blocked watcher-active=1
2026-05-05 10:08:48 | start-impl-probe blocked watcher-active=1
2026-05-05 10:08:49 | start-impl-probe blocked watcher-active=1
2026-05-05 10:08:50 | start-impl-probe blocked watcher-active=1
2026-05-05 10:08:51 | start-impl-probe blocked watcher-active=1
2026-05-05 10:08:52 | start-impl-probe blocked watcher-active=1
2026-05-05 10:08:53 | start-impl-probe blocked watcher-active=1
2026-05-05 10:08:54 | start-impl-probe blocked watcher-active=1
2026-05-05 10:08:55 | start-impl-probe blocked watcher-active=1
2026-05-05 10:08:55 | start-impl-probe blocked watcher-active=1
2026-05-05 10:08:56 | start-impl-probe blocked watcher-active=1
2026-05-05 10:08:57 | start-impl-probe blocked watcher-active=1
2026-05-05 10:08:58 | start-impl-probe blocked watcher-active=1
2026-05-05 10:08:59 | start-impl-probe blocked watcher-active=1
2026-05-05 10:09:00 | start-impl-probe blocked watcher-active=1
2026-05-05 10:09:01 | start-impl-probe blocked watcher-active=1
2026-05-05 10:09:02 | start-impl-probe blocked watcher-active=1
2026-05-05 10:09:03 | start-impl-probe blocked watcher-active=1
2026-05-05 10:09:04 | start-impl-probe blocked watcher-active=1
2026-05-05 10:09:05 | start-impl-probe blocked watcher-active=1
2026-05-05 10:09:05 | start-impl-probe blocked watcher-active=1
2026-05-05 10:09:06 | start-impl-probe blocked watcher-active=1
2026-05-05 10:09:07 | start-impl-probe blocked watcher-active=1
2026-05-05 10:09:08 | start-impl-probe blocked watcher-active=1
2026-05-05 10:09:09 | start-impl-probe blocked watcher-active=1
2026-05-05 10:09:10 | start-impl-probe blocked watcher-active=1
2026-05-05 10:09:11 | start-impl-probe blocked watcher-active=1
2026-05-05 10:09:12 | start-impl-probe blocked watcher-active=1
2026-05-05 10:09:13 | start-impl-probe blocked watcher-active=1
2026-05-05 10:09:14 | start-impl-probe blocked watcher-active=1
2026-05-05 10:09:15 | start-impl-probe blocked watcher-active=1
2026-05-05 10:09:15 | start-impl-probe blocked watcher-active=1
2026-05-05 10:09:16 | start-impl-probe blocked watcher-active=1
2026-05-05 10:09:17 | start-impl-probe blocked watcher-active=1
2026-05-05 10:09:18 | start-impl-probe blocked watcher-active=1
2026-05-05 10:09:19 | start-impl-probe blocked watcher-active=1
2026-05-05 10:09:20 | start-impl-probe blocked watcher-active=1
2026-05-05 10:09:21 | start-impl-probe blocked watcher-active=1
2026-05-05 10:09:22 | start-impl-probe blocked watcher-active=1
2026-05-05 10:09:23 | start-impl-probe blocked watcher-active=1
2026-05-05 10:09:24 | start-impl-probe blocked watcher-active=1
2026-05-05 10:09:24 | start-impl-probe blocked watcher-active=1
2026-05-05 10:09:25 | start-impl-probe blocked watcher-active=1
2026-05-05 10:09:26 | start-impl-probe blocked watcher-active=1
2026-05-05 10:09:27 | start-impl-probe blocked watcher-active=1
2026-05-05 10:09:28 | start-impl-probe blocked watcher-active=1
2026-05-05 10:09:29 | start-impl-probe blocked watcher-active=1
2026-05-05 10:09:30 | start-impl-probe blocked watcher-active=1
2026-05-05 10:09:31 | start-impl-probe blocked watcher-active=1
2026-05-05 10:09:32 | start-impl-probe blocked watcher-active=1
2026-05-05 10:09:33 | start-impl-probe blocked watcher-active=1
2026-05-05 10:09:34 | start-impl-probe blocked watcher-active=1
2026-05-05 10:09:34 | start-impl-probe blocked watcher-active=1
2026-05-05 10:09:35 | start-impl-probe blocked watcher-active=1
2026-05-05 10:09:36 | start-impl-probe blocked watcher-active=1
2026-05-05 10:09:37 | start-impl-probe blocked watcher-active=1
2026-05-05 10:09:38 | start-impl-probe blocked watcher-active=1
2026-05-05 10:09:39 | start-impl-probe blocked watcher-active=1
2026-05-05 10:09:40 | start-impl-probe blocked watcher-active=1
2026-05-05 10:09:41 | start-impl-probe blocked watcher-active=1
2026-05-05 10:09:42 | start-impl-probe blocked watcher-active=1
2026-05-05 10:09:43 | start-impl-probe blocked watcher-active=1
2026-05-05 10:09:44 | start-impl-probe blocked watcher-active=1
2026-05-05 10:09:44 | start-impl-probe blocked watcher-active=1
2026-05-05 10:09:45 | start-impl-probe blocked watcher-active=1
2026-05-05 10:09:46 | start-impl-probe blocked watcher-active=1
2026-05-05 10:09:47 | start-impl-probe blocked watcher-active=1
2026-05-05 10:09:48 | start-impl-probe blocked watcher-active=1
2026-05-05 10:09:49 | start-impl-probe blocked watcher-active=1
2026-05-05 10:09:50 | start-impl-probe blocked watcher-active=1
2026-05-05 10:09:51 | start-impl-probe blocked watcher-active=1
2026-05-05 10:09:52 | start-impl-probe blocked watcher-active=1
2026-05-05 10:09:53 | start-impl-probe blocked watcher-active=1
2026-05-05 10:09:54 | start-impl-probe blocked watcher-active=1
2026-05-05 10:09:55 | start-impl-probe blocked watcher-active=1
2026-05-05 10:09:55 | start-impl-probe blocked watcher-active=1
2026-05-05 10:09:56 | start-impl-probe blocked watcher-active=1
2026-05-05 10:09:57 | start-impl-probe blocked watcher-active=1
2026-05-05 10:09:58 | start-impl-probe blocked watcher-active=1
2026-05-05 10:09:59 | start-impl-probe blocked watcher-active=1
2026-05-05 10:10:00 | start-impl-probe blocked watcher-active=1
2026-05-05 10:10:01 | start-impl-probe blocked watcher-active=1
2026-05-05 10:10:02 | start-impl-probe blocked watcher-active=1
2026-05-05 10:10:03 | start-impl-probe blocked watcher-active=1
2026-05-05 10:10:04 | start-impl-probe blocked watcher-active=1
2026-05-05 10:10:04 | start-impl-probe blocked watcher-active=1
2026-05-05 10:10:05 | start-impl-probe blocked watcher-active=1
2026-05-05 10:10:06 | start-impl-probe blocked watcher-active=1
2026-05-05 10:10:07 | start-impl-probe blocked watcher-active=1
2026-05-05 10:10:08 | start-impl-probe blocked watcher-active=1
2026-05-05 10:10:09 | start-impl-probe blocked watcher-active=1
2026-05-05 10:10:10 | start-impl-probe blocked watcher-active=1
2026-05-05 10:10:11 | start-impl-probe blocked watcher-active=1
2026-05-05 10:10:12 | start-impl-probe blocked watcher-active=1
2026-05-05 10:10:13 | start-impl-probe blocked watcher-active=1
2026-05-05 10:10:14 | start-impl-probe blocked watcher-active=1
2026-05-05 10:10:15 | start-impl-probe blocked watcher-active=1
2026-05-05 10:10:15 | start-impl-probe blocked watcher-active=1
2026-05-05 10:10:16 | start-impl-probe blocked watcher-active=1
2026-05-05 10:10:17 | start-impl-probe blocked watcher-active=1
2026-05-05 10:10:18 | start-impl-probe blocked watcher-active=1
2026-05-05 10:10:19 | start-impl-probe blocked watcher-active=1
2026-05-05 10:10:20 | start-impl-probe blocked watcher-active=1
2026-05-05 10:10:21 | start-impl-probe blocked watcher-active=1
2026-05-05 10:10:22 | start-impl-probe blocked watcher-active=1
2026-05-05 10:10:23 | start-impl-probe blocked watcher-active=1
2026-05-05 10:10:24 | start-impl-probe blocked watcher-active=1
2026-05-05 10:10:24 | start-impl-probe blocked watcher-active=1
2026-05-05 10:10:25 | start-impl-probe blocked watcher-active=1
2026-05-05 10:10:26 | start-impl-probe blocked watcher-active=1
2026-05-05 10:10:27 | start-impl-probe blocked watcher-active=1
2026-05-05 10:10:28 | start-impl-probe blocked watcher-active=1
2026-05-05 10:10:29 | start-impl-probe blocked watcher-active=1
2026-05-05 10:10:30 | start-impl-probe blocked watcher-active=1
2026-05-05 10:10:31 | start-impl-probe blocked watcher-active=1
2026-05-05 10:10:32 | start-impl-probe blocked watcher-active=1
2026-05-05 10:10:33 | start-impl-probe blocked watcher-active=1
2026-05-05 10:10:34 | start-impl-probe blocked watcher-active=1
2026-05-05 10:10:34 | start-impl-probe blocked watcher-active=1
2026-05-05 10:10:35 | start-impl-probe blocked watcher-active=1
2026-05-05 10:10:36 | start-impl-probe blocked watcher-active=1
2026-05-05 10:10:37 | start-impl-probe blocked watcher-active=1
2026-05-05 10:10:38 | start-impl-probe blocked watcher-active=1
2026-05-05 10:10:39 | start-impl-probe blocked watcher-active=1
2026-05-05 10:10:40 | start-impl-probe blocked watcher-active=1
2026-05-05 10:10:41 | start-impl-probe blocked watcher-active=1
2026-05-05 10:10:42 | start-impl-probe blocked watcher-active=1
2026-05-05 10:10:43 | start-impl-probe blocked watcher-active=1
2026-05-05 10:10:44 | start-impl-probe blocked watcher-active=1
2026-05-05 10:10:44 | start-impl-probe blocked watcher-active=1
2026-05-05 10:10:45 | start-impl-probe blocked watcher-active=1
2026-05-05 10:10:46 | start-impl-probe blocked watcher-active=1
2026-05-05 10:10:47 | start-impl-probe blocked watcher-active=1
2026-05-05 10:10:48 | start-impl-probe blocked watcher-active=1
2026-05-05 10:10:48 | enter-trigger detected proc=code hwnd=524752
2026-05-05 10:10:49 | start-impl-probe blocked watcher-active=1
2026-05-05 10:10:50 | start-impl-probe blocked watcher-active=1
2026-05-05 10:10:51 | start-impl-probe blocked watcher-active=1
2026-05-05 10:10:52 | start-impl-probe blocked watcher-active=1
2026-05-05 10:10:53 | start-impl-probe blocked watcher-active=1
2026-05-05 10:10:54 | start-impl-probe blocked watcher-active=1
2026-05-05 10:10:54 | start-impl-probe blocked watcher-active=1
2026-05-05 10:10:55 | start-impl-probe blocked watcher-active=1
2026-05-05 10:10:56 | start-impl-probe blocked watcher-active=1
2026-05-05 10:10:57 | start-impl-probe blocked watcher-active=1
2026-05-05 10:10:58 | start-impl-probe blocked watcher-active=1
2026-05-05 10:10:59 | start-impl-probe blocked watcher-active=1
2026-05-05 10:11:00 | start-impl-probe blocked watcher-active=1
2026-05-05 10:11:01 | start-impl-probe blocked watcher-active=1
2026-05-05 10:11:02 | start-impl-probe blocked watcher-active=1
2026-05-05 10:11:03 | start-impl-probe blocked watcher-active=1
2026-05-05 10:11:04 | start-impl-probe blocked watcher-active=1
2026-05-05 10:11:04 | start-impl-probe blocked watcher-active=1
2026-05-05 10:11:05 | start-impl-probe blocked watcher-active=1
2026-05-05 10:11:06 | start-impl-probe blocked watcher-active=1
2026-05-05 10:11:07 | start-impl-probe blocked watcher-active=1
2026-05-05 10:11:08 | start-impl-probe blocked watcher-active=1
2026-05-05 10:11:09 | start-impl-probe blocked watcher-active=1
2026-05-05 10:11:10 | start-impl-probe blocked watcher-active=1
2026-05-05 10:11:11 | start-impl-probe blocked watcher-active=1
2026-05-05 10:11:12 | start-impl-probe blocked watcher-active=1
2026-05-05 10:11:13 | start-impl-probe blocked watcher-active=1
2026-05-05 10:11:14 | start-impl-probe blocked watcher-active=1
2026-05-05 10:11:14 | start-impl-probe blocked watcher-active=1
2026-05-05 10:11:15 | start-impl-probe blocked watcher-active=1
2026-05-05 10:11:16 | start-impl-probe blocked watcher-active=1
2026-05-05 10:11:17 | start-impl-probe blocked watcher-active=1
2026-05-05 10:11:18 | start-impl-probe blocked watcher-active=1
2026-05-05 10:11:19 | start-impl-probe blocked watcher-active=1
2026-05-05 10:11:20 | start-impl-probe blocked watcher-active=1
2026-05-05 10:11:21 | start-impl-probe blocked watcher-active=1
2026-05-05 10:11:22 | start-impl-probe blocked watcher-active=1
2026-05-05 10:11:23 | start-impl-probe blocked watcher-active=1
2026-05-05 10:11:23 | start-impl-probe blocked watcher-active=1
2026-05-05 10:11:24 | start-impl-probe blocked watcher-active=1
2026-05-05 10:11:25 | start-impl-probe blocked watcher-active=1
2026-05-05 10:11:26 | start-impl-probe blocked watcher-active=1
2026-05-05 10:11:27 | start-impl-probe blocked watcher-active=1
2026-05-05 10:11:28 | start-impl-probe blocked watcher-active=1
2026-05-05 10:11:29 | start-impl-probe blocked watcher-active=1
2026-05-05 10:11:30 | start-impl-probe blocked watcher-active=1
2026-05-05 10:11:31 | start-impl-probe blocked watcher-active=1
2026-05-05 10:11:32 | start-impl-probe blocked watcher-active=1
2026-05-05 10:11:33 | start-impl-probe blocked watcher-active=1
2026-05-05 10:11:33 | start-impl-probe blocked watcher-active=1
2026-05-05 10:11:34 | start-impl-probe blocked watcher-active=1
2026-05-05 10:11:35 | start-impl-probe blocked watcher-active=1
2026-05-05 10:11:36 | start-impl-probe blocked watcher-active=1
2026-05-05 10:11:37 | start-impl-probe blocked watcher-active=1
2026-05-05 10:11:38 | start-impl-probe blocked watcher-active=1
2026-05-05 10:11:39 | start-impl-probe blocked watcher-active=1
2026-05-05 10:11:40 | start-impl-probe blocked watcher-active=1
2026-05-05 10:11:41 | start-impl-probe blocked watcher-active=1
2026-05-05 10:11:42 | start-impl-probe blocked watcher-active=1
2026-05-05 10:11:43 | start-impl-probe blocked watcher-active=1
2026-05-05 10:11:43 | start-impl-probe blocked watcher-active=1
2026-05-05 10:11:44 | start-impl-probe blocked watcher-active=1
2026-05-05 10:11:45 | start-impl-probe blocked watcher-active=1
2026-05-05 10:11:46 | start-impl-probe blocked watcher-active=1
2026-05-05 10:11:47 | start-impl-probe blocked watcher-active=1
2026-05-05 10:11:48 | start-impl-probe blocked watcher-active=1
2026-05-05 10:11:49 | start-impl-probe blocked watcher-active=1
2026-05-05 10:11:50 | start-impl-probe blocked watcher-active=1
2026-05-05 10:11:51 | start-impl-probe blocked watcher-active=1
2026-05-05 10:11:52 | start-impl-probe blocked watcher-active=1
2026-05-05 10:11:53 | start-impl-probe blocked watcher-active=1
2026-05-05 10:11:53 | start-impl-probe blocked watcher-active=1
2026-05-05 10:11:54 | start-impl-probe blocked watcher-active=1
2026-05-05 10:11:55 | start-impl-probe blocked watcher-active=1
2026-05-05 10:11:56 | start-impl-probe blocked watcher-active=1
2026-05-05 10:11:57 | start-impl-probe blocked watcher-active=1
2026-05-05 10:11:58 | start-impl-probe blocked watcher-active=1
2026-05-05 10:11:59 | start-impl-probe blocked watcher-active=1
2026-05-05 10:12:00 | start-impl-probe blocked watcher-active=1
2026-05-05 10:12:01 | start-impl-probe blocked watcher-active=1
2026-05-05 10:12:02 | start-impl-probe blocked watcher-active=1
2026-05-05 10:12:03 | start-impl-probe blocked watcher-active=1
2026-05-05 10:12:03 | start-impl-probe blocked watcher-active=1
2026-05-05 10:12:04 | start-impl-probe blocked watcher-active=1
2026-05-05 10:12:05 | start-impl-probe blocked watcher-active=1
2026-05-05 10:12:06 | start-impl-probe blocked watcher-active=1
2026-05-05 10:12:07 | start-impl-probe blocked watcher-active=1
2026-05-05 10:12:08 | start-impl-probe blocked watcher-active=1
2026-05-05 10:12:09 | start-impl-probe blocked watcher-active=1
2026-05-05 10:12:10 | start-impl-probe blocked watcher-active=1
2026-05-05 10:12:11 | start-impl-probe blocked watcher-active=1
2026-05-05 10:12:12 | start-impl-probe blocked watcher-active=1
2026-05-05 10:12:12 | start-impl-probe blocked watcher-active=1
2026-05-05 10:12:13 | start-impl-probe blocked watcher-active=1
2026-05-05 10:12:14 | start-impl-probe blocked watcher-active=1
2026-05-05 10:12:15 | start-impl-probe blocked watcher-active=1
2026-05-05 10:12:16 | start-impl-probe blocked watcher-active=1
2026-05-05 10:12:17 | start-impl-probe blocked watcher-active=1
2026-05-05 10:12:18 | start-impl-probe blocked watcher-active=1
2026-05-05 10:12:19 | start-impl-probe blocked watcher-active=1
2026-05-05 10:12:20 | start-impl-probe blocked watcher-active=1
2026-05-05 10:12:21 | start-impl-probe blocked watcher-active=1
2026-05-05 10:12:22 | start-impl-probe blocked watcher-active=1
2026-05-05 10:12:22 | start-impl-probe blocked watcher-active=1
2026-05-05 10:12:23 | start-impl-probe blocked watcher-active=1
2026-05-05 10:12:24 | start-impl-probe blocked watcher-active=1
2026-05-05 10:12:25 | start-impl-probe blocked watcher-active=1
2026-05-05 10:12:26 | start-impl-probe blocked watcher-active=1
2026-05-05 10:12:27 | start-impl-probe blocked watcher-active=1
2026-05-05 10:12:28 | start-impl-probe blocked watcher-active=1
2026-05-05 10:12:29 | start-impl-probe blocked watcher-active=1
2026-05-05 10:12:30 | start-impl-probe blocked watcher-active=1
2026-05-05 10:12:31 | start-impl-probe blocked watcher-active=1
2026-05-05 10:12:32 | start-impl-probe blocked watcher-active=1
2026-05-05 10:12:32 | start-impl-probe blocked watcher-active=1
2026-05-05 10:12:33 | start-impl-probe blocked watcher-active=1
2026-05-05 10:12:34 | start-impl-probe blocked watcher-active=1
2026-05-05 10:12:35 | start-impl-probe blocked watcher-active=1
2026-05-05 10:12:36 | start-impl-probe blocked watcher-active=1
2026-05-05 10:12:37 | start-impl-probe blocked watcher-active=1
2026-05-05 10:12:38 | start-impl-probe blocked watcher-active=1
2026-05-05 10:12:39 | start-impl-probe blocked watcher-active=1
2026-05-05 10:12:40 | start-impl-probe blocked watcher-active=1
2026-05-05 10:12:41 | start-impl-probe blocked watcher-active=1
2026-05-05 10:12:42 | start-impl-probe blocked watcher-active=1
2026-05-05 10:12:42 | start-impl-probe blocked watcher-active=1
2026-05-05 10:12:43 | start-impl-probe blocked watcher-active=1
2026-05-05 10:12:44 | start-impl-probe blocked watcher-active=1
2026-05-05 10:12:45 | start-impl-probe blocked watcher-active=1
2026-05-05 10:12:46 | start-impl-probe blocked watcher-active=1
2026-05-05 10:12:47 | start-impl-probe blocked watcher-active=1
2026-05-05 10:12:48 | start-impl-probe blocked watcher-active=1
2026-05-05 10:12:49 | start-impl-probe blocked watcher-active=1
2026-05-05 10:12:50 | start-impl-probe blocked watcher-active=1
2026-05-05 10:12:51 | start-impl-probe blocked watcher-active=1
2026-05-05 10:12:52 | start-impl-probe blocked watcher-active=1
2026-05-05 10:12:52 | start-impl-probe blocked watcher-active=1
2026-05-05 10:12:53 | start-impl-probe blocked watcher-active=1
2026-05-05 10:12:54 | start-impl-probe blocked watcher-active=1
2026-05-05 10:12:55 | start-impl-probe blocked watcher-active=1
2026-05-05 10:12:56 | start-impl-probe blocked watcher-active=1
2026-05-05 10:12:57 | start-impl-probe blocked watcher-active=1
2026-05-05 10:12:58 | start-impl-probe blocked watcher-active=1
2026-05-05 10:12:59 | start-impl-probe blocked watcher-active=1
2026-05-05 10:13:00 | start-impl-probe blocked watcher-active=1
2026-05-05 10:13:01 | start-impl-probe blocked watcher-active=1
2026-05-05 10:13:01 | start-impl-probe blocked watcher-active=1
2026-05-05 10:13:02 | start-impl-probe blocked watcher-active=1
2026-05-05 10:13:03 | start-impl-probe blocked watcher-active=1
2026-05-05 10:13:04 | start-impl-probe blocked watcher-active=1
2026-05-05 10:13:05 | start-impl-probe blocked watcher-active=1
2026-05-05 10:13:06 | start-impl-probe blocked watcher-active=1
2026-05-05 10:13:07 | start-impl-probe blocked watcher-active=1
2026-05-05 10:13:08 | start-impl-probe blocked watcher-active=1
2026-05-05 10:13:09 | start-impl-probe blocked watcher-active=1
2026-05-05 10:13:10 | start-impl-probe blocked watcher-active=1
2026-05-05 10:13:11 | start-impl-probe blocked watcher-active=1
2026-05-05 10:13:12 | start-impl-probe blocked watcher-active=1
2026-05-05 10:13:12 | start-impl-probe blocked watcher-active=1
2026-05-05 10:13:13 | start-impl-probe blocked watcher-active=1
2026-05-05 10:13:14 | start-impl-probe blocked watcher-active=1
2026-05-05 10:13:15 | start-impl-probe blocked watcher-active=1
2026-05-05 10:13:16 | start-impl-probe blocked watcher-active=1
2026-05-05 10:13:17 | start-impl-probe blocked watcher-active=1
2026-05-05 10:13:18 | start-impl-probe blocked watcher-active=1
2026-05-05 10:13:19 | start-impl-probe blocked watcher-active=1
2026-05-05 10:13:20 | start-impl-probe blocked watcher-active=1
2026-05-05 10:13:21 | start-impl-probe blocked watcher-active=1
2026-05-05 10:13:21 | start-impl-probe blocked watcher-active=1
2026-05-05 10:13:22 | start-impl-probe blocked watcher-active=1
2026-05-05 10:13:23 | start-impl-probe blocked watcher-active=1
2026-05-05 10:13:24 | start-impl-probe blocked watcher-active=1
2026-05-05 10:13:25 | start-impl-probe blocked watcher-active=1
2026-05-05 10:13:26 | start-impl-probe blocked watcher-active=1
2026-05-05 10:13:27 | start-impl-probe blocked watcher-active=1
2026-05-05 10:13:28 | start-impl-probe blocked watcher-active=1
2026-05-05 10:13:29 | start-impl-probe blocked watcher-active=1
2026-05-05 10:13:30 | start-impl-probe blocked watcher-active=1
2026-05-05 10:13:31 | start-impl-probe blocked watcher-active=1
2026-05-05 10:13:31 | start-impl-probe blocked watcher-active=1
2026-05-05 10:13:32 | start-impl-probe blocked watcher-active=1
2026-05-05 10:13:33 | start-impl-probe blocked watcher-active=1
2026-05-05 10:13:34 | start-impl-probe blocked watcher-active=1
2026-05-05 10:13:35 | start-impl-probe blocked watcher-active=1
2026-05-05 10:13:36 | start-impl-probe blocked watcher-active=1
2026-05-05 10:13:37 | start-impl-probe blocked watcher-active=1
2026-05-05 10:13:38 | start-impl-probe blocked watcher-active=1
2026-05-05 10:13:39 | start-impl-probe blocked watcher-active=1
2026-05-05 10:13:40 | start-impl-probe blocked watcher-active=1
2026-05-05 10:13:41 | start-impl-probe blocked watcher-active=1
2026-05-05 10:13:41 | start-impl-probe blocked watcher-active=1
2026-05-05 10:13:42 | start-impl-probe blocked watcher-active=1
2026-05-05 10:13:43 | start-impl-probe blocked watcher-active=1
2026-05-05 10:13:44 | start-impl-probe blocked watcher-active=1
2026-05-05 10:13:45 | start-impl-probe blocked watcher-active=1
2026-05-05 10:13:46 | start-impl-probe blocked watcher-active=1
2026-05-05 10:13:47 | start-impl-probe blocked watcher-active=1
2026-05-05 10:13:48 | start-impl-probe blocked watcher-active=1
2026-05-05 10:13:49 | start-impl-probe blocked watcher-active=1
2026-05-05 10:13:50 | start-impl-probe blocked watcher-active=1
2026-05-05 10:13:51 | start-impl-probe blocked watcher-active=1
2026-05-05 10:13:51 | start-impl-probe blocked watcher-active=1
2026-05-05 10:13:52 | start-impl-probe blocked watcher-active=1
2026-05-05 10:13:53 | start-impl-probe blocked watcher-active=1
2026-05-05 10:13:54 | start-impl-probe blocked watcher-active=1
2026-05-05 10:13:55 | start-impl-probe blocked watcher-active=1
2026-05-05 10:13:56 | start-impl-probe blocked watcher-active=1
2026-05-05 10:13:57 | start-impl-probe blocked watcher-active=1
2026-05-05 10:13:58 | start-impl-probe blocked watcher-active=1
2026-05-05 10:13:59 | start-impl-probe blocked watcher-active=1
2026-05-05 10:14:00 | start-impl-probe blocked watcher-active=1
2026-05-05 10:14:01 | start-impl-probe blocked watcher-active=1
2026-05-05 10:14:01 | start-impl-probe blocked watcher-active=1
2026-05-05 10:14:02 | start-impl-probe blocked watcher-active=1
2026-05-05 10:14:03 | start-impl-probe blocked watcher-active=1
2026-05-05 10:14:04 | start-impl-probe blocked watcher-active=1
2026-05-05 10:14:05 | start-impl-probe blocked watcher-active=1
2026-05-05 10:14:06 | start-impl-probe blocked watcher-active=1
2026-05-05 10:14:07 | start-impl-probe blocked watcher-active=1
2026-05-05 10:14:08 | start-impl-probe blocked watcher-active=1
2026-05-05 10:14:09 | start-impl-probe blocked watcher-active=1
2026-05-05 10:14:10 | start-impl-probe blocked watcher-active=1
2026-05-05 10:14:11 | start-impl-probe blocked watcher-active=1
2026-05-05 10:14:11 | start-impl-probe blocked watcher-active=1
2026-05-05 10:14:12 | start-impl-probe blocked watcher-active=1
2026-05-05 10:14:13 | start-impl-probe blocked watcher-active=1
2026-05-05 10:14:14 | start-impl-probe blocked watcher-active=1
2026-05-05 10:14:15 | start-impl-probe blocked watcher-active=1
2026-05-05 10:14:16 | start-impl-probe blocked watcher-active=1
2026-05-05 10:14:17 | start-impl-probe blocked watcher-active=1
2026-05-05 10:14:18 | start-impl-probe blocked watcher-active=1
2026-05-05 10:14:19 | start-impl-probe blocked watcher-active=1
2026-05-05 10:14:20 | start-impl-probe blocked watcher-active=1
2026-05-05 10:14:21 | start-impl-probe blocked watcher-active=1
2026-05-05 10:14:21 | start-impl-probe blocked watcher-active=1
2026-05-05 10:14:22 | start-impl-probe blocked watcher-active=1
2026-05-05 10:14:23 | start-impl-probe blocked watcher-active=1
2026-05-05 10:14:24 | start-impl-probe blocked watcher-active=1
2026-05-05 10:14:25 | start-impl-probe blocked watcher-active=1
2026-05-05 10:14:26 | start-impl-probe blocked watcher-active=1
2026-05-05 10:14:44 | enter-trigger detected proc=code hwnd=524752
2026-05-05 10:14:44 | start-impl-probe ide-windows=3
2026-05-05 10:14:44 | start-impl-btn doc-scan hwnd=524752 doc-btns=89
2026-05-05 10:14:44 | start-impl-btn found hwnd=524752 name='Fixed Start Implementation button detection'
2026-05-05 10:14:44 | start-impl-probe hwnd=524752 was=0 now=1 active=1
2026-05-05 10:14:44 | start-impl-btn doc-scan hwnd=68592 doc-btns=36
2026-05-05 10:14:44 | start-impl-btn window-scan hwnd=68592 total-btns=39
2026-05-05 10:14:44 | start-impl-btn doc-scan hwnd=199580 doc-btns=41
2026-05-05 10:14:44 | start-impl-btn window-scan hwnd=199580 total-btns=44
2026-05-05 10:14:44 | enter-trigger fallback-arm proc=code hwnd=524752
2026-05-05 10:14:44 | --- session-start source=chat_submit scope=vscode pinned=0 ---
2026-05-05 10:14:44 | rearm source=chat_submit scope=vscode target=524752 sessions=1
2026-05-05 10:14:44 | trigger-accepted source=chat_submit scope=vscode target=524752 pinned=1
2026-05-05 10:14:44 | trigger-banner source=chat_submit text=⏳ Allow flow started from Enter send
2026-05-05 10:14:44 | banner-created hwnd=2034888 x=-2860 y=1288
2026-05-05 10:14:45 | start-impl-probe blocked watcher-active=1
2026-05-05 10:14:46 | start-impl-probe blocked watcher-active=1
2026-05-05 10:14:47 | start-impl-probe blocked watcher-active=1
2026-05-05 10:14:48 | start-impl-probe blocked watcher-active=1
2026-05-05 10:14:49 | start-impl-probe blocked watcher-active=1
2026-05-05 10:14:49 | start-impl-probe blocked watcher-active=1
2026-05-05 10:14:50 | start-impl-probe blocked watcher-active=1
2026-05-05 10:14:51 | start-impl-probe blocked watcher-active=1
2026-05-05 10:14:52 | start-impl-probe blocked watcher-active=1
2026-05-05 10:14:53 | start-impl-probe blocked watcher-active=1
2026-05-05 10:14:53 | banner-repositioned hwnd=2034888 monitor=3 x=20 y=2008
2026-05-05 10:14:54 | start-impl-probe blocked watcher-active=1
2026-05-05 10:14:55 | start-impl-probe blocked watcher-active=1
2026-05-05 10:14:56 | start-impl-probe blocked watcher-active=1
2026-05-05 10:14:57 | start-impl-probe blocked watcher-active=1
2026-05-05 10:14:58 | start-impl-probe blocked watcher-active=1
2026-05-05 10:14:59 | start-impl-probe blocked watcher-active=1
2026-05-05 10:14:59 | start-impl-probe blocked watcher-active=1
2026-05-05 10:15:00 | start-impl-probe blocked watcher-active=1
2026-05-05 10:15:01 | start-impl-probe blocked watcher-active=1
2026-05-05 10:15:02 | start-impl-probe blocked watcher-active=1
2026-05-05 10:15:03 | start-impl-probe blocked watcher-active=1
2026-05-05 10:15:04 | start-impl-probe blocked watcher-active=1
2026-05-05 10:15:05 | start-impl-probe blocked watcher-active=1
2026-05-05 10:15:06 | start-impl-probe blocked watcher-active=1
2026-05-05 10:15:07 | start-impl-probe blocked watcher-active=1
2026-05-05 10:15:08 | start-impl-probe blocked watcher-active=1
2026-05-05 10:15:09 | start-impl-probe blocked watcher-active=1
2026-05-05 10:15:09 | start-impl-probe blocked watcher-active=1
2026-05-05 10:15:10 | start-impl-probe blocked watcher-active=1
2026-05-05 10:15:11 | start-impl-probe blocked watcher-active=1
2026-05-05 10:15:12 | start-impl-probe blocked watcher-active=1
2026-05-05 10:15:13 | start-impl-probe blocked watcher-active=1
2026-05-05 10:15:14 | start-impl-probe blocked watcher-active=1
2026-05-05 10:15:15 | start-impl-probe blocked watcher-active=1
2026-05-05 10:15:16 | start-impl-probe blocked watcher-active=1
2026-05-05 10:15:17 | start-impl-probe blocked watcher-active=1
2026-05-05 10:15:18 | start-impl-probe blocked watcher-active=1
2026-05-05 10:15:19 | start-impl-probe blocked watcher-active=1
2026-05-05 10:15:19 | start-impl-probe blocked watcher-active=1
2026-05-05 10:15:20 | start-impl-probe blocked watcher-active=1
2026-05-05 10:15:21 | start-impl-probe blocked watcher-active=1
2026-05-05 10:15:22 | start-impl-probe blocked watcher-active=1
2026-05-05 10:15:23 | start-impl-probe blocked watcher-active=1
2026-05-05 10:15:24 | start-impl-probe blocked watcher-active=1
2026-05-05 10:15:25 | start-impl-probe blocked watcher-active=1
2026-05-05 10:15:26 | start-impl-probe blocked watcher-active=1
2026-05-05 10:15:27 | start-impl-probe blocked watcher-active=1
2026-05-05 10:15:28 | start-impl-probe blocked watcher-active=1
2026-05-05 10:15:29 | start-impl-probe blocked watcher-active=1
2026-05-05 10:15:30 | start-impl-probe blocked watcher-active=1
2026-05-05 10:15:31 | start-impl-probe blocked watcher-active=1
2026-05-05 10:15:32 | start-impl-probe blocked watcher-active=1
2026-05-05 10:15:33 | start-impl-probe blocked watcher-active=1
2026-05-05 10:15:34 | start-impl-probe blocked watcher-active=1
2026-05-05 10:15:35 | start-impl-probe blocked watcher-active=1
2026-05-05 10:15:36 | start-impl-probe blocked watcher-active=1
2026-05-05 10:15:36 | start-impl-probe blocked watcher-active=1
2026-05-05 10:15:37 | start-impl-probe blocked watcher-active=1
2026-05-05 10:15:38 | start-impl-probe blocked watcher-active=1
2026-05-05 10:15:39 | start-impl-probe blocked watcher-active=1
2026-05-05 10:15:40 | start-impl-probe blocked watcher-active=1
2026-05-05 10:15:41 | start-impl-probe blocked watcher-active=1
2026-05-05 10:15:42 | start-impl-probe blocked watcher-active=1
2026-05-05 10:15:43 | start-impl-probe blocked watcher-active=1
2026-05-05 10:15:44 | start-impl-probe blocked watcher-active=1
2026-05-05 10:15:45 | start-impl-probe blocked watcher-active=1
2026-05-05 10:15:46 | start-impl-probe blocked watcher-active=1
2026-05-05 10:15:47 | start-impl-probe blocked watcher-active=1
2026-05-05 10:15:47 | start-impl-probe blocked watcher-active=1
2026-05-05 10:15:48 | start-impl-probe blocked watcher-active=1
2026-05-05 10:15:49 | start-impl-probe blocked watcher-active=1
2026-05-05 10:15:50 | start-impl-probe blocked watcher-active=1
2026-05-05 10:15:51 | start-impl-probe blocked watcher-active=1
2026-05-05 10:15:52 | start-impl-probe blocked watcher-active=1
2026-05-05 10:15:53 | start-impl-probe blocked watcher-active=1
2026-05-05 10:15:54 | start-impl-probe blocked watcher-active=1
2026-05-05 10:15:55 | start-impl-probe blocked watcher-active=1
2026-05-05 10:15:56 | start-impl-probe blocked watcher-active=1
2026-05-05 10:15:57 | start-impl-probe blocked watcher-active=1
2026-05-05 10:15:57 | start-impl-probe blocked watcher-active=1
2026-05-05 10:15:58 | start-impl-probe blocked watcher-active=1
2026-05-05 10:15:59 | start-impl-probe blocked watcher-active=1
2026-05-05 10:16:00 | start-impl-probe blocked watcher-active=1
2026-05-05 10:16:01 | start-impl-probe blocked watcher-active=1
2026-05-05 10:16:02 | start-impl-probe blocked watcher-active=1
2026-05-05 10:16:03 | start-impl-probe blocked watcher-active=1
2026-05-05 10:16:04 | start-impl-probe blocked watcher-active=1
2026-05-05 10:16:05 | start-impl-probe blocked watcher-active=1
2026-05-05 10:16:06 | start-impl-probe blocked watcher-active=1
2026-05-05 10:16:07 | start-impl-probe blocked watcher-active=1
2026-05-05 10:16:08 | start-impl-probe blocked watcher-active=1
2026-05-05 10:16:09 | start-impl-probe blocked watcher-active=1
2026-05-05 10:16:09 | start-impl-probe blocked watcher-active=1
2026-05-05 10:16:10 | start-impl-probe blocked watcher-active=1
2026-05-05 10:16:11 | start-impl-probe blocked watcher-active=1
2026-05-05 10:16:12 | start-impl-probe blocked watcher-active=1
2026-05-05 10:16:13 | start-impl-probe blocked watcher-active=1
2026-05-05 10:16:14 | start-impl-probe blocked watcher-active=1
2026-05-05 10:16:15 | start-impl-probe blocked watcher-active=1
2026-05-05 10:16:16 | start-impl-probe blocked watcher-active=1
2026-05-05 10:16:17 | start-impl-probe blocked watcher-active=1
2026-05-05 10:16:18 | start-impl-probe blocked watcher-active=1
2026-05-05 10:16:19 | start-impl-probe blocked watcher-active=1
2026-05-05 10:16:19 | start-impl-probe blocked watcher-active=1
2026-05-05 10:16:20 | start-impl-probe blocked watcher-active=1
2026-05-05 10:16:21 | start-impl-probe blocked watcher-active=1
2026-05-05 10:16:22 | start-impl-probe blocked watcher-active=1
2026-05-05 10:16:23 | start-impl-probe blocked watcher-active=1
2026-05-05 10:16:24 | start-impl-probe blocked watcher-active=1
2026-05-05 10:16:25 | start-impl-probe blocked watcher-active=1
2026-05-05 10:16:26 | start-impl-probe blocked watcher-active=1
2026-05-05 10:16:27 | start-impl-probe blocked watcher-active=1
2026-05-05 10:16:28 | start-impl-probe blocked watcher-active=1
2026-05-05 10:16:29 | start-impl-probe blocked watcher-active=1
2026-05-05 10:16:29 | start-impl-probe blocked watcher-active=1
2026-05-05 10:16:30 | start-impl-probe blocked watcher-active=1
2026-05-05 10:16:31 | start-impl-probe blocked watcher-active=1
2026-05-05 10:16:32 | start-impl-probe blocked watcher-active=1
2026-05-05 10:16:33 | start-impl-probe blocked watcher-active=1
2026-05-05 10:16:34 | start-impl-probe blocked watcher-active=1
2026-05-05 10:16:35 | start-impl-probe blocked watcher-active=1
2026-05-05 10:16:36 | start-impl-probe blocked watcher-active=1
2026-05-05 10:16:37 | banner-destroyed hwnd=2034888
2026-05-05 10:16:37 | stop reason=ℹ Rapid fire watcher stopped
2026-05-05 10:16:37 | start-impl-probe ide-windows=3
2026-05-05 10:16:37 | start-impl-btn doc-scan hwnd=524752 doc-btns=78
2026-05-05 10:16:37 | start-impl-btn window-scan hwnd=524752 total-btns=81
2026-05-05 10:16:37 | start-impl-probe hwnd=524752 was=1 now=0 active=0
2026-05-05 10:16:37 | start-impl-btn doc-scan hwnd=68592 doc-btns=36
2026-05-05 10:16:37 | start-impl-btn window-scan hwnd=68592 total-btns=39
2026-05-05 10:16:37 | start-impl-btn doc-scan hwnd=199580 doc-btns=41
2026-05-05 10:16:37 | start-impl-btn window-scan hwnd=199580 total-btns=44
2026-05-05 10:16:38 | start-impl-probe ide-windows=3
2026-05-05 10:16:38 | start-impl-btn doc-scan hwnd=524752 doc-btns=78
2026-05-05 10:16:38 | start-impl-btn window-scan hwnd=524752 total-btns=81
2026-05-05 10:16:38 | start-impl-btn doc-scan hwnd=68592 doc-btns=36
2026-05-05 10:16:38 | start-impl-btn window-scan hwnd=68592 total-btns=39
2026-05-05 10:16:38 | start-impl-btn doc-scan hwnd=199580 doc-btns=41
2026-05-05 10:16:38 | start-impl-btn window-scan hwnd=199580 total-btns=44
2026-05-05 10:16:38 | --- session-start source=rapid_fire_hotkey scope=vscode pinned=0 ---
2026-05-05 10:16:38 | rearm source=rapid_fire_hotkey scope=vscode target=0 sessions=3
2026-05-05 10:16:38 | trigger-accepted source=rapid_fire_hotkey scope=vscode target=0 pinned=1
2026-05-05 10:16:38 | trigger-banner source=rapid_fire_hotkey text=✅ Allow flow started from #!+9
2026-05-05 10:16:38 | banner-created hwnd=3476754 x=20 y=2008
2026-05-05 10:16:38 | start-impl-probe blocked watcher-active=1
2026-05-05 10:16:39 | start-impl-probe ide-windows=3
2026-05-05 10:16:39 | start-impl-btn doc-scan hwnd=524752 doc-btns=78
2026-05-05 10:16:40 | start-impl-btn window-scan hwnd=524752 total-btns=81
2026-05-05 10:16:40 | start-impl-btn doc-scan hwnd=68592 doc-btns=36
2026-05-05 10:16:40 | start-impl-btn window-scan hwnd=68592 total-btns=39
2026-05-05 10:16:40 | start-impl-btn doc-scan hwnd=199580 doc-btns=41
2026-05-05 10:16:40 | start-impl-btn window-scan hwnd=199580 total-btns=44
2026-05-05 10:16:40 | banner-destroyed hwnd=3476754
2026-05-05 10:16:40 | stop reason=ℹ Rapid fire watcher stopped
2026-05-05 10:16:40 | start-impl-probe ide-windows=3
2026-05-05 10:16:40 | start-impl-btn doc-scan hwnd=524752 doc-btns=78
2026-05-05 10:16:40 | start-impl-btn window-scan hwnd=524752 total-btns=81
2026-05-05 10:16:40 | start-impl-btn doc-scan hwnd=68592 doc-btns=36
2026-05-05 10:16:40 | start-impl-btn window-scan hwnd=68592 total-btns=39
2026-05-05 10:16:40 | start-impl-btn doc-scan hwnd=199580 doc-btns=41
2026-05-05 10:16:40 | start-impl-btn window-scan hwnd=199580 total-btns=44
2026-05-05 10:16:41 | start-impl-probe ide-windows=3
2026-05-05 10:16:41 | start-impl-btn doc-scan hwnd=524752 doc-btns=78
2026-05-05 10:16:41 | start-impl-btn window-scan hwnd=524752 total-btns=81
2026-05-05 10:16:41 | start-impl-btn doc-scan hwnd=68592 doc-btns=36
2026-05-05 10:16:41 | start-impl-btn window-scan hwnd=68592 total-btns=39
2026-05-05 10:16:41 | start-impl-btn doc-scan hwnd=199580 doc-btns=41
2026-05-05 10:16:41 | start-impl-btn window-scan hwnd=199580 total-btns=44
2026-05-05 10:16:42 | start-impl-probe ide-windows=3
2026-05-05 10:16:42 | start-impl-btn doc-scan hwnd=524752 doc-btns=78
2026-05-05 10:16:42 | start-impl-btn window-scan hwnd=524752 total-btns=81
2026-05-05 10:16:42 | start-impl-btn doc-scan hwnd=68592 doc-btns=36
2026-05-05 10:16:42 | start-impl-btn window-scan hwnd=68592 total-btns=39
2026-05-05 10:16:42 | start-impl-btn doc-scan hwnd=199580 doc-btns=41
2026-05-05 10:16:42 | start-impl-btn window-scan hwnd=199580 total-btns=44
2026-05-05 10:16:43 | start-impl-probe ide-windows=3
2026-05-05 10:16:43 | start-impl-btn doc-scan hwnd=524752 doc-btns=78
2026-05-05 10:16:43 | start-impl-btn window-scan hwnd=524752 total-btns=81
2026-05-05 10:16:43 | start-impl-btn doc-scan hwnd=68592 doc-btns=36
2026-05-05 10:16:43 | start-impl-btn window-scan hwnd=68592 total-btns=39
2026-05-05 10:16:43 | start-impl-btn doc-scan hwnd=199580 doc-btns=41
2026-05-05 10:16:43 | start-impl-btn window-scan hwnd=199580 total-btns=44
2026-05-05 10:16:44 | start-impl-probe ide-windows=3
2026-05-05 10:16:44 | start-impl-btn doc-scan hwnd=524752 doc-btns=78
2026-05-05 10:16:44 | start-impl-btn window-scan hwnd=524752 total-btns=81
2026-05-05 10:16:44 | start-impl-btn doc-scan hwnd=68592 doc-btns=36
2026-05-05 10:16:44 | start-impl-btn window-scan hwnd=68592 total-btns=39
2026-05-05 10:16:44 | start-impl-btn doc-scan hwnd=199580 doc-btns=41
2026-05-05 10:16:44 | start-impl-btn window-scan hwnd=199580 total-btns=44
2026-05-05 10:16:45 | start-impl-probe ide-windows=3
2026-05-05 10:16:45 | start-impl-btn doc-scan hwnd=524752 doc-btns=78
2026-05-05 10:16:45 | start-impl-btn window-scan hwnd=524752 total-btns=81
2026-05-05 10:16:45 | start-impl-btn doc-scan hwnd=68592 doc-btns=36
2026-05-05 10:16:45 | start-impl-btn window-scan hwnd=68592 total-btns=39
2026-05-05 10:16:45 | start-impl-btn doc-scan hwnd=199580 doc-btns=41
2026-05-05 10:16:45 | start-impl-btn window-scan hwnd=199580 total-btns=44
2026-05-05 10:16:46 | start-impl-probe ide-windows=3
2026-05-05 10:16:46 | start-impl-btn doc-scan hwnd=524752 doc-btns=78
2026-05-05 10:16:46 | start-impl-btn window-scan hwnd=524752 total-btns=81
2026-05-05 10:16:46 | start-impl-btn doc-scan hwnd=68592 doc-btns=36
2026-05-05 10:16:46 | start-impl-btn window-scan hwnd=68592 total-btns=39
2026-05-05 10:16:46 | start-impl-btn doc-scan hwnd=199580 doc-btns=41
2026-05-05 10:16:46 | start-impl-btn window-scan hwnd=199580 total-btns=44
2026-05-05 10:16:47 | start-impl-probe ide-windows=3
2026-05-05 10:16:47 | start-impl-btn doc-scan hwnd=524752 doc-btns=78
2026-05-05 10:16:47 | start-impl-btn window-scan hwnd=524752 total-btns=81
2026-05-05 10:16:47 | start-impl-btn doc-scan hwnd=68592 doc-btns=36
2026-05-05 10:16:47 | start-impl-btn window-scan hwnd=68592 total-btns=39
2026-05-05 10:16:47 | start-impl-btn doc-scan hwnd=199580 doc-btns=41
2026-05-05 10:16:47 | start-impl-btn window-scan hwnd=199580 total-btns=44
2026-05-05 10:16:48 | start-impl-probe ide-windows=3
2026-05-05 10:16:48 | start-impl-btn doc-scan hwnd=524752 doc-btns=78
2026-05-05 10:16:48 | start-impl-btn window-scan hwnd=524752 total-btns=81
2026-05-05 10:16:48 | start-impl-btn doc-scan hwnd=68592 doc-btns=36
2026-05-05 10:16:48 | start-impl-btn window-scan hwnd=68592 total-btns=39
2026-05-05 10:16:48 | start-impl-btn doc-scan hwnd=199580 doc-btns=41
2026-05-05 10:16:48 | start-impl-btn window-scan hwnd=199580 total-btns=44
2026-05-05 10:16:48 | start-impl-probe ide-windows=3
2026-05-05 10:16:48 | start-impl-btn doc-scan hwnd=524752 doc-btns=78
2026-05-05 10:16:49 | start-impl-btn window-scan hwnd=524752 total-btns=81
2026-05-05 10:16:49 | start-impl-btn doc-scan hwnd=68592 doc-btns=36
2026-05-05 10:16:49 | start-impl-btn window-scan hwnd=68592 total-btns=39
2026-05-05 10:16:49 | start-impl-btn doc-scan hwnd=199580 doc-btns=41
2026-05-05 10:16:49 | start-impl-btn window-scan hwnd=199580 total-btns=44
2026-05-05 10:16:49 | start-impl-probe ide-windows=3
2026-05-05 10:16:49 | start-impl-btn doc-scan hwnd=524752 doc-btns=78
2026-05-05 10:16:49 | start-impl-btn window-scan hwnd=524752 total-btns=81
2026-05-05 10:16:49 | start-impl-btn doc-scan hwnd=68592 doc-btns=36
2026-05-05 10:16:49 | start-impl-btn window-scan hwnd=68592 total-btns=39
2026-05-05 10:16:49 | start-impl-btn doc-scan hwnd=199580 doc-btns=41
2026-05-05 10:16:50 | start-impl-btn window-scan hwnd=199580 total-btns=44
2026-05-05 10:16:50 | start-impl-probe ide-windows=3
2026-05-05 10:16:50 | start-impl-btn doc-scan hwnd=524752 doc-btns=78
2026-05-05 10:16:50 | start-impl-btn window-scan hwnd=524752 total-btns=81
2026-05-05 10:16:50 | start-impl-btn doc-scan hwnd=68592 doc-btns=36
2026-05-05 10:16:51 | start-impl-btn doc-scan hwnd=199580 doc-btns=41
2026-05-05 10:16:51 | start-impl-btn window-scan hwnd=199580 total-btns=44
2026-05-05 10:16:51 | start-impl-probe ide-windows=3
2026-05-05 10:16:51 | start-impl-btn doc-scan hwnd=68592 doc-btns=36
2026-05-05 10:16:51 | start-impl-btn window-scan hwnd=68592 total-btns=39
2026-05-05 10:16:51 | start-impl-btn window-scan hwnd=524752 total-btns=81
2026-05-05 10:16:51 | start-impl-btn doc-scan hwnd=199580 doc-btns=41
2026-05-05 10:16:51 | start-impl-btn window-scan hwnd=199580 total-btns=44
2026-05-05 10:16:52 | start-impl-probe ide-windows=3
2026-05-05 10:16:52 | start-impl-btn doc-scan hwnd=68592 doc-btns=36
2026-05-05 10:16:52 | start-impl-btn window-scan hwnd=68592 total-btns=39
2026-05-05 10:16:52 | start-impl-btn doc-scan hwnd=524752 doc-btns=78
2026-05-05 10:16:52 | start-impl-btn window-scan hwnd=524752 total-btns=81
2026-05-05 10:16:52 | start-impl-btn doc-scan hwnd=199580 doc-btns=41
2026-05-05 10:16:53 | start-impl-btn window-scan hwnd=199580 total-btns=44
2026-05-05 10:16:53 | start-impl-probe ide-windows=3
2026-05-05 10:16:53 | start-impl-btn doc-scan hwnd=68592 doc-btns=36
2026-05-05 10:16:53 | start-impl-btn window-scan hwnd=68592 total-btns=39
2026-05-05 10:16:53 | start-impl-btn doc-scan hwnd=524752 doc-btns=78
2026-05-05 10:16:53 | start-impl-btn window-scan hwnd=524752 total-btns=81
2026-05-05 10:16:53 | start-impl-btn doc-scan hwnd=199580 doc-btns=41
2026-05-05 10:16:53 | start-impl-btn window-scan hwnd=199580 total-btns=44
2026-05-05 10:16:54 | start-impl-probe ide-windows=3
2026-05-05 10:16:54 | start-impl-btn doc-scan hwnd=68592 doc-btns=35
2026-05-05 10:16:54 | start-impl-btn window-scan hwnd=68592 total-btns=38
2026-05-05 10:16:54 | start-impl-btn doc-scan hwnd=524752 doc-btns=78
2026-05-05 10:16:54 | start-impl-btn window-scan hwnd=524752 total-btns=81
2026-05-05 10:16:54 | start-impl-btn doc-scan hwnd=199580 doc-btns=41
2026-05-05 10:16:54 | start-impl-btn window-scan hwnd=199580 total-btns=44
2026-05-05 10:16:55 | start-impl-probe ide-windows=3
2026-05-05 10:16:55 | start-impl-btn doc-scan hwnd=68592 doc-btns=35
2026-05-05 10:16:55 | start-impl-btn window-scan hwnd=68592 total-btns=38
2026-05-05 10:16:55 | start-impl-btn doc-scan hwnd=524752 doc-btns=78
2026-05-05 10:16:55 | start-impl-btn window-scan hwnd=524752 total-btns=81
2026-05-05 10:16:55 | start-impl-btn doc-scan hwnd=199580 doc-btns=41
2026-05-05 10:16:55 | start-impl-btn window-scan hwnd=199580 total-btns=44
2026-05-05 10:16:56 | start-impl-probe ide-windows=3
2026-05-05 10:16:56 | start-impl-btn doc-scan hwnd=68592 doc-btns=35
2026-05-05 10:16:56 | start-impl-btn window-scan hwnd=68592 total-btns=38
2026-05-05 10:16:56 | start-impl-btn doc-scan hwnd=524752 doc-btns=78
2026-05-05 10:16:56 | start-impl-btn window-scan hwnd=524752 total-btns=81
2026-05-05 10:16:56 | start-impl-btn doc-scan hwnd=199580 doc-btns=41
2026-05-05 10:16:56 | start-impl-btn window-scan hwnd=199580 total-btns=44
2026-05-05 10:16:57 | start-impl-probe ide-windows=3
2026-05-05 10:16:57 | start-impl-btn doc-scan hwnd=68592 doc-btns=36
2026-05-05 10:16:57 | start-impl-btn window-scan hwnd=68592 total-btns=39
2026-05-05 10:16:57 | start-impl-btn doc-scan hwnd=524752 doc-btns=78
2026-05-05 10:16:57 | start-impl-btn window-scan hwnd=524752 total-btns=81
2026-05-05 10:16:57 | start-impl-btn doc-scan hwnd=199580 doc-btns=41
2026-05-05 10:16:57 | start-impl-btn window-scan hwnd=199580 total-btns=44
2026-05-05 10:16:58 | start-impl-probe ide-windows=3
2026-05-05 10:16:58 | start-impl-btn doc-scan hwnd=199580 doc-btns=41
2026-05-05 10:16:58 | start-impl-btn window-scan hwnd=199580 total-btns=44
2026-05-05 10:16:58 | start-impl-btn doc-scan hwnd=68592 doc-btns=36
2026-05-05 10:16:58 | start-impl-btn window-scan hwnd=68592 total-btns=39
2026-05-05 10:16:58 | start-impl-btn doc-scan hwnd=524752 doc-btns=78
2026-05-05 10:16:58 | start-impl-btn window-scan hwnd=524752 total-btns=81
2026-05-05 10:16:58 | start-impl-probe ide-windows=3
2026-05-05 10:16:58 | start-impl-btn doc-scan hwnd=199580 doc-btns=41
2026-05-05 10:16:58 | start-impl-btn window-scan hwnd=199580 total-btns=44
2026-05-05 10:16:58 | start-impl-btn doc-scan hwnd=68592 doc-btns=36
2026-05-05 10:16:58 | start-impl-btn window-scan hwnd=68592 total-btns=39
2026-05-05 10:16:59 | start-impl-btn doc-scan hwnd=524752 doc-btns=78
2026-05-05 10:16:59 | start-impl-btn window-scan hwnd=524752 total-btns=81
2026-05-05 10:16:59 | start-impl-probe ide-windows=3
2026-05-05 10:16:59 | start-impl-btn doc-scan hwnd=199580 doc-btns=41
2026-05-05 10:16:59 | start-impl-btn window-scan hwnd=199580 total-btns=44
2026-05-05 10:16:59 | start-impl-btn doc-scan hwnd=68592 doc-btns=36
2026-05-05 10:16:59 | start-impl-btn window-scan hwnd=68592 total-btns=39
2026-05-05 10:16:59 | start-impl-btn doc-scan hwnd=524752 doc-btns=78
2026-05-05 10:16:59 | start-impl-btn window-scan hwnd=524752 total-btns=81
2026-05-05 10:17:00 | start-impl-probe ide-windows=3
2026-05-05 10:17:00 | start-impl-btn doc-scan hwnd=199580 doc-btns=44
2026-05-05 10:17:00 | start-impl-btn window-scan hwnd=199580 total-btns=47
2026-05-05 10:17:00 | start-impl-btn doc-scan hwnd=68592 doc-btns=36
2026-05-05 10:17:00 | start-impl-btn window-scan hwnd=68592 total-btns=39
2026-05-05 10:17:00 | start-impl-btn doc-scan hwnd=524752 doc-btns=78
2026-05-05 10:17:00 | start-impl-btn window-scan hwnd=524752 total-btns=81
2026-05-05 10:17:01 | start-impl-probe ide-windows=3
2026-05-05 10:17:01 | start-impl-btn doc-scan hwnd=199580 doc-btns=42
2026-05-05 10:17:01 | start-impl-btn window-scan hwnd=199580 total-btns=45
2026-05-05 10:17:01 | start-impl-btn doc-scan hwnd=68592 doc-btns=36
2026-05-05 10:17:01 | start-impl-btn window-scan hwnd=68592 total-btns=39
2026-05-05 10:17:01 | start-impl-btn doc-scan hwnd=524752 doc-btns=78
2026-05-05 10:17:01 | start-impl-btn window-scan hwnd=524752 total-btns=81
2026-05-05 10:17:02 | start-impl-probe ide-windows=3
2026-05-05 10:17:02 | start-impl-btn doc-scan hwnd=199580 doc-btns=42
2026-05-05 10:17:02 | start-impl-btn window-scan hwnd=199580 total-btns=45
2026-05-05 10:17:02 | start-impl-btn doc-scan hwnd=68592 doc-btns=36
2026-05-05 10:17:02 | start-impl-btn window-scan hwnd=68592 total-btns=39
2026-05-05 10:17:02 | start-impl-btn doc-scan hwnd=524752 doc-btns=78
2026-05-05 10:17:02 | start-impl-btn window-scan hwnd=524752 total-btns=81
2026-05-05 10:17:03 | start-impl-probe ide-windows=3
2026-05-05 10:17:03 | start-impl-btn doc-scan hwnd=199580 doc-btns=42
2026-05-05 10:17:03 | start-impl-btn window-scan hwnd=199580 total-btns=45
2026-05-05 10:17:03 | start-impl-btn doc-scan hwnd=68592 doc-btns=36
2026-05-05 10:17:03 | start-impl-btn window-scan hwnd=68592 total-btns=39
2026-05-05 10:17:03 | start-impl-btn doc-scan hwnd=524752 doc-btns=78
2026-05-05 10:17:03 | start-impl-btn window-scan hwnd=524752 total-btns=81
2026-05-05 10:17:04 | enter-trigger detected proc=code hwnd=199580
2026-05-05 10:17:04 | enter-trigger fallback-arm proc=code hwnd=199580
2026-05-05 10:17:04 | --- session-start source=chat_submit scope=vscode pinned=0 ---
2026-05-05 10:17:04 | rearm source=chat_submit scope=vscode target=199580 sessions=1
2026-05-05 10:17:04 | trigger-accepted source=chat_submit scope=vscode target=199580 pinned=1
2026-05-05 10:17:04 | trigger-banner source=chat_submit text=⏳ Allow flow started from Enter send
2026-05-05 10:17:04 | banner-created hwnd=2622038 x=-2860 y=1288
2026-05-05 10:17:04 | start-impl-probe blocked watcher-active=1
2026-05-05 10:17:05 | start-impl-probe blocked watcher-active=1
2026-05-05 10:17:06 | start-impl-probe blocked watcher-active=1
2026-05-05 10:17:07 | start-impl-probe blocked watcher-active=1
2026-05-05 10:17:07 | start-impl-probe blocked watcher-active=1
2026-05-05 10:17:08 | start-impl-probe blocked watcher-active=1
2026-05-05 10:17:09 | start-impl-probe blocked watcher-active=1
2026-05-05 10:17:10 | start-impl-probe blocked watcher-active=1
2026-05-05 10:17:11 | start-impl-probe blocked watcher-active=1
2026-05-05 10:17:12 | start-impl-probe blocked watcher-active=1
2026-05-05 10:17:13 | start-impl-probe blocked watcher-active=1
2026-05-05 10:17:14 | start-impl-probe blocked watcher-active=1
2026-05-05 10:17:15 | start-impl-probe blocked watcher-active=1
2026-05-05 10:17:16 | start-impl-probe blocked watcher-active=1
2026-05-05 10:17:17 | start-impl-probe blocked watcher-active=1
2026-05-05 10:17:18 | start-impl-probe blocked watcher-active=1
2026-05-05 10:17:18 | start-impl-probe blocked watcher-active=1
2026-05-05 10:17:19 | start-impl-probe blocked watcher-active=1
2026-05-05 10:17:20 | start-impl-probe blocked watcher-active=1
2026-05-05 10:17:21 | start-impl-probe blocked watcher-active=1
2026-05-05 10:17:22 | start-impl-probe blocked watcher-active=1
2026-05-05 10:17:23 | start-impl-probe blocked watcher-active=1
2026-05-05 10:17:24 | start-impl-probe blocked watcher-active=1
2026-05-05 10:17:25 | start-impl-probe blocked watcher-active=1
2026-05-05 10:17:26 | start-impl-probe blocked watcher-active=1
2026-05-05 10:17:27 | start-impl-probe blocked watcher-active=1
2026-05-05 10:17:28 | start-impl-probe blocked watcher-active=1
2026-05-05 10:17:28 | banner-repositioned hwnd=2622038 monitor=2 x=5780 y=2728
2026-05-05 10:17:28 | start-impl-probe blocked watcher-active=1
2026-05-05 10:17:29 | start-impl-probe blocked watcher-active=1
2026-05-05 10:17:30 | start-impl-probe blocked watcher-active=1
2026-05-05 10:17:30 | banner-repositioned hwnd=2622038 monitor=3 x=20 y=2008
2026-05-05 10:17:31 | start-impl-probe blocked watcher-active=1
2026-05-05 10:17:31 | banner-repositioned hwnd=2622038 monitor=1 x=-2860 y=1288
2026-05-05 10:17:32 | start-impl-probe blocked watcher-active=1
2026-05-05 10:17:33 | start-impl-probe blocked watcher-active=1
2026-05-05 10:17:34 | start-impl-probe blocked watcher-active=1
2026-05-05 10:17:35 | start-impl-probe blocked watcher-active=1
2026-05-05 10:17:36 | start-impl-probe blocked watcher-active=1
2026-05-05 10:17:37 | start-impl-probe blocked watcher-active=1
2026-05-05 10:17:38 | start-impl-probe blocked watcher-active=1
2026-05-05 10:17:38 | start-impl-probe blocked watcher-active=1
2026-05-05 10:17:39 | start-impl-probe blocked watcher-active=1
2026-05-05 10:17:40 | start-impl-probe blocked watcher-active=1
2026-05-05 10:17:41 | start-impl-probe blocked watcher-active=1
2026-05-05 10:17:42 | start-impl-probe blocked watcher-active=1
2026-05-05 10:17:43 | start-impl-probe blocked watcher-active=1
2026-05-05 10:17:44 | start-impl-probe blocked watcher-active=1
2026-05-05 10:17:45 | start-impl-probe blocked watcher-active=1
2026-05-05 10:17:46 | start-impl-probe blocked watcher-active=1
2026-05-05 10:17:47 | start-impl-probe blocked watcher-active=1
2026-05-05 10:17:47 | start-impl-probe blocked watcher-active=1
2026-05-05 10:17:48 | start-impl-probe blocked watcher-active=1
2026-05-05 10:17:49 | start-impl-probe blocked watcher-active=1
2026-05-05 10:17:50 | start-impl-probe blocked watcher-active=1
2026-05-05 10:17:51 | start-impl-probe blocked watcher-active=1
2026-05-05 10:17:52 | start-impl-probe blocked watcher-active=1
2026-05-05 10:17:53 | start-impl-probe blocked watcher-active=1
2026-05-05 10:17:54 | start-impl-probe blocked watcher-active=1
2026-05-05 10:17:55 | start-impl-probe blocked watcher-active=1
2026-05-05 10:17:56 | start-impl-probe blocked watcher-active=1
2026-05-05 10:17:57 | start-impl-probe blocked watcher-active=1
2026-05-05 10:17:57 | start-impl-probe blocked watcher-active=1
2026-05-05 10:17:58 | start-impl-probe blocked watcher-active=1
2026-05-05 10:17:59 | start-impl-probe blocked watcher-active=1
2026-05-05 10:18:00 | start-impl-probe blocked watcher-active=1
2026-05-05 10:18:01 | start-impl-probe blocked watcher-active=1
2026-05-05 10:18:02 | start-impl-probe blocked watcher-active=1
2026-05-05 10:18:03 | start-impl-probe blocked watcher-active=1
2026-05-05 10:18:04 | start-impl-probe blocked watcher-active=1
2026-05-05 10:18:05 | start-impl-probe blocked watcher-active=1
2026-05-05 10:18:06 | start-impl-probe blocked watcher-active=1
2026-05-05 10:18:07 | start-impl-probe blocked watcher-active=1
2026-05-05 10:18:07 | start-impl-probe blocked watcher-active=1
2026-05-05 10:18:08 | start-impl-probe blocked watcher-active=1
2026-05-05 10:18:09 | start-impl-probe blocked watcher-active=1
2026-05-05 10:18:10 | start-impl-probe blocked watcher-active=1
2026-05-05 10:18:11 | start-impl-probe blocked watcher-active=1
2026-05-05 10:18:12 | start-impl-probe blocked watcher-active=1
2026-05-05 10:18:13 | start-impl-probe blocked watcher-active=1
2026-05-05 10:18:14 | start-impl-probe blocked watcher-active=1
2026-05-05 10:18:15 | start-impl-probe blocked watcher-active=1
2026-05-05 10:18:16 | start-impl-probe blocked watcher-active=1
2026-05-05 10:18:17 | start-impl-probe blocked watcher-active=1
2026-05-05 10:18:17 | start-impl-probe blocked watcher-active=1
2026-05-05 10:18:18 | start-impl-probe blocked watcher-active=1
2026-05-05 10:18:19 | start-impl-probe blocked watcher-active=1
2026-05-05 10:18:20 | start-impl-probe blocked watcher-active=1
2026-05-05 10:18:21 | start-impl-probe blocked watcher-active=1
2026-05-05 10:18:22 | start-impl-probe blocked watcher-active=1
2026-05-05 10:18:23 | start-impl-probe blocked watcher-active=1
2026-05-05 10:18:24 | start-impl-probe blocked watcher-active=1
2026-05-05 10:18:25 | start-impl-probe blocked watcher-active=1
2026-05-05 10:18:26 | start-impl-probe blocked watcher-active=1
2026-05-05 10:18:26 | start-impl-probe blocked watcher-active=1
2026-05-05 10:18:27 | start-impl-probe blocked watcher-active=1
2026-05-05 10:18:28 | start-impl-probe blocked watcher-active=1
2026-05-05 10:18:29 | start-impl-probe blocked watcher-active=1
2026-05-05 10:18:30 | start-impl-probe blocked watcher-active=1
2026-05-05 10:18:31 | start-impl-probe blocked watcher-active=1
2026-05-05 10:18:32 | start-impl-probe blocked watcher-active=1
2026-05-05 10:18:33 | start-impl-probe blocked watcher-active=1
2026-05-05 10:18:34 | start-impl-probe blocked watcher-active=1
2026-05-05 10:18:35 | start-impl-probe blocked watcher-active=1
2026-05-05 10:18:36 | start-impl-probe blocked watcher-active=1
2026-05-05 10:18:36 | start-impl-probe blocked watcher-active=1
2026-05-05 10:18:37 | start-impl-probe blocked watcher-active=1
2026-05-05 10:18:38 | start-impl-probe blocked watcher-active=1
2026-05-05 10:18:39 | start-impl-probe blocked watcher-active=1
2026-05-05 10:18:40 | start-impl-probe blocked watcher-active=1
2026-05-05 10:18:41 | start-impl-probe blocked watcher-active=1
2026-05-05 10:18:42 | start-impl-probe blocked watcher-active=1
2026-05-05 10:18:43 | start-impl-probe blocked watcher-active=1
2026-05-05 10:18:44 | start-impl-probe blocked watcher-active=1
2026-05-05 10:18:45 | start-impl-probe blocked watcher-active=1
2026-05-05 10:18:46 | start-impl-probe blocked watcher-active=1
2026-05-05 10:18:46 | start-impl-probe blocked watcher-active=1
2026-05-05 10:18:47 | start-impl-probe blocked watcher-active=1
2026-05-05 10:18:48 | start-impl-probe blocked watcher-active=1
2026-05-05 10:18:49 | start-impl-probe blocked watcher-active=1
2026-05-05 10:18:50 | start-impl-probe blocked watcher-active=1
2026-05-05 10:18:51 | start-impl-probe blocked watcher-active=1
2026-05-05 10:18:52 | start-impl-probe blocked watcher-active=1
2026-05-05 10:18:53 | start-impl-probe blocked watcher-active=1
2026-05-05 10:18:54 | start-impl-probe blocked watcher-active=1
2026-05-05 10:18:55 | start-impl-probe blocked watcher-active=1
2026-05-05 10:18:56 | start-impl-probe blocked watcher-active=1
2026-05-05 10:18:56 | start-impl-probe blocked watcher-active=1
2026-05-05 10:18:57 | start-impl-probe blocked watcher-active=1
2026-05-05 10:18:58 | start-impl-probe blocked watcher-active=1
2026-05-05 10:18:59 | start-impl-probe blocked watcher-active=1
2026-05-05 10:19:00 | start-impl-probe blocked watcher-active=1
2026-05-05 10:19:01 | start-impl-probe blocked watcher-active=1
2026-05-05 10:19:02 | start-impl-probe blocked watcher-active=1
2026-05-05 10:19:03 | start-impl-probe blocked watcher-active=1
2026-05-05 10:19:04 | start-impl-probe blocked watcher-active=1
2026-05-05 10:19:05 | start-impl-probe blocked watcher-active=1
2026-05-05 10:19:06 | start-impl-probe blocked watcher-active=1
2026-05-05 10:19:06 | start-impl-probe blocked watcher-active=1
2026-05-05 10:19:07 | start-impl-probe blocked watcher-active=1
2026-05-05 10:19:08 | start-impl-probe blocked watcher-active=1
2026-05-05 10:19:09 | start-impl-probe blocked watcher-active=1
2026-05-05 10:19:10 | start-impl-probe blocked watcher-active=1
2026-05-05 10:19:11 | start-impl-probe blocked watcher-active=1
2026-05-05 10:19:12 | start-impl-probe blocked watcher-active=1
2026-05-05 10:19:13 | start-impl-probe blocked watcher-active=1
2026-05-05 10:19:14 | start-impl-probe blocked watcher-active=1
2026-05-05 10:19:15 | start-impl-probe blocked watcher-active=1
2026-05-05 10:19:15 | start-impl-probe blocked watcher-active=1
2026-05-05 10:19:16 | start-impl-probe blocked watcher-active=1
2026-05-05 10:19:17 | start-impl-probe blocked watcher-active=1
2026-05-05 10:19:18 | start-impl-probe blocked watcher-active=1
2026-05-05 10:19:19 | start-impl-probe blocked watcher-active=1
2026-05-05 10:19:20 | start-impl-probe blocked watcher-active=1
2026-05-05 10:19:21 | start-impl-probe blocked watcher-active=1
2026-05-05 10:19:22 | start-impl-probe blocked watcher-active=1
2026-05-05 10:19:23 | start-impl-probe blocked watcher-active=1
2026-05-05 10:19:24 | start-impl-probe blocked watcher-active=1
2026-05-05 10:19:25 | start-impl-probe blocked watcher-active=1
2026-05-05 10:19:25 | start-impl-probe blocked watcher-active=1
2026-05-05 10:19:26 | start-impl-probe blocked watcher-active=1
2026-05-05 10:19:27 | start-impl-probe blocked watcher-active=1
2026-05-05 10:19:28 | start-impl-probe blocked watcher-active=1
2026-05-05 10:19:29 | start-impl-probe blocked watcher-active=1
2026-05-05 10:19:30 | start-impl-probe blocked watcher-active=1
2026-05-05 10:19:31 | start-impl-probe blocked watcher-active=1
2026-05-05 10:19:32 | start-impl-probe blocked watcher-active=1
2026-05-05 10:19:33 | start-impl-probe blocked watcher-active=1
2026-05-05 10:19:34 | start-impl-probe blocked watcher-active=1
2026-05-05 10:19:35 | start-impl-probe blocked watcher-active=1
2026-05-05 10:19:35 | start-impl-probe blocked watcher-active=1
2026-05-05 10:19:36 | start-impl-probe blocked watcher-active=1
2026-05-05 10:19:37 | start-impl-probe blocked watcher-active=1
2026-05-05 10:19:38 | start-impl-probe blocked watcher-active=1
2026-05-05 10:19:39 | start-impl-probe blocked watcher-active=1
2026-05-05 10:19:40 | start-impl-probe blocked watcher-active=1
2026-05-05 10:19:41 | start-impl-probe blocked watcher-active=1
2026-05-05 10:19:42 | start-impl-probe blocked watcher-active=1
2026-05-05 10:19:43 | start-impl-probe blocked watcher-active=1
2026-05-05 10:19:44 | start-impl-probe blocked watcher-active=1
2026-05-05 10:19:45 | start-impl-probe blocked watcher-active=1
2026-05-05 10:19:45 | start-impl-probe blocked watcher-active=1
2026-05-05 10:19:46 | start-impl-probe blocked watcher-active=1
2026-05-05 10:19:47 | start-impl-probe blocked watcher-active=1
2026-05-05 10:19:48 | start-impl-probe blocked watcher-active=1
2026-05-05 10:19:49 | start-impl-probe blocked watcher-active=1
2026-05-05 10:19:50 | start-impl-probe blocked watcher-active=1
2026-05-05 10:19:51 | start-impl-probe blocked watcher-active=1
2026-05-05 10:19:52 | start-impl-probe blocked watcher-active=1
2026-05-05 10:19:53 | start-impl-probe blocked watcher-active=1
2026-05-05 10:19:54 | start-impl-probe blocked watcher-active=1
2026-05-05 10:19:55 | start-impl-probe blocked watcher-active=1
2026-05-05 10:19:55 | start-impl-probe blocked watcher-active=1
2026-05-05 10:19:56 | start-impl-probe blocked watcher-active=1
2026-05-05 10:19:57 | start-impl-probe blocked watcher-active=1
2026-05-05 10:19:58 | start-impl-probe blocked watcher-active=1
2026-05-05 10:19:59 | start-impl-probe blocked watcher-active=1
2026-05-05 10:20:00 | start-impl-probe blocked watcher-active=1
2026-05-05 10:20:01 | start-impl-probe blocked watcher-active=1
2026-05-05 10:20:02 | start-impl-probe blocked watcher-active=1
2026-05-05 10:20:03 | start-impl-probe blocked watcher-active=1
2026-05-05 10:20:04 | start-impl-probe blocked watcher-active=1
2026-05-05 10:20:04 | start-impl-probe blocked watcher-active=1
2026-05-05 10:20:05 | start-impl-probe blocked watcher-active=1
2026-05-05 10:20:06 | start-impl-probe blocked watcher-active=1
2026-05-05 10:20:07 | start-impl-probe blocked watcher-active=1
2026-05-05 10:20:08 | start-impl-probe blocked watcher-active=1
2026-05-05 10:20:09 | start-impl-probe blocked watcher-active=1
2026-05-05 10:20:10 | start-impl-probe blocked watcher-active=1
2026-05-05 10:20:11 | start-impl-probe blocked watcher-active=1
2026-05-05 10:20:12 | start-impl-probe blocked watcher-active=1
2026-05-05 10:20:13 | start-impl-probe blocked watcher-active=1
2026-05-05 10:20:14 | start-impl-probe blocked watcher-active=1
2026-05-05 10:20:14 | start-impl-probe blocked watcher-active=1
2026-05-05 10:20:15 | start-impl-probe blocked watcher-active=1
2026-05-05 10:20:16 | start-impl-probe blocked watcher-active=1
2026-05-05 10:20:17 | start-impl-probe blocked watcher-active=1
2026-05-05 10:20:18 | start-impl-probe blocked watcher-active=1
2026-05-05 10:20:19 | start-impl-probe blocked watcher-active=1
2026-05-05 10:20:20 | start-impl-probe blocked watcher-active=1
2026-05-05 10:20:21 | start-impl-probe blocked watcher-active=1
2026-05-05 10:20:22 | start-impl-probe blocked watcher-active=1
2026-05-05 10:20:23 | start-impl-probe blocked watcher-active=1
2026-05-05 10:20:24 | start-impl-probe blocked watcher-active=1
2026-05-05 10:20:24 | start-impl-probe blocked watcher-active=1
2026-05-05 10:20:25 | start-impl-probe blocked watcher-active=1
2026-05-05 10:20:26 | start-impl-probe blocked watcher-active=1
2026-05-05 10:20:27 | start-impl-probe blocked watcher-active=1
2026-05-05 10:20:28 | start-impl-probe blocked watcher-active=1
2026-05-05 10:20:29 | start-impl-probe blocked watcher-active=1
2026-05-05 10:20:30 | start-impl-probe blocked watcher-active=1
2026-05-05 10:20:31 | start-impl-probe blocked watcher-active=1
2026-05-05 10:20:32 | start-impl-probe blocked watcher-active=1
2026-05-05 10:20:33 | start-impl-probe blocked watcher-active=1
2026-05-05 10:20:34 | start-impl-probe blocked watcher-active=1
2026-05-05 10:20:34 | start-impl-probe blocked watcher-active=1
2026-05-05 10:20:35 | start-impl-probe blocked watcher-active=1
2026-05-05 10:20:36 | start-impl-probe blocked watcher-active=1
2026-05-05 10:20:37 | start-impl-probe blocked watcher-active=1
2026-05-05 10:20:38 | start-impl-probe blocked watcher-active=1
2026-05-05 10:20:39 | start-impl-probe blocked watcher-active=1
2026-05-05 10:20:40 | start-impl-probe blocked watcher-active=1
2026-05-05 10:20:41 | start-impl-probe blocked watcher-active=1
2026-05-05 10:20:42 | start-impl-probe blocked watcher-active=1
2026-05-05 10:20:43 | start-impl-probe blocked watcher-active=1
2026-05-05 10:20:44 | start-impl-probe blocked watcher-active=1
2026-05-05 10:20:44 | start-impl-probe blocked watcher-active=1
2026-05-05 10:20:45 | start-impl-probe blocked watcher-active=1
2026-05-05 10:20:46 | start-impl-probe blocked watcher-active=1
2026-05-05 10:20:47 | start-impl-probe blocked watcher-active=1
2026-05-05 10:20:48 | start-impl-probe blocked watcher-active=1
2026-05-05 10:20:49 | start-impl-probe blocked watcher-active=1
2026-05-05 10:20:50 | start-impl-probe blocked watcher-active=1
2026-05-05 10:20:51 | start-impl-probe blocked watcher-active=1
2026-05-05 10:20:52 | start-impl-probe blocked watcher-active=1
2026-05-05 10:20:53 | start-impl-probe blocked watcher-active=1
2026-05-05 10:20:54 | start-impl-probe blocked watcher-active=1
2026-05-05 10:20:54 | start-impl-probe blocked watcher-active=1
2026-05-05 10:20:55 | start-impl-probe blocked watcher-active=1
2026-05-05 10:20:56 | start-impl-probe blocked watcher-active=1
2026-05-05 10:20:57 | start-impl-probe blocked watcher-active=1
2026-05-05 10:20:58 | start-impl-probe blocked watcher-active=1
2026-05-05 10:20:59 | start-impl-probe blocked watcher-active=1
2026-05-05 10:21:00 | start-impl-probe blocked watcher-active=1
2026-05-05 10:21:01 | start-impl-probe blocked watcher-active=1
2026-05-05 10:21:02 | start-impl-probe blocked watcher-active=1
2026-05-05 10:21:03 | start-impl-probe blocked watcher-active=1
2026-05-05 10:21:04 | start-impl-probe blocked watcher-active=1
2026-05-05 10:21:04 | start-impl-probe blocked watcher-active=1
2026-05-05 10:21:05 | start-impl-probe blocked watcher-active=1
2026-05-05 10:21:06 | start-impl-probe blocked watcher-active=1
2026-05-05 10:21:07 | start-impl-probe blocked watcher-active=1
2026-05-05 10:21:08 | start-impl-probe blocked watcher-active=1
2026-05-05 10:21:09 | start-impl-probe blocked watcher-active=1
2026-05-05 10:21:10 | start-impl-probe blocked watcher-active=1
2026-05-05 10:21:11 | start-impl-probe blocked watcher-active=1
2026-05-05 10:21:12 | start-impl-probe blocked watcher-active=1
2026-05-05 10:21:13 | start-impl-probe blocked watcher-active=1
2026-05-05 10:21:14 | start-impl-probe blocked watcher-active=1
2026-05-05 10:21:14 | start-impl-probe blocked watcher-active=1
2026-05-05 10:21:15 | start-impl-probe blocked watcher-active=1
2026-05-05 10:21:16 | start-impl-probe blocked watcher-active=1
2026-05-05 10:21:17 | start-impl-probe blocked watcher-active=1
2026-05-05 10:21:18 | start-impl-probe blocked watcher-active=1
2026-05-05 10:21:19 | start-impl-probe blocked watcher-active=1
2026-05-05 10:21:20 | start-impl-probe blocked watcher-active=1
2026-05-05 10:21:21 | start-impl-probe blocked watcher-active=1
2026-05-05 10:21:22 | start-impl-probe blocked watcher-active=1
2026-05-05 10:21:23 | start-impl-probe blocked watcher-active=1
2026-05-05 10:21:24 | start-impl-probe blocked watcher-active=1
2026-05-05 10:21:24 | start-impl-probe blocked watcher-active=1
2026-05-05 10:21:25 | start-impl-probe blocked watcher-active=1
2026-05-05 10:21:26 | start-impl-probe blocked watcher-active=1
2026-05-05 10:21:27 | start-impl-probe blocked watcher-active=1
2026-05-05 10:21:28 | start-impl-probe blocked watcher-active=1
2026-05-05 10:21:29 | start-impl-probe blocked watcher-active=1
2026-05-05 10:21:30 | start-impl-probe blocked watcher-active=1
2026-05-05 10:21:31 | start-impl-probe blocked watcher-active=1
2026-05-05 10:21:32 | start-impl-probe blocked watcher-active=1
2026-05-05 10:21:33 | start-impl-probe blocked watcher-active=1
2026-05-05 10:21:34 | start-impl-probe blocked watcher-active=1
2026-05-05 10:21:34 | start-impl-probe blocked watcher-active=1
2026-05-05 10:21:35 | start-impl-probe blocked watcher-active=1
2026-05-05 10:21:36 | start-impl-probe blocked watcher-active=1
2026-05-05 10:21:37 | start-impl-probe blocked watcher-active=1
2026-05-05 10:21:38 | start-impl-probe blocked watcher-active=1
2026-05-05 10:21:39 | start-impl-probe blocked watcher-active=1
2026-05-05 10:21:40 | start-impl-probe blocked watcher-active=1
2026-05-05 10:21:41 | start-impl-probe blocked watcher-active=1
2026-05-05 10:21:42 | start-impl-probe blocked watcher-active=1
2026-05-05 10:21:43 | start-impl-probe blocked watcher-active=1
2026-05-05 10:21:43 | start-impl-probe blocked watcher-active=1
2026-05-05 10:21:44 | start-impl-probe blocked watcher-active=1
2026-05-05 10:21:45 | start-impl-probe blocked watcher-active=1
2026-05-05 10:21:46 | start-impl-probe blocked watcher-active=1
2026-05-05 10:21:47 | start-impl-probe blocked watcher-active=1
2026-05-05 10:21:48 | start-impl-probe blocked watcher-active=1
2026-05-05 10:21:49 | start-impl-probe blocked watcher-active=1
2026-05-05 10:21:50 | start-impl-probe blocked watcher-active=1
2026-05-05 10:21:51 | start-impl-probe blocked watcher-active=1
2026-05-05 10:21:52 | start-impl-probe blocked watcher-active=1
2026-05-05 10:21:53 | start-impl-probe blocked watcher-active=1
2026-05-05 10:21:53 | start-impl-probe blocked watcher-active=1
2026-05-05 10:21:54 | start-impl-probe blocked watcher-active=1
2026-05-05 10:21:55 | start-impl-probe blocked watcher-active=1
2026-05-05 10:21:56 | start-impl-probe blocked watcher-active=1
2026-05-05 10:21:57 | start-impl-probe blocked watcher-active=1
2026-05-05 10:21:58 | start-impl-probe blocked watcher-active=1
2026-05-05 10:21:59 | start-impl-probe blocked watcher-active=1
2026-05-05 10:22:00 | start-impl-probe blocked watcher-active=1
2026-05-05 10:22:01 | start-impl-probe blocked watcher-active=1
2026-05-05 10:22:02 | start-impl-probe blocked watcher-active=1
2026-05-05 10:22:03 | start-impl-probe blocked watcher-active=1
2026-05-05 10:22:03 | start-impl-probe blocked watcher-active=1
2026-05-05 10:22:04 | start-impl-probe blocked watcher-active=1
2026-05-05 10:22:05 | start-impl-probe blocked watcher-active=1
2026-05-05 10:22:06 | start-impl-probe blocked watcher-active=1
2026-05-05 10:22:07 | start-impl-probe blocked watcher-active=1
2026-05-05 10:22:08 | start-impl-probe blocked watcher-active=1
2026-05-05 10:22:09 | start-impl-probe blocked watcher-active=1
2026-05-05 10:22:10 | start-impl-probe blocked watcher-active=1
2026-05-05 10:22:11 | start-impl-probe blocked watcher-active=1
2026-05-05 10:22:12 | start-impl-probe blocked watcher-active=1
2026-05-05 10:22:13 | start-impl-probe blocked watcher-active=1
2026-05-05 10:22:13 | start-impl-probe blocked watcher-active=1
2026-05-05 10:22:14 | start-impl-probe blocked watcher-active=1
2026-05-05 10:22:15 | start-impl-probe blocked watcher-active=1
2026-05-05 10:22:16 | start-impl-probe blocked watcher-active=1
2026-05-05 10:22:17 | start-impl-probe blocked watcher-active=1
2026-05-05 10:22:18 | start-impl-probe blocked watcher-active=1
2026-05-05 10:22:19 | start-impl-probe blocked watcher-active=1
2026-05-05 10:22:20 | start-impl-probe blocked watcher-active=1
2026-05-05 10:22:21 | start-impl-probe blocked watcher-active=1
2026-05-05 10:22:22 | start-impl-probe blocked watcher-active=1
2026-05-05 10:22:23 | start-impl-probe blocked watcher-active=1
2026-05-05 10:22:23 | start-impl-probe blocked watcher-active=1
2026-05-05 10:22:24 | start-impl-probe blocked watcher-active=1
2026-05-05 10:22:25 | start-impl-probe blocked watcher-active=1
2026-05-05 10:22:26 | start-impl-probe blocked watcher-active=1
2026-05-05 10:22:27 | start-impl-probe blocked watcher-active=1
2026-05-05 10:22:28 | start-impl-probe blocked watcher-active=1
2026-05-05 10:22:29 | start-impl-probe blocked watcher-active=1
2026-05-05 10:22:30 | start-impl-probe blocked watcher-active=1
2026-05-05 10:22:31 | start-impl-probe blocked watcher-active=1
2026-05-05 10:22:32 | start-impl-probe blocked watcher-active=1
2026-05-05 10:22:32 | start-impl-probe blocked watcher-active=1
2026-05-05 10:22:33 | start-impl-probe blocked watcher-active=1
2026-05-05 10:22:34 | start-impl-probe blocked watcher-active=1
2026-05-05 10:22:35 | start-impl-probe blocked watcher-active=1
2026-05-05 10:22:36 | start-impl-probe blocked watcher-active=1
2026-05-05 10:22:37 | start-impl-probe blocked watcher-active=1
2026-05-05 10:22:38 | start-impl-probe blocked watcher-active=1
2026-05-05 10:22:39 | start-impl-probe blocked watcher-active=1
2026-05-05 10:22:40 | start-impl-probe blocked watcher-active=1
2026-05-05 10:22:41 | start-impl-probe blocked watcher-active=1
2026-05-05 10:22:42 | start-impl-probe blocked watcher-active=1
2026-05-05 10:22:42 | start-impl-probe blocked watcher-active=1
2026-05-05 10:22:43 | start-impl-probe blocked watcher-active=1
2026-05-05 10:22:44 | start-impl-probe blocked watcher-active=1
2026-05-05 10:22:45 | start-impl-probe blocked watcher-active=1
2026-05-05 10:22:46 | start-impl-probe blocked watcher-active=1
2026-05-05 10:22:47 | start-impl-probe blocked watcher-active=1
2026-05-05 10:22:48 | start-impl-probe blocked watcher-active=1
2026-05-05 10:22:49 | start-impl-probe blocked watcher-active=1
2026-05-05 10:22:50 | start-impl-probe blocked watcher-active=1
2026-05-05 10:22:51 | start-impl-probe blocked watcher-active=1
2026-05-05 10:22:52 | start-impl-probe blocked watcher-active=1
2026-05-05 10:22:52 | start-impl-probe blocked watcher-active=1
2026-05-05 10:22:53 | start-impl-probe blocked watcher-active=1
2026-05-05 10:22:54 | start-impl-probe blocked watcher-active=1
2026-05-05 10:22:55 | start-impl-probe blocked watcher-active=1
2026-05-05 10:22:56 | start-impl-probe blocked watcher-active=1
2026-05-05 10:22:57 | start-impl-probe blocked watcher-active=1
2026-05-05 10:22:58 | start-impl-probe blocked watcher-active=1
2026-05-05 10:22:59 | start-impl-probe blocked watcher-active=1
2026-05-05 10:23:00 | start-impl-probe blocked watcher-active=1
2026-05-05 10:23:01 | start-impl-probe blocked watcher-active=1
2026-05-05 10:23:01 | start-impl-probe blocked watcher-active=1
2026-05-05 10:23:02 | start-impl-probe blocked watcher-active=1
2026-05-05 10:23:03 | start-impl-probe blocked watcher-active=1
2026-05-05 10:23:04 | start-impl-probe blocked watcher-active=1
2026-05-05 10:23:05 | start-impl-probe blocked watcher-active=1
2026-05-05 10:23:06 | start-impl-probe blocked watcher-active=1
2026-05-05 10:23:07 | start-impl-probe blocked watcher-active=1
2026-05-05 10:23:08 | start-impl-probe blocked watcher-active=1
2026-05-05 10:23:09 | start-impl-probe blocked watcher-active=1
2026-05-05 10:23:10 | start-impl-probe blocked watcher-active=1
2026-05-05 10:23:11 | start-impl-probe blocked watcher-active=1
2026-05-05 10:23:11 | start-impl-probe blocked watcher-active=1
2026-05-05 10:23:12 | start-impl-probe blocked watcher-active=1
2026-05-05 10:23:13 | start-impl-probe blocked watcher-active=1
2026-05-05 10:23:14 | start-impl-probe blocked watcher-active=1
2026-05-05 10:23:15 | start-impl-probe blocked watcher-active=1
2026-05-05 10:23:16 | start-impl-probe blocked watcher-active=1
2026-05-05 10:23:17 | start-impl-probe blocked watcher-active=1
2026-05-05 10:23:18 | start-impl-probe blocked watcher-active=1
2026-05-05 10:23:19 | start-impl-probe blocked watcher-active=1
2026-05-05 10:23:20 | start-impl-probe blocked watcher-active=1
2026-05-05 10:23:21 | start-impl-probe blocked watcher-active=1
2026-05-05 10:23:21 | start-impl-probe blocked watcher-active=1
2026-05-05 10:23:22 | start-impl-probe blocked watcher-active=1
2026-05-05 10:23:23 | start-impl-probe blocked watcher-active=1
2026-05-05 10:23:24 | start-impl-probe blocked watcher-active=1
2026-05-05 10:23:25 | start-impl-probe blocked watcher-active=1
2026-05-05 10:23:26 | start-impl-probe blocked watcher-active=1
2026-05-05 10:23:27 | start-impl-probe blocked watcher-active=1
2026-05-05 10:23:28 | start-impl-probe blocked watcher-active=1
2026-05-05 10:23:29 | start-impl-probe blocked watcher-active=1
2026-05-05 10:23:30 | start-impl-probe blocked watcher-active=1
2026-05-05 10:23:31 | start-impl-probe blocked watcher-active=1
2026-05-05 10:23:31 | start-impl-probe blocked watcher-active=1
2026-05-05 10:23:32 | start-impl-probe blocked watcher-active=1
2026-05-05 10:23:33 | start-impl-probe blocked watcher-active=1
2026-05-05 10:23:34 | start-impl-probe blocked watcher-active=1
2026-05-05 10:23:35 | start-impl-probe blocked watcher-active=1
2026-05-05 10:23:36 | start-impl-probe blocked watcher-active=1
2026-05-05 10:23:37 | start-impl-probe blocked watcher-active=1
2026-05-05 10:23:38 | start-impl-probe blocked watcher-active=1
2026-05-05 10:23:39 | start-impl-probe blocked watcher-active=1
2026-05-05 10:23:40 | start-impl-probe blocked watcher-active=1
2026-05-05 10:23:40 | start-impl-probe blocked watcher-active=1
2026-05-05 10:23:41 | start-impl-probe blocked watcher-active=1
2026-05-05 10:23:42 | start-impl-probe blocked watcher-active=1
2026-05-05 10:23:43 | start-impl-probe blocked watcher-active=1
2026-05-05 10:23:44 | start-impl-probe blocked watcher-active=1
2026-05-05 10:23:45 | start-impl-probe blocked watcher-active=1
2026-05-05 10:23:46 | start-impl-probe blocked watcher-active=1
2026-05-05 10:23:47 | start-impl-probe blocked watcher-active=1
2026-05-05 10:23:48 | start-impl-probe blocked watcher-active=1
2026-05-05 10:23:49 | start-impl-probe blocked watcher-active=1
2026-05-05 10:23:50 | start-impl-probe blocked watcher-active=1
2026-05-05 10:23:50 | start-impl-probe blocked watcher-active=1
2026-05-05 10:23:51 | start-impl-probe blocked watcher-active=1
2026-05-05 10:23:52 | start-impl-probe blocked watcher-active=1
2026-05-05 10:23:53 | start-impl-probe blocked watcher-active=1
2026-05-05 10:23:54 | start-impl-probe blocked watcher-active=1
2026-05-05 10:23:55 | start-impl-probe blocked watcher-active=1
2026-05-05 10:23:56 | start-impl-probe blocked watcher-active=1
2026-05-05 10:23:57 | start-impl-probe blocked watcher-active=1
2026-05-05 10:23:58 | start-impl-probe blocked watcher-active=1
2026-05-05 10:23:59 | start-impl-probe blocked watcher-active=1
2026-05-05 10:24:00 | start-impl-probe blocked watcher-active=1
2026-05-05 10:24:00 | start-impl-probe blocked watcher-active=1
2026-05-05 10:24:01 | start-impl-probe blocked watcher-active=1
2026-05-05 10:24:02 | start-impl-probe blocked watcher-active=1
2026-05-05 10:24:03 | start-impl-probe blocked watcher-active=1
2026-05-05 10:24:04 | start-impl-probe blocked watcher-active=1
2026-05-05 10:24:05 | start-impl-probe blocked watcher-active=1
2026-05-05 10:24:06 | start-impl-probe blocked watcher-active=1
2026-05-05 10:24:07 | start-impl-probe blocked watcher-active=1
2026-05-05 10:24:08 | start-impl-probe blocked watcher-active=1
2026-05-05 10:24:09 | start-impl-probe blocked watcher-active=1
2026-05-05 10:24:10 | start-impl-probe blocked watcher-active=1
2026-05-05 10:24:10 | start-impl-probe blocked watcher-active=1
2026-05-05 10:24:11 | start-impl-probe blocked watcher-active=1
2026-05-05 10:24:12 | start-impl-probe blocked watcher-active=1
2026-05-05 10:24:13 | start-impl-probe blocked watcher-active=1
2026-05-05 10:24:14 | start-impl-probe blocked watcher-active=1
2026-05-05 10:24:15 | start-impl-probe blocked watcher-active=1
2026-05-05 10:24:16 | start-impl-probe blocked watcher-active=1
2026-05-05 10:24:17 | start-impl-probe blocked watcher-active=1
2026-05-05 10:24:18 | start-impl-probe blocked watcher-active=1
2026-05-05 10:24:19 | start-impl-probe blocked watcher-active=1
2026-05-05 10:24:20 | start-impl-probe blocked watcher-active=1
2026-05-05 10:24:20 | start-impl-probe blocked watcher-active=1
2026-05-05 10:24:21 | start-impl-probe blocked watcher-active=1
2026-05-05 10:24:22 | start-impl-probe blocked watcher-active=1
2026-05-05 10:24:23 | start-impl-probe blocked watcher-active=1
2026-05-05 10:24:24 | start-impl-probe blocked watcher-active=1
2026-05-05 10:24:25 | start-impl-probe blocked watcher-active=1
2026-05-05 10:24:26 | start-impl-probe blocked watcher-active=1
2026-05-05 10:24:27 | start-impl-probe blocked watcher-active=1
2026-05-05 10:24:28 | start-impl-probe blocked watcher-active=1
2026-05-05 10:24:29 | start-impl-probe blocked watcher-active=1
2026-05-05 10:24:29 | start-impl-probe blocked watcher-active=1
2026-05-05 10:24:30 | start-impl-probe blocked watcher-active=1
2026-05-05 10:24:31 | start-impl-probe blocked watcher-active=1
2026-05-05 10:24:32 | start-impl-probe blocked watcher-active=1
2026-05-05 10:24:33 | start-impl-probe blocked watcher-active=1
2026-05-05 10:24:34 | start-impl-probe blocked watcher-active=1
2026-05-05 10:24:35 | start-impl-probe blocked watcher-active=1
2026-05-05 10:24:36 | start-impl-probe blocked watcher-active=1
2026-05-05 10:24:37 | start-impl-probe blocked watcher-active=1
2026-05-05 10:24:38 | start-impl-probe blocked watcher-active=1
2026-05-05 10:24:39 | start-impl-probe blocked watcher-active=1
2026-05-05 10:24:39 | start-impl-probe blocked watcher-active=1
2026-05-05 10:24:40 | start-impl-probe blocked watcher-active=1
2026-05-05 10:24:41 | start-impl-probe blocked watcher-active=1
2026-05-05 10:24:42 | start-impl-probe blocked watcher-active=1
2026-05-05 10:24:43 | start-impl-probe blocked watcher-active=1
2026-05-05 10:24:44 | start-impl-probe blocked watcher-active=1
2026-05-05 10:24:45 | start-impl-probe blocked watcher-active=1
2026-05-05 10:24:46 | start-impl-probe blocked watcher-active=1
2026-05-05 10:24:47 | start-impl-probe blocked watcher-active=1
2026-05-05 10:24:48 | start-impl-probe blocked watcher-active=1
2026-05-05 10:24:49 | start-impl-probe blocked watcher-active=1
2026-05-05 10:24:49 | start-impl-probe blocked watcher-active=1
2026-05-05 10:24:50 | start-impl-probe blocked watcher-active=1
2026-05-05 10:24:51 | start-impl-probe blocked watcher-active=1
2026-05-05 10:24:52 | start-impl-probe blocked watcher-active=1
2026-05-05 10:24:53 | start-impl-probe blocked watcher-active=1
2026-05-05 10:24:54 | start-impl-probe blocked watcher-active=1
2026-05-05 10:24:55 | start-impl-probe blocked watcher-active=1
2026-05-05 10:24:56 | start-impl-probe blocked watcher-active=1
2026-05-05 10:24:57 | start-impl-probe blocked watcher-active=1
2026-05-05 10:24:58 | start-impl-probe blocked watcher-active=1
2026-05-05 10:24:59 | start-impl-probe blocked watcher-active=1
2026-05-05 10:24:59 | start-impl-probe blocked watcher-active=1
2026-05-05 10:25:00 | start-impl-probe blocked watcher-active=1
2026-05-05 10:25:01 | start-impl-probe blocked watcher-active=1
2026-05-05 10:25:02 | start-impl-probe blocked watcher-active=1
2026-05-05 10:25:03 | start-impl-probe blocked watcher-active=1
2026-05-05 10:25:04 | tick session-timeout hwnd=199580 source=chat_submit
2026-05-05 10:25:04 | banner-destroyed hwnd=2622038
2026-05-05 10:25:04 | stop reason=✓ Allow flow completed (all sessions)
2026-05-05 10:25:04 | start-impl-probe ide-windows=3
2026-05-05 10:25:04 | start-impl-btn doc-scan hwnd=524752 doc-btns=86
2026-05-05 10:25:04 | start-impl-btn window-scan hwnd=524752 total-btns=89
2026-05-05 10:25:04 | start-impl-btn doc-scan hwnd=68592 doc-btns=36
2026-05-05 10:25:04 | start-impl-btn window-scan hwnd=68592 total-btns=39
2026-05-05 10:25:04 | start-impl-btn doc-scan hwnd=199580 doc-btns=42
2026-05-05 10:25:04 | start-impl-btn window-scan hwnd=199580 total-btns=45
2026-05-05 10:25:05 | start-impl-probe ide-windows=3
2026-05-05 10:25:05 | start-impl-btn doc-scan hwnd=524752 doc-btns=86
2026-05-05 10:25:05 | start-impl-btn window-scan hwnd=524752 total-btns=89
2026-05-05 10:25:05 | start-impl-btn doc-scan hwnd=68592 doc-btns=36
2026-05-05 10:25:05 | start-impl-btn window-scan hwnd=68592 total-btns=39
2026-05-05 10:25:05 | start-impl-btn doc-scan hwnd=199580 doc-btns=42
2026-05-05 10:25:05 | start-impl-btn window-scan hwnd=199580 total-btns=45
2026-05-05 10:25:06 | start-impl-probe ide-windows=3
2026-05-05 10:25:06 | start-impl-btn doc-scan hwnd=524752 doc-btns=86
2026-05-05 10:25:06 | start-impl-btn window-scan hwnd=524752 total-btns=89
2026-05-05 10:25:06 | start-impl-btn doc-scan hwnd=68592 doc-btns=36
2026-05-05 10:25:06 | start-impl-btn window-scan hwnd=68592 total-btns=39
2026-05-05 10:25:06 | start-impl-btn doc-scan hwnd=199580 doc-btns=42
2026-05-05 10:25:06 | start-impl-btn window-scan hwnd=199580 total-btns=45
2026-05-05 10:25:07 | start-impl-probe ide-windows=3
2026-05-05 10:25:07 | start-impl-btn doc-scan hwnd=524752 doc-btns=86
2026-05-05 10:25:07 | start-impl-btn window-scan hwnd=524752 total-btns=89
2026-05-05 10:25:07 | start-impl-btn doc-scan hwnd=68592 doc-btns=36
2026-05-05 10:25:07 | start-impl-btn window-scan hwnd=68592 total-btns=39
2026-05-05 10:25:07 | start-impl-btn doc-scan hwnd=199580 doc-btns=42
2026-05-05 10:25:07 | start-impl-btn window-scan hwnd=199580 total-btns=45
2026-05-05 10:25:08 | start-impl-probe ide-windows=3
2026-05-05 10:25:08 | start-impl-btn doc-scan hwnd=524752 doc-btns=86
2026-05-05 10:25:08 | start-impl-btn window-scan hwnd=524752 total-btns=89
2026-05-05 10:25:08 | start-impl-btn doc-scan hwnd=68592 doc-btns=36
2026-05-05 10:25:08 | start-impl-btn window-scan hwnd=68592 total-btns=39
2026-05-05 10:25:08 | start-impl-btn doc-scan hwnd=199580 doc-btns=42
2026-05-05 10:25:08 | start-impl-btn window-scan hwnd=199580 total-btns=45
2026-05-05 10:25:09 | start-impl-probe ide-windows=3
2026-05-05 10:25:09 | start-impl-btn doc-scan hwnd=524752 doc-btns=86
2026-05-05 10:25:09 | start-impl-btn window-scan hwnd=524752 total-btns=89
2026-05-05 10:25:09 | start-impl-btn doc-scan hwnd=68592 doc-btns=36
2026-05-05 10:25:09 | start-impl-btn window-scan hwnd=68592 total-btns=39
2026-05-05 10:25:09 | start-impl-btn doc-scan hwnd=199580 doc-btns=42
2026-05-05 10:25:09 | start-impl-btn window-scan hwnd=199580 total-btns=45
2026-05-05 10:25:09 | start-impl-probe ide-windows=3
2026-05-05 10:25:09 | start-impl-btn doc-scan hwnd=524752 doc-btns=86
2026-05-05 10:25:09 | start-impl-btn window-scan hwnd=524752 total-btns=89
2026-05-05 10:25:10 | start-impl-btn doc-scan hwnd=68592 doc-btns=36
2026-05-05 10:25:10 | start-impl-btn window-scan hwnd=68592 total-btns=39
2026-05-05 10:25:10 | start-impl-btn doc-scan hwnd=199580 doc-btns=42
2026-05-05 10:25:10 | start-impl-btn window-scan hwnd=199580 total-btns=45
2026-05-05 10:25:10 | start-impl-probe ide-windows=3
2026-05-05 10:25:10 | start-impl-btn doc-scan hwnd=524752 doc-btns=86
2026-05-05 10:25:10 | start-impl-btn window-scan hwnd=524752 total-btns=89
2026-05-05 10:25:10 | start-impl-btn doc-scan hwnd=68592 doc-btns=36
2026-05-05 10:25:10 | start-impl-btn window-scan hwnd=68592 total-btns=39
2026-05-05 10:25:10 | start-impl-btn doc-scan hwnd=199580 doc-btns=42
2026-05-05 10:25:10 | start-impl-btn window-scan hwnd=199580 total-btns=45
2026-05-05 10:25:11 | start-impl-probe ide-windows=3
2026-05-05 10:25:11 | start-impl-btn doc-scan hwnd=524752 doc-btns=86
2026-05-05 10:25:11 | start-impl-btn window-scan hwnd=524752 total-btns=89
2026-05-05 10:25:11 | start-impl-btn doc-scan hwnd=68592 doc-btns=36
2026-05-05 10:25:11 | start-impl-btn window-scan hwnd=68592 total-btns=39
2026-05-05 10:25:11 | start-impl-btn doc-scan hwnd=199580 doc-btns=42
2026-05-05 10:25:11 | start-impl-btn window-scan hwnd=199580 total-btns=45
2026-05-05 10:25:12 | start-impl-probe ide-windows=3
2026-05-05 10:25:12 | start-impl-btn doc-scan hwnd=524752 doc-btns=86
2026-05-05 10:25:12 | start-impl-btn window-scan hwnd=524752 total-btns=95
2026-05-05 10:25:12 | start-impl-btn doc-scan hwnd=68592 doc-btns=36
2026-05-05 10:25:12 | start-impl-btn window-scan hwnd=68592 total-btns=39
2026-05-05 10:25:12 | start-impl-btn doc-scan hwnd=199580 doc-btns=42
2026-05-05 10:25:12 | start-impl-btn window-scan hwnd=199580 total-btns=45
2026-05-05 10:25:13 | start-impl-probe ide-windows=3
2026-05-05 10:25:13 | start-impl-btn doc-scan hwnd=524752 doc-btns=92
2026-05-05 10:25:13 | start-impl-btn window-scan hwnd=524752 total-btns=95
2026-05-05 10:25:13 | start-impl-btn doc-scan hwnd=68592 doc-btns=36
2026-05-05 10:25:13 | start-impl-btn window-scan hwnd=68592 total-btns=39
2026-05-05 10:25:13 | start-impl-btn doc-scan hwnd=199580 doc-btns=42
2026-05-05 10:25:13 | start-impl-btn window-scan hwnd=199580 total-btns=45
2026-05-05 10:25:14 | start-impl-probe ide-windows=3
2026-05-05 10:25:14 | start-impl-btn doc-scan hwnd=524752 doc-btns=92
2026-05-05 10:25:14 | start-impl-btn window-scan hwnd=524752 total-btns=95
2026-05-05 10:25:14 | start-impl-btn doc-scan hwnd=68592 doc-btns=36
2026-05-05 10:25:14 | start-impl-btn window-scan hwnd=68592 total-btns=39
2026-05-05 10:25:14 | start-impl-btn doc-scan hwnd=199580 doc-btns=42
2026-05-05 10:25:14 | start-impl-btn window-scan hwnd=199580 total-btns=45
2026-05-05 10:25:15 | start-impl-probe ide-windows=3
2026-05-05 10:25:15 | start-impl-btn doc-scan hwnd=524752 doc-btns=92
2026-05-05 10:25:15 | start-impl-btn window-scan hwnd=524752 total-btns=95
2026-05-05 10:25:15 | start-impl-btn doc-scan hwnd=68592 doc-btns=36
2026-05-05 10:25:15 | start-impl-btn window-scan hwnd=68592 total-btns=39
2026-05-05 10:25:15 | start-impl-btn doc-scan hwnd=199580 doc-btns=42
2026-05-05 10:25:15 | start-impl-btn window-scan hwnd=199580 total-btns=45
2026-05-05 10:25:16 | start-impl-probe ide-windows=3
2026-05-05 10:25:16 | start-impl-btn doc-scan hwnd=524752 doc-btns=92
2026-05-05 10:25:16 | start-impl-btn window-scan hwnd=524752 total-btns=95
2026-05-05 10:25:16 | start-impl-btn doc-scan hwnd=68592 doc-btns=36
2026-05-05 10:25:16 | start-impl-btn window-scan hwnd=68592 total-btns=39
2026-05-05 10:25:16 | start-impl-btn doc-scan hwnd=199580 doc-btns=42
2026-05-05 10:25:16 | start-impl-btn window-scan hwnd=199580 total-btns=45
2026-05-05 10:25:17 | start-impl-probe ide-windows=3
2026-05-05 10:25:17 | start-impl-btn doc-scan hwnd=524752 doc-btns=92
2026-05-05 10:25:17 | start-impl-btn window-scan hwnd=524752 total-btns=95
2026-05-05 10:25:17 | start-impl-btn doc-scan hwnd=68592 doc-btns=36
2026-05-05 10:25:17 | start-impl-btn window-scan hwnd=68592 total-btns=39
2026-05-05 10:25:17 | start-impl-btn doc-scan hwnd=199580 doc-btns=42
2026-05-05 10:25:17 | start-impl-btn window-scan hwnd=199580 total-btns=45
2026-05-05 10:25:18 | start-impl-probe ide-windows=3
2026-05-05 10:25:18 | start-impl-btn doc-scan hwnd=524752 doc-btns=92
2026-05-05 10:25:18 | start-impl-btn window-scan hwnd=524752 total-btns=95
2026-05-05 10:25:18 | start-impl-btn doc-scan hwnd=68592 doc-btns=36
2026-05-05 10:25:18 | start-impl-btn window-scan hwnd=68592 total-btns=39
2026-05-05 10:25:18 | start-impl-btn doc-scan hwnd=199580 doc-btns=42
2026-05-05 10:25:18 | start-impl-btn window-scan hwnd=199580 total-btns=45
2026-05-05 10:25:19 | start-impl-probe ide-windows=3
2026-05-05 10:25:19 | start-impl-btn doc-scan hwnd=524752 doc-btns=92
2026-05-05 10:25:19 | start-impl-btn window-scan hwnd=524752 total-btns=95
2026-05-05 10:25:19 | start-impl-btn doc-scan hwnd=68592 doc-btns=36
2026-05-05 10:25:19 | start-impl-btn window-scan hwnd=68592 total-btns=39
2026-05-05 10:25:19 | start-impl-btn doc-scan hwnd=199580 doc-btns=42
2026-05-05 10:25:19 | start-impl-btn window-scan hwnd=199580 total-btns=45
2026-05-05 10:25:19 | start-impl-probe ide-windows=3
2026-05-05 10:25:19 | start-impl-btn doc-scan hwnd=524752 doc-btns=92
2026-05-05 10:25:20 | start-impl-btn window-scan hwnd=524752 total-btns=95
2026-05-05 10:25:20 | start-impl-btn doc-scan hwnd=68592 doc-btns=36
2026-05-05 10:25:20 | start-impl-btn window-scan hwnd=68592 total-btns=39
2026-05-05 10:25:20 | start-impl-btn doc-scan hwnd=199580 doc-btns=42
2026-05-05 10:25:20 | start-impl-btn window-scan hwnd=199580 total-btns=45
2026-05-05 10:25:20 | start-impl-probe ide-windows=3
2026-05-05 10:25:20 | start-impl-btn doc-scan hwnd=524752 doc-btns=92
2026-05-05 10:25:20 | start-impl-btn window-scan hwnd=524752 total-btns=95
2026-05-05 10:25:20 | start-impl-btn doc-scan hwnd=68592 doc-btns=36
2026-05-05 10:25:20 | start-impl-btn window-scan hwnd=68592 total-btns=39
2026-05-05 10:25:20 | start-impl-btn doc-scan hwnd=199580 doc-btns=42
2026-05-05 10:25:20 | start-impl-btn window-scan hwnd=199580 total-btns=45
2026-05-05 10:25:21 | start-impl-probe ide-windows=3
2026-05-05 10:25:21 | start-impl-btn doc-scan hwnd=524752 doc-btns=92
2026-05-05 10:25:21 | start-impl-btn window-scan hwnd=524752 total-btns=95
2026-05-05 10:25:21 | start-impl-btn doc-scan hwnd=68592 doc-btns=36
2026-05-05 10:25:21 | start-impl-btn window-scan hwnd=68592 total-btns=39
2026-05-05 10:25:21 | start-impl-btn doc-scan hwnd=199580 doc-btns=42
2026-05-05 10:25:21 | start-impl-btn window-scan hwnd=199580 total-btns=45
2026-05-05 10:25:22 | start-impl-probe ide-windows=3
2026-05-05 10:25:22 | start-impl-btn doc-scan hwnd=524752 doc-btns=92
2026-05-05 10:25:22 | start-impl-btn window-scan hwnd=524752 total-btns=95
2026-05-05 10:25:22 | start-impl-btn doc-scan hwnd=68592 doc-btns=36
2026-05-05 10:25:22 | start-impl-btn window-scan hwnd=68592 total-btns=39
2026-05-05 10:25:22 | start-impl-btn doc-scan hwnd=199580 doc-btns=42
2026-05-05 10:25:22 | start-impl-btn window-scan hwnd=199580 total-btns=45
2026-05-05 10:25:23 | start-impl-probe ide-windows=3
2026-05-05 10:25:23 | start-impl-btn doc-scan hwnd=524752 doc-btns=92
2026-05-05 10:25:23 | start-impl-btn window-scan hwnd=524752 total-btns=95
2026-05-05 10:25:23 | start-impl-btn doc-scan hwnd=68592 doc-btns=36
2026-05-05 10:25:23 | start-impl-btn window-scan hwnd=68592 total-btns=39
2026-05-05 10:25:23 | start-impl-btn doc-scan hwnd=199580 doc-btns=42
2026-05-05 10:25:23 | start-impl-btn window-scan hwnd=199580 total-btns=45
2026-05-05 10:25:24 | start-impl-probe ide-windows=3
2026-05-05 10:25:24 | start-impl-btn doc-scan hwnd=524752 doc-btns=92
2026-05-05 10:25:24 | start-impl-btn window-scan hwnd=524752 total-btns=95
2026-05-05 10:25:24 | start-impl-btn doc-scan hwnd=68592 doc-btns=36
2026-05-05 10:25:24 | start-impl-btn window-scan hwnd=68592 total-btns=39
2026-05-05 10:25:24 | start-impl-btn doc-scan hwnd=199580 doc-btns=42
2026-05-05 10:25:24 | start-impl-btn window-scan hwnd=199580 total-btns=45
2026-05-05 10:25:25 | start-impl-probe ide-windows=3
2026-05-05 10:25:25 | start-impl-btn doc-scan hwnd=524752 doc-btns=92
2026-05-05 10:25:25 | start-impl-btn window-scan hwnd=524752 total-btns=95
2026-05-05 10:25:25 | start-impl-btn doc-scan hwnd=68592 doc-btns=36
2026-05-05 10:25:25 | start-impl-btn window-scan hwnd=68592 total-btns=39
2026-05-05 10:25:25 | start-impl-btn doc-scan hwnd=199580 doc-btns=42
2026-05-05 10:25:25 | start-impl-btn window-scan hwnd=199580 total-btns=45
2026-05-05 10:25:26 | start-impl-probe ide-windows=3
2026-05-05 10:25:26 | start-impl-btn doc-scan hwnd=524752 doc-btns=92
2026-05-05 10:25:26 | start-impl-btn doc-scan hwnd=68592 doc-btns=36
2026-05-05 10:25:26 | start-impl-btn window-scan hwnd=68592 total-btns=39
2026-05-05 10:25:26 | start-impl-btn doc-scan hwnd=199580 doc-btns=42
2026-05-05 10:25:26 | start-impl-btn window-scan hwnd=199580 total-btns=45
2026-05-05 10:25:27 | start-impl-probe ide-windows=3
2026-05-05 10:25:27 | start-impl-btn doc-scan hwnd=524752 doc-btns=92
2026-05-05 10:25:27 | start-impl-btn window-scan hwnd=524752 total-btns=95
2026-05-05 10:25:27 | start-impl-btn doc-scan hwnd=68592 doc-btns=36
2026-05-05 10:25:27 | start-impl-btn window-scan hwnd=68592 total-btns=39
2026-05-05 10:25:27 | start-impl-btn doc-scan hwnd=199580 doc-btns=42
2026-05-05 10:25:27 | start-impl-btn window-scan hwnd=199580 total-btns=45
2026-05-05 10:25:28 | start-impl-probe ide-windows=3
2026-05-05 10:25:28 | start-impl-btn doc-scan hwnd=524752 doc-btns=92
2026-05-05 10:25:28 | start-impl-btn window-scan hwnd=524752 total-btns=95
2026-05-05 10:25:28 | start-impl-btn doc-scan hwnd=68592 doc-btns=36
2026-05-05 10:25:28 | start-impl-btn window-scan hwnd=68592 total-btns=39
2026-05-05 10:25:28 | start-impl-btn doc-scan hwnd=199580 doc-btns=42
2026-05-05 10:25:28 | start-impl-btn window-scan hwnd=199580 total-btns=45
2026-05-05 10:25:29 | start-impl-probe ide-windows=3
2026-05-05 10:25:29 | start-impl-btn doc-scan hwnd=524752 doc-btns=92
2026-05-05 10:25:29 | start-impl-btn window-scan hwnd=524752 total-btns=95
2026-05-05 10:25:29 | start-impl-btn doc-scan hwnd=68592 doc-btns=36
2026-05-05 10:25:29 | start-impl-btn window-scan hwnd=68592 total-btns=39
2026-05-05 10:25:29 | start-impl-btn doc-scan hwnd=199580 doc-btns=42
2026-05-05 10:25:29 | start-impl-btn window-scan hwnd=199580 total-btns=45
2026-05-05 10:25:29 | start-impl-probe ide-windows=3
2026-05-05 10:25:29 | start-impl-btn doc-scan hwnd=524752 doc-btns=92
2026-05-05 10:25:29 | start-impl-btn window-scan hwnd=524752 total-btns=95
2026-05-05 10:25:30 | start-impl-btn doc-scan hwnd=68592 doc-btns=36
2026-05-05 10:25:30 | start-impl-btn window-scan hwnd=68592 total-btns=39
2026-05-05 10:25:30 | start-impl-btn doc-scan hwnd=199580 doc-btns=42
2026-05-05 10:25:30 | start-impl-btn window-scan hwnd=199580 total-btns=45
2026-05-05 10:25:30 | start-impl-probe ide-windows=3
2026-05-05 10:25:30 | start-impl-btn doc-scan hwnd=524752 doc-btns=92
2026-05-05 10:25:30 | start-impl-btn window-scan hwnd=524752 total-btns=95
2026-05-05 10:25:30 | start-impl-btn doc-scan hwnd=68592 doc-btns=36
2026-05-05 10:25:30 | start-impl-btn window-scan hwnd=68592 total-btns=39
2026-05-05 10:25:30 | start-impl-btn doc-scan hwnd=199580 doc-btns=42
2026-05-05 10:25:31 | start-impl-btn window-scan hwnd=199580 total-btns=45
2026-05-05 10:25:31 | start-impl-probe ide-windows=3
2026-05-05 10:25:31 | start-impl-btn doc-scan hwnd=524752 doc-btns=92
2026-05-05 10:25:31 | start-impl-btn window-scan hwnd=524752 total-btns=95
2026-05-05 10:25:31 | start-impl-btn doc-scan hwnd=68592 doc-btns=36
2026-05-05 10:25:31 | start-impl-btn window-scan hwnd=68592 total-btns=39
2026-05-05 10:25:31 | start-impl-btn doc-scan hwnd=199580 doc-btns=42
2026-05-05 10:25:31 | start-impl-btn window-scan hwnd=199580 total-btns=45
2026-05-05 10:25:32 | start-impl-probe ide-windows=3
2026-05-05 10:25:32 | start-impl-btn doc-scan hwnd=524752 doc-btns=92
2026-05-05 10:25:32 | start-impl-btn window-scan hwnd=524752 total-btns=95
2026-05-05 10:25:32 | start-impl-btn doc-scan hwnd=68592 doc-btns=36
2026-05-05 10:25:32 | start-impl-btn window-scan hwnd=68592 total-btns=39
2026-05-05 10:25:32 | start-impl-btn doc-scan hwnd=199580 doc-btns=42
2026-05-05 10:25:32 | start-impl-btn window-scan hwnd=199580 total-btns=45
2026-05-05 10:25:33 | start-impl-probe ide-windows=3
2026-05-05 10:25:33 | start-impl-btn doc-scan hwnd=524752 doc-btns=92
2026-05-05 10:25:33 | start-impl-btn window-scan hwnd=524752 total-btns=95
2026-05-05 10:25:33 | start-impl-btn doc-scan hwnd=68592 doc-btns=36
2026-05-05 10:25:33 | start-impl-btn window-scan hwnd=68592 total-btns=39
2026-05-05 10:25:33 | start-impl-btn doc-scan hwnd=199580 doc-btns=42
2026-05-05 10:25:33 | start-impl-btn window-scan hwnd=199580 total-btns=45
2026-05-05 10:25:34 | start-impl-probe ide-windows=3
2026-05-05 10:25:34 | start-impl-btn doc-scan hwnd=524752 doc-btns=92
2026-05-05 10:25:34 | start-impl-btn window-scan hwnd=524752 total-btns=95
2026-05-05 10:25:34 | start-impl-btn doc-scan hwnd=68592 doc-btns=36
2026-05-05 10:25:34 | start-impl-btn window-scan hwnd=68592 total-btns=39
2026-05-05 10:25:34 | start-impl-btn doc-scan hwnd=199580 doc-btns=42
2026-05-05 10:25:34 | start-impl-btn window-scan hwnd=199580 total-btns=45
2026-05-05 10:25:35 | start-impl-probe ide-windows=3
2026-05-05 10:25:35 | start-impl-btn doc-scan hwnd=524752 doc-btns=92
2026-05-05 10:25:35 | start-impl-btn window-scan hwnd=524752 total-btns=95
2026-05-05 10:25:35 | start-impl-btn doc-scan hwnd=68592 doc-btns=36
2026-05-05 10:25:35 | start-impl-btn window-scan hwnd=68592 total-btns=39
2026-05-05 10:25:35 | start-impl-btn doc-scan hwnd=199580 doc-btns=42
2026-05-05 10:25:35 | start-impl-btn window-scan hwnd=199580 total-btns=45
2026-05-05 10:25:36 | start-impl-probe ide-windows=3
2026-05-05 10:25:36 | start-impl-btn doc-scan hwnd=524752 doc-btns=92
2026-05-05 10:25:36 | start-impl-btn window-scan hwnd=524752 total-btns=95
2026-05-05 10:25:36 | start-impl-btn doc-scan hwnd=68592 doc-btns=36
2026-05-05 10:25:36 | start-impl-btn window-scan hwnd=68592 total-btns=39
2026-05-05 10:25:36 | start-impl-btn doc-scan hwnd=199580 doc-btns=42
2026-05-05 10:25:36 | start-impl-btn window-scan hwnd=199580 total-btns=45
2026-05-05 10:25:37 | start-impl-probe ide-windows=3
2026-05-05 10:25:37 | start-impl-btn doc-scan hwnd=524752 doc-btns=92
2026-05-05 10:25:37 | start-impl-btn window-scan hwnd=524752 total-btns=95
2026-05-05 10:25:37 | start-impl-btn doc-scan hwnd=68592 doc-btns=36
2026-05-05 10:25:37 | start-impl-btn window-scan hwnd=68592 total-btns=39
2026-05-05 10:25:37 | start-impl-btn doc-scan hwnd=199580 doc-btns=42
2026-05-05 10:25:37 | start-impl-btn window-scan hwnd=199580 total-btns=45
2026-05-05 10:25:38 | start-impl-probe ide-windows=3
2026-05-05 10:25:38 | start-impl-btn doc-scan hwnd=524752 doc-btns=92
2026-05-05 10:25:38 | start-impl-btn window-scan hwnd=524752 total-btns=95
2026-05-05 10:25:38 | start-impl-btn doc-scan hwnd=68592 doc-btns=36
2026-05-05 10:25:38 | start-impl-btn window-scan hwnd=68592 total-btns=39
2026-05-05 10:25:38 | start-impl-btn doc-scan hwnd=199580 doc-btns=42
2026-05-05 10:25:38 | start-impl-btn window-scan hwnd=199580 total-btns=45
2026-05-05 10:25:38 | start-impl-probe ide-windows=3
2026-05-05 10:25:39 | start-impl-btn doc-scan hwnd=524752 doc-btns=92
2026-05-05 10:25:39 | start-impl-btn window-scan hwnd=524752 total-btns=95
2026-05-05 10:25:39 | start-impl-btn doc-scan hwnd=68592 doc-btns=36
2026-05-05 10:25:39 | start-impl-btn window-scan hwnd=68592 total-btns=39
2026-05-05 10:25:39 | start-impl-btn doc-scan hwnd=199580 doc-btns=42
2026-05-05 10:25:39 | start-impl-btn window-scan hwnd=199580 total-btns=45
2026-05-05 10:25:39 | start-impl-probe ide-windows=3
2026-05-05 10:25:39 | start-impl-btn doc-scan hwnd=524752 doc-btns=92
2026-05-05 10:25:39 | start-impl-btn window-scan hwnd=524752 total-btns=95
2026-05-05 10:25:39 | start-impl-btn doc-scan hwnd=68592 doc-btns=36
2026-05-05 10:25:39 | start-impl-btn window-scan hwnd=68592 total-btns=39
2026-05-05 10:25:39 | start-impl-btn doc-scan hwnd=199580 doc-btns=42
2026-05-05 10:25:40 | start-impl-btn window-scan hwnd=199580 total-btns=45
2026-05-05 10:25:40 | start-impl-probe ide-windows=3
2026-05-05 10:25:40 | start-impl-btn doc-scan hwnd=524752 doc-btns=92
2026-05-05 10:25:40 | start-impl-btn window-scan hwnd=524752 total-btns=95
2026-05-05 10:25:40 | start-impl-btn doc-scan hwnd=68592 doc-btns=36
2026-05-05 10:25:40 | start-impl-btn window-scan hwnd=68592 total-btns=39
2026-05-05 10:25:40 | start-impl-btn doc-scan hwnd=199580 doc-btns=42
2026-05-05 10:25:40 | start-impl-btn window-scan hwnd=199580 total-btns=45
2026-05-05 10:25:41 | start-impl-probe ide-windows=3
2026-05-05 10:25:41 | start-impl-btn doc-scan hwnd=524752 doc-btns=92
2026-05-05 10:25:41 | start-impl-btn window-scan hwnd=524752 total-btns=95
2026-05-05 10:25:41 | start-impl-btn doc-scan hwnd=68592 doc-btns=36
2026-05-05 10:25:41 | start-impl-btn window-scan hwnd=68592 total-btns=39
2026-05-05 10:25:41 | start-impl-btn doc-scan hwnd=199580 doc-btns=42
2026-05-05 10:25:41 | start-impl-btn window-scan hwnd=199580 total-btns=45
2026-05-05 10:25:42 | start-impl-probe ide-windows=3
2026-05-05 10:25:42 | start-impl-btn doc-scan hwnd=524752 doc-btns=92
2026-05-05 10:25:42 | start-impl-btn window-scan hwnd=524752 total-btns=95
2026-05-05 10:25:42 | start-impl-btn doc-scan hwnd=68592 doc-btns=36
2026-05-05 10:25:42 | start-impl-btn window-scan hwnd=68592 total-btns=39
2026-05-05 10:25:42 | start-impl-btn doc-scan hwnd=199580 doc-btns=42
2026-05-05 10:25:42 | start-impl-btn window-scan hwnd=199580 total-btns=45
2026-05-05 10:25:43 | start-impl-probe ide-windows=3
2026-05-05 10:25:43 | start-impl-btn doc-scan hwnd=524752 doc-btns=92
2026-05-05 10:25:43 | start-impl-btn window-scan hwnd=524752 total-btns=95
2026-05-05 10:25:43 | start-impl-btn window-scan hwnd=68592 total-btns=39
2026-05-05 10:25:43 | start-impl-btn doc-scan hwnd=199580 doc-btns=42
2026-05-05 10:25:43 | start-impl-btn window-scan hwnd=199580 total-btns=45
2026-05-05 10:25:44 | start-impl-probe ide-windows=3
2026-05-05 10:25:44 | start-impl-btn doc-scan hwnd=524752 doc-btns=92
2026-05-05 10:25:44 | start-impl-btn window-scan hwnd=524752 total-btns=95
2026-05-05 10:25:44 | start-impl-btn doc-scan hwnd=68592 doc-btns=36
2026-05-05 10:25:44 | start-impl-btn window-scan hwnd=68592 total-btns=39
2026-05-05 10:25:44 | start-impl-btn doc-scan hwnd=199580 doc-btns=42
2026-05-05 10:25:44 | start-impl-btn window-scan hwnd=199580 total-btns=45
2026-05-05 10:25:45 | start-impl-probe ide-windows=3
2026-05-05 10:25:45 | start-impl-btn doc-scan hwnd=524752 doc-btns=92
2026-05-05 10:25:45 | start-impl-btn window-scan hwnd=524752 total-btns=95
2026-05-05 10:25:45 | start-impl-btn doc-scan hwnd=68592 doc-btns=36
2026-05-05 10:25:45 | start-impl-btn window-scan hwnd=68592 total-btns=39
2026-05-05 10:25:45 | start-impl-btn doc-scan hwnd=199580 doc-btns=42
2026-05-05 10:25:45 | start-impl-btn window-scan hwnd=199580 total-btns=45
2026-05-05 10:25:46 | start-impl-probe ide-windows=3
2026-05-05 10:25:46 | start-impl-btn doc-scan hwnd=524752 doc-btns=92
2026-05-05 10:25:46 | start-impl-btn window-scan hwnd=524752 total-btns=95
2026-05-05 10:25:46 | start-impl-btn doc-scan hwnd=68592 doc-btns=36
2026-05-05 10:25:46 | start-impl-btn window-scan hwnd=68592 total-btns=39
2026-05-05 10:25:46 | start-impl-btn doc-scan hwnd=199580 doc-btns=42
2026-05-05 10:25:46 | start-impl-btn window-scan hwnd=199580 total-btns=45
2026-05-05 10:25:47 | start-impl-probe ide-windows=3
2026-05-05 10:25:47 | start-impl-btn doc-scan hwnd=524752 doc-btns=92
2026-05-05 10:25:47 | start-impl-btn window-scan hwnd=524752 total-btns=95
2026-05-05 10:25:47 | start-impl-btn doc-scan hwnd=68592 doc-btns=36
2026-05-05 10:25:47 | start-impl-btn window-scan hwnd=68592 total-btns=39
2026-05-05 10:25:47 | start-impl-btn doc-scan hwnd=199580 doc-btns=42
2026-05-05 10:25:47 | start-impl-btn window-scan hwnd=199580 total-btns=45
2026-05-05 10:25:48 | start-impl-probe ide-windows=3
2026-05-05 10:25:48 | start-impl-btn doc-scan hwnd=524752 doc-btns=92
2026-05-05 10:25:48 | start-impl-btn window-scan hwnd=524752 total-btns=95
2026-05-05 10:25:48 | start-impl-btn doc-scan hwnd=68592 doc-btns=36
2026-05-05 10:25:48 | start-impl-btn window-scan hwnd=68592 total-btns=39
2026-05-05 10:25:48 | start-impl-btn doc-scan hwnd=199580 doc-btns=42
2026-05-05 10:25:48 | start-impl-btn window-scan hwnd=199580 total-btns=45
2026-05-05 10:25:48 | start-impl-probe ide-windows=3
2026-05-05 10:25:48 | start-impl-btn doc-scan hwnd=524752 doc-btns=92
2026-05-05 10:25:49 | start-impl-btn window-scan hwnd=524752 total-btns=95
2026-05-05 10:25:49 | start-impl-btn doc-scan hwnd=68592 doc-btns=36
2026-05-05 10:25:49 | start-impl-btn window-scan hwnd=68592 total-btns=39
2026-05-05 10:25:49 | start-impl-btn doc-scan hwnd=199580 doc-btns=42
2026-05-05 10:25:49 | start-impl-btn window-scan hwnd=199580 total-btns=45
2026-05-05 10:25:49 | start-impl-probe ide-windows=3
2026-05-05 10:25:49 | start-impl-btn doc-scan hwnd=524752 doc-btns=92
2026-05-05 10:25:49 | start-impl-btn window-scan hwnd=524752 total-btns=95
2026-05-05 10:25:49 | start-impl-btn doc-scan hwnd=68592 doc-btns=36
2026-05-05 10:25:49 | start-impl-btn window-scan hwnd=68592 total-btns=39
2026-05-05 10:25:49 | start-impl-btn doc-scan hwnd=199580 doc-btns=42
2026-05-05 10:25:50 | start-impl-btn window-scan hwnd=199580 total-btns=45
2026-05-05 10:25:50 | start-impl-probe ide-windows=3
2026-05-05 10:25:50 | start-impl-btn doc-scan hwnd=524752 doc-btns=92
2026-05-05 10:25:50 | start-impl-btn window-scan hwnd=524752 total-btns=95
2026-05-05 10:25:50 | start-impl-btn doc-scan hwnd=68592 doc-btns=36
2026-05-05 10:25:50 | start-impl-btn window-scan hwnd=68592 total-btns=39
2026-05-05 10:25:50 | start-impl-btn doc-scan hwnd=199580 doc-btns=42
2026-05-05 10:25:50 | start-impl-btn window-scan hwnd=199580 total-btns=45
2026-05-05 10:25:51 | start-impl-probe ide-windows=3
2026-05-05 10:25:51 | start-impl-btn doc-scan hwnd=524752 doc-btns=92
2026-05-05 10:25:51 | start-impl-btn window-scan hwnd=524752 total-btns=95
2026-05-05 10:25:51 | start-impl-btn doc-scan hwnd=68592 doc-btns=36
2026-05-05 10:25:51 | start-impl-btn window-scan hwnd=68592 total-btns=39
2026-05-05 10:25:51 | start-impl-btn doc-scan hwnd=199580 doc-btns=42
2026-05-05 10:25:51 | start-impl-btn window-scan hwnd=199580 total-btns=45
2026-05-05 10:25:52 | start-impl-probe ide-windows=3
2026-05-05 10:25:52 | start-impl-btn doc-scan hwnd=524752 doc-btns=92
2026-05-05 10:25:52 | start-impl-btn window-scan hwnd=524752 total-btns=95
2026-05-05 10:25:52 | start-impl-btn doc-scan hwnd=68592 doc-btns=36
2026-05-05 10:25:52 | start-impl-btn window-scan hwnd=68592 total-btns=39
2026-05-05 10:25:52 | start-impl-btn doc-scan hwnd=199580 doc-btns=42
2026-05-05 10:25:52 | start-impl-btn window-scan hwnd=199580 total-btns=45
2026-05-05 10:25:53 | start-impl-probe ide-windows=3
2026-05-05 10:25:53 | start-impl-btn doc-scan hwnd=524752 doc-btns=92
2026-05-05 10:25:53 | start-impl-btn window-scan hwnd=524752 total-btns=95
2026-05-05 10:25:53 | start-impl-btn doc-scan hwnd=68592 doc-btns=36
2026-05-05 10:25:53 | start-impl-btn window-scan hwnd=68592 total-btns=39
2026-05-05 10:25:53 | start-impl-btn doc-scan hwnd=199580 doc-btns=42
2026-05-05 10:25:53 | start-impl-btn window-scan hwnd=199580 total-btns=45
2026-05-05 10:25:54 | start-impl-probe ide-windows=3
2026-05-05 10:25:54 | start-impl-btn doc-scan hwnd=524752 doc-btns=92
2026-05-05 10:25:54 | start-impl-btn window-scan hwnd=524752 total-btns=95
2026-05-05 10:25:54 | start-impl-btn doc-scan hwnd=68592 doc-btns=36
2026-05-05 10:25:54 | start-impl-btn window-scan hwnd=68592 total-btns=39
2026-05-05 10:25:54 | start-impl-btn doc-scan hwnd=199580 doc-btns=42
2026-05-05 10:25:54 | start-impl-btn window-scan hwnd=199580 total-btns=45
2026-05-05 10:25:55 | start-impl-probe ide-windows=3
2026-05-05 10:25:55 | start-impl-btn doc-scan hwnd=524752 doc-btns=92
2026-05-05 10:25:55 | start-impl-btn window-scan hwnd=524752 total-btns=95
2026-05-05 10:25:55 | start-impl-btn doc-scan hwnd=68592 doc-btns=36
2026-05-05 10:25:55 | start-impl-btn window-scan hwnd=68592 total-btns=39
2026-05-05 10:25:55 | start-impl-btn doc-scan hwnd=199580 doc-btns=42
2026-05-05 10:25:55 | start-impl-btn window-scan hwnd=199580 total-btns=45
2026-05-05 10:25:56 | start-impl-probe ide-windows=3
2026-05-05 10:25:56 | start-impl-btn doc-scan hwnd=524752 doc-btns=92
2026-05-05 10:25:56 | start-impl-btn window-scan hwnd=524752 total-btns=95
2026-05-05 10:25:56 | start-impl-btn doc-scan hwnd=68592 doc-btns=36
2026-05-05 10:25:56 | start-impl-btn window-scan hwnd=68592 total-btns=39
2026-05-05 10:25:56 | start-impl-btn doc-scan hwnd=199580 doc-btns=42
2026-05-05 10:25:56 | start-impl-btn window-scan hwnd=199580 total-btns=45
2026-05-05 10:25:57 | start-impl-probe ide-windows=3
2026-05-05 10:25:57 | start-impl-btn doc-scan hwnd=524752 doc-btns=92
2026-05-05 10:25:57 | start-impl-btn window-scan hwnd=524752 total-btns=95
2026-05-05 10:25:57 | start-impl-btn doc-scan hwnd=68592 doc-btns=36
2026-05-05 10:25:57 | start-impl-btn window-scan hwnd=68592 total-btns=39
2026-05-05 10:25:57 | start-impl-btn doc-scan hwnd=199580 doc-btns=42
2026-05-05 10:25:57 | start-impl-btn window-scan hwnd=199580 total-btns=45
2026-05-05 10:25:58 | start-impl-probe ide-windows=3
2026-05-05 10:25:58 | start-impl-btn doc-scan hwnd=524752 doc-btns=92
2026-05-05 10:25:58 | start-impl-btn window-scan hwnd=524752 total-btns=95
2026-05-05 10:25:58 | start-impl-btn doc-scan hwnd=68592 doc-btns=36
2026-05-05 10:25:58 | start-impl-btn window-scan hwnd=68592 total-btns=39
2026-05-05 10:25:58 | start-impl-btn doc-scan hwnd=199580 doc-btns=42
2026-05-05 10:25:58 | start-impl-btn window-scan hwnd=199580 total-btns=45
2026-05-05 10:25:58 | start-impl-probe ide-windows=3
2026-05-05 10:25:58 | start-impl-btn doc-scan hwnd=524752 doc-btns=92
2026-05-05 10:25:58 | start-impl-btn window-scan hwnd=524752 total-btns=95
2026-05-05 10:25:59 | start-impl-btn doc-scan hwnd=68592 doc-btns=36
2026-05-05 10:25:59 | start-impl-btn window-scan hwnd=68592 total-btns=39
2026-05-05 10:25:59 | start-impl-btn doc-scan hwnd=199580 doc-btns=42
2026-05-05 10:25:59 | start-impl-btn window-scan hwnd=199580 total-btns=45
2026-05-05 10:25:59 | start-impl-probe ide-windows=3
2026-05-05 10:25:59 | start-impl-btn doc-scan hwnd=524752 doc-btns=92
2026-05-05 10:25:59 | start-impl-btn window-scan hwnd=524752 total-btns=95
2026-05-05 10:25:59 | start-impl-btn doc-scan hwnd=68592 doc-btns=36
2026-05-05 10:25:59 | start-impl-btn window-scan hwnd=68592 total-btns=39
2026-05-05 10:25:59 | start-impl-btn doc-scan hwnd=199580 doc-btns=42
2026-05-05 10:25:59 | start-impl-btn window-scan hwnd=199580 total-btns=45
2026-05-05 10:26:00 | start-impl-probe ide-windows=3
2026-05-05 10:26:00 | start-impl-btn doc-scan hwnd=524752 doc-btns=92
2026-05-05 10:26:00 | start-impl-btn window-scan hwnd=524752 total-btns=95
2026-05-05 10:26:00 | start-impl-btn doc-scan hwnd=68592 doc-btns=36
2026-05-05 10:26:00 | start-impl-btn window-scan hwnd=68592 total-btns=39
2026-05-05 10:26:00 | start-impl-btn doc-scan hwnd=199580 doc-btns=42
2026-05-05 10:26:00 | start-impl-btn window-scan hwnd=199580 total-btns=45
2026-05-05 10:26:01 | start-impl-probe ide-windows=3
2026-05-05 10:26:01 | start-impl-btn doc-scan hwnd=524752 doc-btns=92
2026-05-05 10:26:01 | start-impl-btn window-scan hwnd=524752 total-btns=95
2026-05-05 10:26:01 | start-impl-btn doc-scan hwnd=68592 doc-btns=36
2026-05-05 10:26:01 | start-impl-btn window-scan hwnd=68592 total-btns=39
2026-05-05 10:26:01 | start-impl-btn doc-scan hwnd=199580 doc-btns=42
2026-05-05 10:26:01 | start-impl-btn window-scan hwnd=199580 total-btns=45
2026-05-05 10:26:02 | start-impl-probe ide-windows=3
2026-05-05 10:26:02 | start-impl-btn doc-scan hwnd=524752 doc-btns=92
2026-05-05 10:26:02 | start-impl-btn window-scan hwnd=524752 total-btns=95
2026-05-05 10:26:02 | start-impl-btn doc-scan hwnd=68592 doc-btns=36
2026-05-05 10:26:02 | start-impl-btn window-scan hwnd=68592 total-btns=39
2026-05-05 10:26:02 | start-impl-btn doc-scan hwnd=199580 doc-btns=42
2026-05-05 10:26:02 | start-impl-btn window-scan hwnd=199580 total-btns=45
2026-05-05 10:26:03 | start-impl-probe ide-windows=3
2026-05-05 10:26:03 | start-impl-btn doc-scan hwnd=524752 doc-btns=92
2026-05-05 10:26:03 | start-impl-btn window-scan hwnd=524752 total-btns=95
2026-05-05 10:26:03 | start-impl-btn doc-scan hwnd=68592 doc-btns=36
2026-05-05 10:26:03 | start-impl-btn window-scan hwnd=68592 total-btns=39
2026-05-05 10:26:03 | start-impl-btn doc-scan hwnd=199580 doc-btns=42
2026-05-05 10:26:03 | start-impl-btn window-scan hwnd=199580 total-btns=45
2026-05-05 10:26:04 | start-impl-probe ide-windows=3
2026-05-05 10:26:04 | start-impl-btn doc-scan hwnd=524752 doc-btns=92
2026-05-05 10:26:04 | start-impl-btn window-scan hwnd=524752 total-btns=95
2026-05-05 10:26:04 | start-impl-btn doc-scan hwnd=68592 doc-btns=36
2026-05-05 10:26:04 | start-impl-btn window-scan hwnd=68592 total-btns=39
2026-05-05 10:26:04 | start-impl-btn doc-scan hwnd=199580 doc-btns=42
2026-05-05 10:26:04 | start-impl-btn window-scan hwnd=199580 total-btns=45
2026-05-05 10:26:05 | start-impl-probe ide-windows=3
2026-05-05 10:26:05 | start-impl-btn doc-scan hwnd=524752 doc-btns=92
2026-05-05 10:26:05 | start-impl-btn window-scan hwnd=524752 total-btns=95
2026-05-05 10:26:05 | start-impl-btn doc-scan hwnd=68592 doc-btns=36
2026-05-05 10:26:05 | start-impl-btn window-scan hwnd=68592 total-btns=39
2026-05-05 10:26:05 | start-impl-btn doc-scan hwnd=199580 doc-btns=42
2026-05-05 10:26:05 | start-impl-btn window-scan hwnd=199580 total-btns=45
2026-05-05 10:26:06 | start-impl-probe ide-windows=3
2026-05-05 10:26:06 | start-impl-btn doc-scan hwnd=524752 doc-btns=92
2026-05-05 10:26:06 | start-impl-btn window-scan hwnd=524752 total-btns=95
2026-05-05 10:26:06 | start-impl-btn doc-scan hwnd=68592 doc-btns=36
2026-05-05 10:26:06 | start-impl-btn window-scan hwnd=68592 total-btns=39
2026-05-05 10:26:06 | start-impl-btn doc-scan hwnd=199580 doc-btns=42
2026-05-05 10:26:06 | start-impl-btn window-scan hwnd=199580 total-btns=45
2026-05-05 10:26:07 | start-impl-probe ide-windows=3
2026-05-05 10:26:07 | start-impl-btn doc-scan hwnd=524752 doc-btns=92
2026-05-05 10:26:07 | start-impl-btn window-scan hwnd=524752 total-btns=95
2026-05-05 10:26:07 | start-impl-btn doc-scan hwnd=68592 doc-btns=36
2026-05-05 10:26:07 | start-impl-btn window-scan hwnd=68592 total-btns=39
2026-05-05 10:26:07 | start-impl-btn doc-scan hwnd=199580 doc-btns=42
2026-05-05 10:26:07 | start-impl-btn window-scan hwnd=199580 total-btns=45
2026-05-05 10:26:07 | start-impl-probe ide-windows=3
2026-05-05 10:26:08 | start-impl-btn doc-scan hwnd=524752 doc-btns=92
2026-05-05 10:26:08 | start-impl-btn window-scan hwnd=524752 total-btns=95
2026-05-05 10:26:08 | start-impl-btn doc-scan hwnd=68592 doc-btns=36
2026-05-05 10:26:08 | start-impl-btn window-scan hwnd=68592 total-btns=39
2026-05-05 10:26:08 | start-impl-btn doc-scan hwnd=199580 doc-btns=42
2026-05-05 10:26:08 | start-impl-btn window-scan hwnd=199580 total-btns=45
2026-05-05 10:26:08 | start-impl-probe ide-windows=3
2026-05-05 10:26:08 | start-impl-btn doc-scan hwnd=524752 doc-btns=92
2026-05-05 10:26:08 | start-impl-btn window-scan hwnd=524752 total-btns=95
2026-05-05 10:26:08 | start-impl-btn doc-scan hwnd=68592 doc-btns=36
2026-05-05 10:26:08 | start-impl-btn window-scan hwnd=68592 total-btns=39
2026-05-05 10:26:09 | start-impl-btn doc-scan hwnd=199580 doc-btns=42
2026-05-05 10:26:09 | start-impl-btn window-scan hwnd=199580 total-btns=45
2026-05-05 10:26:09 | start-impl-probe ide-windows=3
2026-05-05 10:26:09 | start-impl-btn doc-scan hwnd=524752 doc-btns=92
2026-05-05 10:26:09 | start-impl-btn window-scan hwnd=524752 total-btns=95
2026-05-05 10:26:09 | start-impl-btn doc-scan hwnd=68592 doc-btns=36
2026-05-05 10:26:09 | start-impl-btn window-scan hwnd=68592 total-btns=39
2026-05-05 10:26:09 | start-impl-btn doc-scan hwnd=199580 doc-btns=42
2026-05-05 10:26:09 | start-impl-btn window-scan hwnd=199580 total-btns=45
2026-05-05 10:26:10 | start-impl-probe ide-windows=3
2026-05-05 10:26:10 | start-impl-btn doc-scan hwnd=524752 doc-btns=92
2026-05-05 10:26:10 | start-impl-btn window-scan hwnd=524752 total-btns=95
2026-05-05 10:26:10 | start-impl-btn doc-scan hwnd=68592 doc-btns=36
2026-05-05 10:26:10 | start-impl-btn window-scan hwnd=68592 total-btns=39
2026-05-05 10:26:10 | start-impl-btn doc-scan hwnd=199580 doc-btns=42
2026-05-05 10:26:10 | start-impl-btn window-scan hwnd=199580 total-btns=45
2026-05-05 10:26:11 | start-impl-probe ide-windows=3
2026-05-05 10:26:11 | start-impl-btn doc-scan hwnd=524752 doc-btns=92
2026-05-05 10:26:11 | start-impl-btn window-scan hwnd=524752 total-btns=95
2026-05-05 10:26:11 | start-impl-btn doc-scan hwnd=68592 doc-btns=36
2026-05-05 10:26:11 | start-impl-btn window-scan hwnd=68592 total-btns=39
2026-05-05 10:26:11 | start-impl-btn doc-scan hwnd=199580 doc-btns=42
2026-05-05 10:26:11 | start-impl-btn window-scan hwnd=199580 total-btns=45
2026-05-05 10:26:12 | start-impl-probe ide-windows=3
2026-05-05 10:26:12 | start-impl-btn doc-scan hwnd=524752 doc-btns=92
2026-05-05 10:26:12 | start-impl-btn window-scan hwnd=524752 total-btns=95
2026-05-05 10:26:12 | start-impl-btn doc-scan hwnd=68592 doc-btns=36
2026-05-05 10:26:12 | start-impl-btn window-scan hwnd=68592 total-btns=39
2026-05-05 10:26:12 | start-impl-btn doc-scan hwnd=199580 doc-btns=42
2026-05-05 10:26:12 | start-impl-btn window-scan hwnd=199580 total-btns=45
2026-05-05 10:26:13 | start-impl-probe ide-windows=3
2026-05-05 10:26:13 | start-impl-btn doc-scan hwnd=524752 doc-btns=92
2026-05-05 10:26:13 | start-impl-btn window-scan hwnd=524752 total-btns=95
2026-05-05 10:26:13 | start-impl-btn doc-scan hwnd=68592 doc-btns=36
2026-05-05 10:26:13 | start-impl-btn window-scan hwnd=68592 total-btns=39
2026-05-05 10:26:13 | start-impl-btn doc-scan hwnd=199580 doc-btns=42
2026-05-05 10:26:13 | start-impl-btn window-scan hwnd=199580 total-btns=45
2026-05-05 10:26:14 | start-impl-probe ide-windows=3
2026-05-05 10:26:14 | start-impl-btn doc-scan hwnd=524752 doc-btns=92
2026-05-05 10:26:14 | start-impl-btn window-scan hwnd=524752 total-btns=95
2026-05-05 10:26:14 | start-impl-btn doc-scan hwnd=68592 doc-btns=36
2026-05-05 10:26:14 | start-impl-btn window-scan hwnd=68592 total-btns=39
2026-05-05 10:26:14 | start-impl-btn doc-scan hwnd=199580 doc-btns=42
2026-05-05 10:26:14 | start-impl-btn window-scan hwnd=199580 total-btns=45
2026-05-05 10:26:15 | start-impl-probe ide-windows=3
2026-05-05 10:26:15 | start-impl-btn doc-scan hwnd=524752 doc-btns=92
2026-05-05 10:26:15 | start-impl-btn window-scan hwnd=524752 total-btns=95
2026-05-05 10:26:15 | start-impl-btn doc-scan hwnd=68592 doc-btns=36
2026-05-05 10:26:15 | start-impl-btn window-scan hwnd=68592 total-btns=39
2026-05-05 10:26:15 | start-impl-btn doc-scan hwnd=199580 doc-btns=42
2026-05-05 10:26:15 | start-impl-btn window-scan hwnd=199580 total-btns=45
2026-05-05 10:26:16 | start-impl-probe ide-windows=3
2026-05-05 10:26:16 | start-impl-btn doc-scan hwnd=524752 doc-btns=92
2026-05-05 10:26:16 | start-impl-btn window-scan hwnd=524752 total-btns=95
2026-05-05 10:26:16 | start-impl-btn doc-scan hwnd=68592 doc-btns=36
2026-05-05 10:26:16 | start-impl-btn window-scan hwnd=68592 total-btns=39
2026-05-05 10:26:16 | start-impl-btn doc-scan hwnd=199580 doc-btns=42
2026-05-05 10:26:16 | start-impl-btn window-scan hwnd=199580 total-btns=45
2026-05-05 10:26:17 | start-impl-probe ide-windows=3
2026-05-05 10:26:17 | start-impl-btn doc-scan hwnd=524752 doc-btns=92
2026-05-05 10:26:17 | start-impl-btn window-scan hwnd=524752 total-btns=95
2026-05-05 10:26:17 | start-impl-btn doc-scan hwnd=68592 doc-btns=36
2026-05-05 10:26:17 | start-impl-btn window-scan hwnd=68592 total-btns=39
2026-05-05 10:26:17 | start-impl-btn doc-scan hwnd=199580 doc-btns=42
2026-05-05 10:26:17 | start-impl-btn window-scan hwnd=199580 total-btns=45
2026-05-05 10:26:17 | start-impl-probe ide-windows=3
2026-05-05 10:26:18 | start-impl-btn doc-scan hwnd=524752 doc-btns=92
2026-05-05 10:26:18 | start-impl-btn window-scan hwnd=524752 total-btns=95
2026-05-05 10:26:18 | start-impl-btn doc-scan hwnd=68592 doc-btns=36
2026-05-05 10:26:18 | start-impl-btn window-scan hwnd=68592 total-btns=39
2026-05-05 10:26:18 | start-impl-btn doc-scan hwnd=199580 doc-btns=42
2026-05-05 10:26:18 | start-impl-btn window-scan hwnd=199580 total-btns=45
2026-05-05 10:26:18 | start-impl-probe ide-windows=3
2026-05-05 10:26:18 | start-impl-btn doc-scan hwnd=524752 doc-btns=92
2026-05-05 10:26:18 | start-impl-btn window-scan hwnd=524752 total-btns=95
2026-05-05 10:26:18 | start-impl-btn doc-scan hwnd=68592 doc-btns=36
2026-05-05 10:26:18 | start-impl-btn window-scan hwnd=68592 total-btns=39
2026-05-05 10:26:19 | start-impl-btn doc-scan hwnd=199580 doc-btns=42
2026-05-05 10:26:19 | start-impl-btn window-scan hwnd=199580 total-btns=45
2026-05-05 10:26:19 | start-impl-probe ide-windows=3
2026-05-05 10:26:19 | start-impl-btn doc-scan hwnd=524752 doc-btns=92
2026-05-05 10:26:19 | start-impl-btn window-scan hwnd=524752 total-btns=95
2026-05-05 10:26:19 | start-impl-btn doc-scan hwnd=68592 doc-btns=36
2026-05-05 10:26:19 | start-impl-btn window-scan hwnd=68592 total-btns=39
2026-05-05 10:26:19 | start-impl-btn doc-scan hwnd=199580 doc-btns=42
2026-05-05 10:26:19 | start-impl-btn window-scan hwnd=199580 total-btns=45
2026-05-05 10:26:20 | start-impl-probe ide-windows=3
2026-05-05 10:26:20 | start-impl-btn doc-scan hwnd=524752 doc-btns=92
2026-05-05 10:26:20 | start-impl-btn window-scan hwnd=524752 total-btns=95
2026-05-05 10:26:20 | start-impl-btn doc-scan hwnd=68592 doc-btns=36
2026-05-05 10:26:20 | start-impl-btn window-scan hwnd=68592 total-btns=39
2026-05-05 10:26:20 | start-impl-btn doc-scan hwnd=199580 doc-btns=42
2026-05-05 10:26:20 | start-impl-btn window-scan hwnd=199580 total-btns=45
2026-05-05 10:26:21 | start-impl-probe ide-windows=3
2026-05-05 10:26:21 | start-impl-btn doc-scan hwnd=524752 doc-btns=92
2026-05-05 10:26:21 | start-impl-btn window-scan hwnd=524752 total-btns=95
2026-05-05 10:26:21 | start-impl-btn doc-scan hwnd=68592 doc-btns=36
2026-05-05 10:26:21 | start-impl-btn window-scan hwnd=68592 total-btns=39
2026-05-05 10:26:21 | start-impl-btn doc-scan hwnd=199580 doc-btns=42
2026-05-05 10:26:21 | start-impl-btn window-scan hwnd=199580 total-btns=45
2026-05-05 10:26:22 | start-impl-probe ide-windows=3
2026-05-05 10:26:22 | start-impl-btn doc-scan hwnd=524752 doc-btns=92
2026-05-05 10:26:22 | start-impl-btn window-scan hwnd=524752 total-btns=95
2026-05-05 10:26:22 | start-impl-btn doc-scan hwnd=68592 doc-btns=36
2026-05-05 10:26:22 | start-impl-btn window-scan hwnd=68592 total-btns=39
2026-05-05 10:26:22 | start-impl-btn doc-scan hwnd=199580 doc-btns=42
2026-05-05 10:26:22 | start-impl-btn window-scan hwnd=199580 total-btns=45
2026-05-05 10:26:23 | start-impl-probe ide-windows=3
2026-05-05 10:26:23 | start-impl-btn doc-scan hwnd=524752 doc-btns=92
2026-05-05 10:26:23 | start-impl-btn window-scan hwnd=524752 total-btns=95
2026-05-05 10:26:23 | start-impl-btn doc-scan hwnd=68592 doc-btns=36
2026-05-05 10:26:23 | start-impl-btn window-scan hwnd=68592 total-btns=39
2026-05-05 10:26:23 | start-impl-btn doc-scan hwnd=199580 doc-btns=42
2026-05-05 10:26:23 | start-impl-btn window-scan hwnd=199580 total-btns=45
2026-05-05 10:26:24 | start-impl-probe ide-windows=3
2026-05-05 10:26:24 | start-impl-btn doc-scan hwnd=524752 doc-btns=92
2026-05-05 10:26:24 | start-impl-btn window-scan hwnd=524752 total-btns=95
2026-05-05 10:26:24 | start-impl-btn doc-scan hwnd=68592 doc-btns=36
2026-05-05 10:26:24 | start-impl-btn window-scan hwnd=68592 total-btns=39
2026-05-05 10:26:24 | start-impl-btn doc-scan hwnd=199580 doc-btns=42
2026-05-05 10:26:24 | start-impl-btn window-scan hwnd=199580 total-btns=45
2026-05-05 10:26:25 | start-impl-probe ide-windows=3
2026-05-05 10:26:25 | start-impl-btn doc-scan hwnd=524752 doc-btns=92
2026-05-05 10:26:25 | start-impl-btn window-scan hwnd=524752 total-btns=95
2026-05-05 10:26:25 | start-impl-btn doc-scan hwnd=68592 doc-btns=36
2026-05-05 10:26:25 | start-impl-btn window-scan hwnd=68592 total-btns=39
2026-05-05 10:26:25 | start-impl-btn doc-scan hwnd=199580 doc-btns=42
2026-05-05 10:26:25 | start-impl-btn window-scan hwnd=199580 total-btns=45
2026-05-05 10:26:26 | start-impl-probe ide-windows=3
2026-05-05 10:26:26 | start-impl-btn doc-scan hwnd=524752 doc-btns=92
2026-05-05 10:26:26 | start-impl-btn window-scan hwnd=524752 total-btns=95
2026-05-05 10:26:26 | start-impl-btn doc-scan hwnd=68592 doc-btns=36
2026-05-05 10:26:26 | start-impl-btn window-scan hwnd=68592 total-btns=39
2026-05-05 10:26:26 | start-impl-btn doc-scan hwnd=199580 doc-btns=42
2026-05-05 10:26:26 | start-impl-btn window-scan hwnd=199580 total-btns=45
2026-05-05 10:26:27 | start-impl-probe ide-windows=3
2026-05-05 10:26:27 | start-impl-btn doc-scan hwnd=524752 doc-btns=92
2026-05-05 10:26:27 | start-impl-btn window-scan hwnd=524752 total-btns=95
2026-05-05 10:26:27 | start-impl-btn doc-scan hwnd=68592 doc-btns=36
2026-05-05 10:26:27 | start-impl-btn window-scan hwnd=68592 total-btns=39
2026-05-05 10:26:27 | start-impl-btn doc-scan hwnd=199580 doc-btns=42
2026-05-05 10:26:27 | start-impl-btn window-scan hwnd=199580 total-btns=45
2026-05-05 10:26:27 | start-impl-probe ide-windows=3
2026-05-05 10:26:27 | start-impl-btn doc-scan hwnd=524752 doc-btns=92
2026-05-05 10:26:27 | start-impl-btn window-scan hwnd=524752 total-btns=95
2026-05-05 10:26:28 | start-impl-btn doc-scan hwnd=68592 doc-btns=36
2026-05-05 10:26:28 | start-impl-btn window-scan hwnd=68592 total-btns=39
2026-05-05 10:26:28 | start-impl-btn doc-scan hwnd=199580 doc-btns=42
2026-05-05 10:26:28 | start-impl-btn window-scan hwnd=199580 total-btns=45
2026-05-05 10:26:28 | start-impl-probe ide-windows=3
2026-05-05 10:26:28 | start-impl-btn doc-scan hwnd=524752 doc-btns=92
2026-05-05 10:26:28 | start-impl-btn window-scan hwnd=524752 total-btns=95
2026-05-05 10:26:28 | start-impl-btn doc-scan hwnd=68592 doc-btns=36
2026-05-05 10:26:28 | start-impl-btn window-scan hwnd=68592 total-btns=39
2026-05-05 10:26:28 | start-impl-btn doc-scan hwnd=199580 doc-btns=42
2026-05-05 10:26:29 | start-impl-btn window-scan hwnd=199580 total-btns=45
2026-05-05 10:26:29 | start-impl-probe ide-windows=3
2026-05-05 10:26:29 | start-impl-btn doc-scan hwnd=524752 doc-btns=92
2026-05-05 10:26:29 | start-impl-btn window-scan hwnd=524752 total-btns=95
2026-05-05 10:26:29 | start-impl-btn doc-scan hwnd=68592 doc-btns=36
2026-05-05 10:26:29 | start-impl-btn window-scan hwnd=68592 total-btns=39
2026-05-05 10:26:29 | start-impl-btn doc-scan hwnd=199580 doc-btns=42
2026-05-05 10:26:29 | start-impl-btn window-scan hwnd=199580 total-btns=45
2026-05-05 10:26:30 | start-impl-probe ide-windows=3
2026-05-05 10:26:30 | start-impl-btn doc-scan hwnd=524752 doc-btns=92
2026-05-05 10:26:30 | start-impl-btn window-scan hwnd=524752 total-btns=95
2026-05-05 10:26:30 | start-impl-btn doc-scan hwnd=68592 doc-btns=36
2026-05-05 10:26:30 | start-impl-btn window-scan hwnd=68592 total-btns=39
2026-05-05 10:26:30 | start-impl-btn doc-scan hwnd=199580 doc-btns=42
2026-05-05 10:26:30 | start-impl-btn window-scan hwnd=199580 total-btns=45
2026-05-05 10:26:31 | start-impl-probe ide-windows=3
2026-05-05 10:26:31 | start-impl-btn doc-scan hwnd=524752 doc-btns=92
2026-05-05 10:26:31 | start-impl-btn window-scan hwnd=524752 total-btns=95
2026-05-05 10:26:31 | start-impl-btn doc-scan hwnd=68592 doc-btns=36
2026-05-05 10:26:31 | start-impl-btn window-scan hwnd=68592 total-btns=39
2026-05-05 10:26:31 | start-impl-btn doc-scan hwnd=199580 doc-btns=42
2026-05-05 10:26:32 | start-impl-btn window-scan hwnd=199580 total-btns=45
2026-05-05 10:26:32 | start-impl-probe ide-windows=3
2026-05-05 10:26:32 | start-impl-btn doc-scan hwnd=524752 doc-btns=92
2026-05-05 10:26:32 | start-impl-btn window-scan hwnd=524752 total-btns=95
2026-05-05 10:26:32 | start-impl-btn doc-scan hwnd=68592 doc-btns=36
2026-05-05 10:26:32 | start-impl-btn window-scan hwnd=68592 total-btns=39
2026-05-05 10:26:32 | start-impl-btn doc-scan hwnd=199580 doc-btns=42
2026-05-05 10:26:32 | start-impl-btn window-scan hwnd=199580 total-btns=45
2026-05-05 10:26:33 | start-impl-probe ide-windows=3
2026-05-05 10:26:33 | start-impl-btn doc-scan hwnd=524752 doc-btns=92
2026-05-05 10:26:33 | start-impl-btn window-scan hwnd=524752 total-btns=95
2026-05-05 10:26:33 | start-impl-btn doc-scan hwnd=68592 doc-btns=36
2026-05-05 10:26:33 | start-impl-btn window-scan hwnd=68592 total-btns=39
2026-05-05 10:26:33 | start-impl-btn doc-scan hwnd=199580 doc-btns=42
2026-05-05 10:26:33 | start-impl-btn window-scan hwnd=199580 total-btns=45
2026-05-05 10:26:34 | start-impl-probe ide-windows=3
2026-05-05 10:26:34 | start-impl-btn doc-scan hwnd=524752 doc-btns=92
2026-05-05 10:26:34 | start-impl-btn window-scan hwnd=524752 total-btns=95
2026-05-05 10:26:34 | start-impl-btn doc-scan hwnd=68592 doc-btns=36
2026-05-05 10:26:34 | start-impl-btn window-scan hwnd=68592 total-btns=39
2026-05-05 10:26:34 | start-impl-btn doc-scan hwnd=199580 doc-btns=42
2026-05-05 10:26:34 | start-impl-btn window-scan hwnd=199580 total-btns=45
2026-05-05 10:26:35 | start-impl-probe ide-windows=3
2026-05-05 10:26:35 | start-impl-btn doc-scan hwnd=524752 doc-btns=92
2026-05-05 10:26:35 | start-impl-btn window-scan hwnd=524752 total-btns=95
2026-05-05 10:26:35 | start-impl-btn doc-scan hwnd=68592 doc-btns=36
2026-05-05 10:26:35 | start-impl-btn window-scan hwnd=68592 total-btns=39
2026-05-05 10:26:35 | start-impl-btn doc-scan hwnd=199580 doc-btns=42
2026-05-05 10:26:35 | start-impl-btn window-scan hwnd=199580 total-btns=45
2026-05-05 10:26:36 | start-impl-probe ide-windows=3
2026-05-05 10:26:36 | start-impl-btn doc-scan hwnd=524752 doc-btns=92
2026-05-05 10:26:36 | start-impl-btn window-scan hwnd=524752 total-btns=95
2026-05-05 10:26:36 | start-impl-btn doc-scan hwnd=68592 doc-btns=36
2026-05-05 10:26:36 | start-impl-btn window-scan hwnd=68592 total-btns=39
2026-05-05 10:26:36 | start-impl-btn doc-scan hwnd=199580 doc-btns=42
2026-05-05 10:26:36 | start-impl-btn window-scan hwnd=199580 total-btns=45
2026-05-05 10:26:37 | start-impl-probe ide-windows=3
2026-05-05 10:26:37 | start-impl-btn doc-scan hwnd=524752 doc-btns=92
2026-05-05 10:26:37 | start-impl-btn window-scan hwnd=524752 total-btns=95
2026-05-05 10:26:37 | start-impl-btn doc-scan hwnd=68592 doc-btns=36
2026-05-05 10:26:37 | start-impl-btn window-scan hwnd=68592 total-btns=39
2026-05-05 10:26:37 | start-impl-btn doc-scan hwnd=199580 doc-btns=42
2026-05-05 10:26:37 | start-impl-btn window-scan hwnd=199580 total-btns=45
2026-05-05 10:26:37 | start-impl-probe ide-windows=3
2026-05-05 10:26:37 | start-impl-btn doc-scan hwnd=524752 doc-btns=92
2026-05-05 10:26:38 | start-impl-btn window-scan hwnd=524752 total-btns=95
2026-05-05 10:26:38 | start-impl-btn doc-scan hwnd=68592 doc-btns=36
2026-05-05 10:26:38 | start-impl-btn window-scan hwnd=68592 total-btns=39
2026-05-05 10:26:38 | start-impl-btn doc-scan hwnd=199580 doc-btns=42
2026-05-05 10:26:38 | start-impl-btn window-scan hwnd=199580 total-btns=45
2026-05-05 10:26:38 | start-impl-probe ide-windows=3
2026-05-05 10:26:38 | start-impl-btn doc-scan hwnd=524752 doc-btns=92
2026-05-05 10:26:38 | start-impl-btn window-scan hwnd=524752 total-btns=95
2026-05-05 10:26:39 | start-impl-btn doc-scan hwnd=68592 doc-btns=36
2026-05-05 10:26:39 | start-impl-btn window-scan hwnd=68592 total-btns=39
2026-05-05 10:26:39 | start-impl-btn doc-scan hwnd=199580 doc-btns=42
2026-05-05 10:26:39 | start-impl-btn window-scan hwnd=199580 total-btns=45
2026-05-05 10:26:39 | start-impl-probe ide-windows=3
2026-05-05 10:26:39 | start-impl-btn doc-scan hwnd=524752 doc-btns=92
2026-05-05 10:26:39 | start-impl-btn window-scan hwnd=524752 total-btns=95
2026-05-05 10:26:39 | start-impl-btn doc-scan hwnd=68592 doc-btns=36
2026-05-05 10:26:40 | start-impl-btn window-scan hwnd=68592 total-btns=39
2026-05-05 10:26:40 | start-impl-btn doc-scan hwnd=199580 doc-btns=42
2026-05-05 10:26:40 | start-impl-btn window-scan hwnd=199580 total-btns=45
2026-05-05 10:26:40 | start-impl-probe ide-windows=3
2026-05-05 10:26:40 | start-impl-btn doc-scan hwnd=524752 doc-btns=92
2026-05-05 10:26:40 | start-impl-btn window-scan hwnd=524752 total-btns=95
2026-05-05 10:26:40 | start-impl-btn doc-scan hwnd=68592 doc-btns=36
2026-05-05 10:26:40 | start-impl-btn window-scan hwnd=68592 total-btns=39
2026-05-05 10:26:40 | start-impl-btn doc-scan hwnd=199580 doc-btns=42
2026-05-05 10:26:40 | start-impl-btn window-scan hwnd=199580 total-btns=45
2026-05-05 10:26:41 | start-impl-probe ide-windows=3
2026-05-05 10:26:41 | start-impl-btn doc-scan hwnd=524752 doc-btns=92
2026-05-05 10:26:41 | start-impl-btn window-scan hwnd=524752 total-btns=95
2026-05-05 10:26:41 | start-impl-btn doc-scan hwnd=68592 doc-btns=36
2026-05-05 10:26:41 | start-impl-btn window-scan hwnd=68592 total-btns=39
2026-05-05 10:26:41 | start-impl-btn doc-scan hwnd=199580 doc-btns=42
2026-05-05 10:26:41 | start-impl-btn window-scan hwnd=199580 total-btns=45
2026-05-05 10:26:42 | start-impl-probe ide-windows=3
2026-05-05 10:26:42 | start-impl-btn doc-scan hwnd=524752 doc-btns=92
2026-05-05 10:26:42 | start-impl-btn window-scan hwnd=524752 total-btns=95
2026-05-05 10:26:42 | start-impl-btn doc-scan hwnd=68592 doc-btns=36
2026-05-05 10:26:42 | start-impl-btn window-scan hwnd=68592 total-btns=39
2026-05-05 10:26:42 | start-impl-btn doc-scan hwnd=199580 doc-btns=42
2026-05-05 10:26:42 | start-impl-btn window-scan hwnd=199580 total-btns=45
2026-05-05 10:26:43 | start-impl-probe ide-windows=3
2026-05-05 10:26:43 | start-impl-btn doc-scan hwnd=524752 doc-btns=92
2026-05-05 10:26:43 | start-impl-btn window-scan hwnd=524752 total-btns=95
2026-05-05 10:26:43 | start-impl-btn doc-scan hwnd=68592 doc-btns=36
2026-05-05 10:26:43 | start-impl-btn window-scan hwnd=68592 total-btns=39
2026-05-05 10:26:43 | start-impl-btn doc-scan hwnd=199580 doc-btns=42
2026-05-05 10:26:43 | start-impl-btn window-scan hwnd=199580 total-btns=45
2026-05-05 10:26:44 | start-impl-probe ide-windows=3
2026-05-05 10:26:44 | start-impl-btn doc-scan hwnd=524752 doc-btns=92
2026-05-05 10:26:44 | start-impl-btn window-scan hwnd=524752 total-btns=95
2026-05-05 10:26:44 | start-impl-btn doc-scan hwnd=68592 doc-btns=36
2026-05-05 10:26:44 | start-impl-btn window-scan hwnd=68592 total-btns=39
2026-05-05 10:26:44 | start-impl-btn doc-scan hwnd=199580 doc-btns=42
2026-05-05 10:26:44 | start-impl-btn window-scan hwnd=199580 total-btns=45
2026-05-05 10:26:45 | start-impl-probe ide-windows=3
2026-05-05 10:26:45 | start-impl-btn doc-scan hwnd=524752 doc-btns=92
2026-05-05 10:26:45 | start-impl-btn window-scan hwnd=524752 total-btns=95
2026-05-05 10:26:45 | start-impl-btn doc-scan hwnd=68592 doc-btns=36
2026-05-05 10:26:45 | start-impl-btn window-scan hwnd=68592 total-btns=39
2026-05-05 10:26:45 | start-impl-btn doc-scan hwnd=199580 doc-btns=42
2026-05-05 10:26:45 | start-impl-btn window-scan hwnd=199580 total-btns=45
2026-05-05 10:26:46 | start-impl-probe ide-windows=3
2026-05-05 10:26:46 | start-impl-btn doc-scan hwnd=524752 doc-btns=92
2026-05-05 10:26:46 | start-impl-btn window-scan hwnd=524752 total-btns=95
2026-05-05 10:26:46 | start-impl-btn doc-scan hwnd=68592 doc-btns=36
2026-05-05 10:26:46 | start-impl-btn window-scan hwnd=68592 total-btns=39
2026-05-05 10:26:46 | start-impl-btn doc-scan hwnd=199580 doc-btns=42
2026-05-05 10:26:46 | start-impl-btn window-scan hwnd=199580 total-btns=45
2026-05-05 10:26:47 | start-impl-probe ide-windows=3
2026-05-05 10:26:47 | start-impl-btn doc-scan hwnd=524752 doc-btns=92
2026-05-05 10:26:47 | start-impl-btn window-scan hwnd=524752 total-btns=95
2026-05-05 10:26:47 | start-impl-btn doc-scan hwnd=68592 doc-btns=36
2026-05-05 10:26:47 | start-impl-btn window-scan hwnd=68592 total-btns=39
2026-05-05 10:26:47 | start-impl-btn doc-scan hwnd=199580 doc-btns=42
2026-05-05 10:26:47 | start-impl-btn window-scan hwnd=199580 total-btns=45
2026-05-05 10:26:47 | start-impl-probe ide-windows=3
2026-05-05 10:26:47 | start-impl-btn doc-scan hwnd=524752 doc-btns=92
2026-05-05 10:26:48 | start-impl-btn window-scan hwnd=524752 total-btns=95
2026-05-05 10:26:48 | start-impl-btn doc-scan hwnd=68592 doc-btns=36
2026-05-05 10:26:48 | start-impl-btn window-scan hwnd=68592 total-btns=39
2026-05-05 10:26:48 | start-impl-btn doc-scan hwnd=199580 doc-btns=42
2026-05-05 10:26:48 | start-impl-btn window-scan hwnd=199580 total-btns=45
2026-05-05 10:26:48 | start-impl-probe ide-windows=3
2026-05-05 10:26:48 | start-impl-btn doc-scan hwnd=524752 doc-btns=92
2026-05-05 10:26:48 | start-impl-btn window-scan hwnd=524752 total-btns=95
2026-05-05 10:26:48 | start-impl-btn doc-scan hwnd=68592 doc-btns=36
2026-05-05 10:26:49 | start-impl-btn window-scan hwnd=68592 total-btns=39
2026-05-05 10:26:49 | start-impl-btn doc-scan hwnd=199580 doc-btns=42
2026-05-05 10:26:49 | start-impl-btn window-scan hwnd=199580 total-btns=45
2026-05-05 10:26:49 | start-impl-probe ide-windows=3
2026-05-05 10:26:49 | start-impl-btn doc-scan hwnd=524752 doc-btns=92
2026-05-05 10:26:49 | start-impl-btn window-scan hwnd=524752 total-btns=95
2026-05-05 10:26:49 | start-impl-btn doc-scan hwnd=68592 doc-btns=36
2026-05-05 10:26:49 | start-impl-btn window-scan hwnd=68592 total-btns=39
2026-05-05 10:26:50 | start-impl-btn doc-scan hwnd=199580 doc-btns=42
2026-05-05 10:26:50 | start-impl-btn window-scan hwnd=199580 total-btns=45
2026-05-05 10:26:50 | start-impl-probe ide-windows=3
2026-05-05 10:26:50 | start-impl-btn doc-scan hwnd=524752 doc-btns=92
2026-05-05 10:26:50 | start-impl-btn window-scan hwnd=524752 total-btns=95
2026-05-05 10:26:50 | start-impl-btn doc-scan hwnd=68592 doc-btns=36
2026-05-05 10:26:50 | start-impl-btn window-scan hwnd=68592 total-btns=39
2026-05-05 10:26:50 | start-impl-btn doc-scan hwnd=199580 doc-btns=42
2026-05-05 10:26:50 | start-impl-btn window-scan hwnd=199580 total-btns=45
2026-05-05 10:26:51 | start-impl-probe ide-windows=3
2026-05-05 10:26:51 | start-impl-btn doc-scan hwnd=524752 doc-btns=92
2026-05-05 10:26:51 | start-impl-btn window-scan hwnd=524752 total-btns=95
2026-05-05 10:26:51 | start-impl-btn doc-scan hwnd=68592 doc-btns=36
2026-05-05 10:26:51 | start-impl-btn window-scan hwnd=68592 total-btns=39
2026-05-05 10:26:51 | start-impl-btn doc-scan hwnd=199580 doc-btns=42
2026-05-05 10:26:51 | start-impl-btn window-scan hwnd=199580 total-btns=45
2026-05-05 10:26:52 | start-impl-probe ide-windows=3
2026-05-05 10:26:52 | start-impl-btn doc-scan hwnd=524752 doc-btns=92
2026-05-05 10:26:52 | start-impl-btn window-scan hwnd=524752 total-btns=95
2026-05-05 10:26:52 | start-impl-btn doc-scan hwnd=68592 doc-btns=36
2026-05-05 10:26:52 | start-impl-btn window-scan hwnd=68592 total-btns=39
2026-05-05 10:26:52 | start-impl-btn doc-scan hwnd=199580 doc-btns=42
2026-05-05 10:26:52 | start-impl-btn window-scan hwnd=199580 total-btns=45
2026-05-05 10:26:53 | start-impl-probe ide-windows=3
2026-05-05 10:26:53 | start-impl-btn doc-scan hwnd=524752 doc-btns=92
2026-05-05 10:26:53 | start-impl-btn window-scan hwnd=524752 total-btns=95
2026-05-05 10:26:53 | start-impl-btn doc-scan hwnd=68592 doc-btns=36
2026-05-05 10:26:53 | start-impl-btn window-scan hwnd=68592 total-btns=39
2026-05-05 10:26:53 | start-impl-btn doc-scan hwnd=199580 doc-btns=42
2026-05-05 10:26:53 | start-impl-btn window-scan hwnd=199580 total-btns=45
2026-05-05 10:26:54 | start-impl-probe ide-windows=3
2026-05-05 10:26:54 | start-impl-btn doc-scan hwnd=524752 doc-btns=92
2026-05-05 10:26:54 | start-impl-btn window-scan hwnd=524752 total-btns=95
2026-05-05 10:26:54 | start-impl-btn doc-scan hwnd=68592 doc-btns=36
2026-05-05 10:26:54 | start-impl-btn window-scan hwnd=68592 total-btns=39
2026-05-05 10:26:54 | start-impl-btn doc-scan hwnd=199580 doc-btns=42
2026-05-05 10:26:54 | start-impl-btn window-scan hwnd=199580 total-btns=45
2026-05-05 10:26:55 | start-impl-probe ide-windows=3
2026-05-05 10:26:55 | start-impl-btn doc-scan hwnd=524752 doc-btns=92
2026-05-05 10:26:55 | start-impl-btn window-scan hwnd=524752 total-btns=95
2026-05-05 10:26:55 | start-impl-btn doc-scan hwnd=68592 doc-btns=36
2026-05-05 10:26:55 | start-impl-btn window-scan hwnd=68592 total-btns=39
2026-05-05 10:26:55 | start-impl-btn doc-scan hwnd=199580 doc-btns=42
2026-05-05 10:26:55 | start-impl-btn window-scan hwnd=199580 total-btns=45
2026-05-05 10:26:56 | start-impl-probe ide-windows=3
2026-05-05 10:26:56 | start-impl-btn doc-scan hwnd=524752 doc-btns=92
2026-05-05 10:26:56 | start-impl-btn window-scan hwnd=524752 total-btns=95
2026-05-05 10:26:56 | start-impl-btn doc-scan hwnd=68592 doc-btns=36
2026-05-05 10:26:56 | start-impl-btn window-scan hwnd=68592 total-btns=39
2026-05-05 10:26:56 | start-impl-btn doc-scan hwnd=199580 doc-btns=42
2026-05-05 10:26:56 | start-impl-btn window-scan hwnd=199580 total-btns=45
2026-05-05 10:26:56 | start-impl-probe ide-windows=3
2026-05-05 10:26:57 | start-impl-btn doc-scan hwnd=524752 doc-btns=92
2026-05-05 10:26:57 | start-impl-btn window-scan hwnd=524752 total-btns=95
2026-05-05 10:26:57 | start-impl-btn doc-scan hwnd=68592 doc-btns=36
2026-05-05 10:26:57 | start-impl-btn window-scan hwnd=68592 total-btns=39
2026-05-05 10:26:57 | start-impl-btn doc-scan hwnd=199580 doc-btns=42
2026-05-05 10:26:57 | start-impl-btn window-scan hwnd=199580 total-btns=45
2026-05-05 10:26:57 | start-impl-probe ide-windows=3
2026-05-05 10:26:57 | start-impl-btn doc-scan hwnd=524752 doc-btns=92
2026-05-05 10:26:57 | start-impl-btn window-scan hwnd=524752 total-btns=95
2026-05-05 10:26:57 | start-impl-btn doc-scan hwnd=68592 doc-btns=36
2026-05-05 10:26:57 | start-impl-btn window-scan hwnd=68592 total-btns=39
2026-05-05 10:26:58 | start-impl-btn doc-scan hwnd=199580 doc-btns=42
2026-05-05 10:26:58 | start-impl-btn window-scan hwnd=199580 total-btns=45
2026-05-05 10:26:58 | start-impl-probe ide-windows=3
2026-05-05 10:26:58 | start-impl-btn doc-scan hwnd=524752 doc-btns=92
2026-05-05 10:26:58 | start-impl-btn window-scan hwnd=524752 total-btns=95
2026-05-05 10:26:58 | start-impl-btn doc-scan hwnd=68592 doc-btns=36
2026-05-05 10:26:58 | start-impl-btn window-scan hwnd=68592 total-btns=39
2026-05-05 10:26:58 | start-impl-btn doc-scan hwnd=199580 doc-btns=42
2026-05-05 10:26:58 | start-impl-btn window-scan hwnd=199580 total-btns=45
2026-05-05 10:26:59 | start-impl-probe ide-windows=3
2026-05-05 10:26:59 | start-impl-btn doc-scan hwnd=524752 doc-btns=92
2026-05-05 10:26:59 | start-impl-btn window-scan hwnd=524752 total-btns=95
2026-05-05 10:26:59 | start-impl-btn doc-scan hwnd=68592 doc-btns=36
2026-05-05 10:26:59 | start-impl-btn window-scan hwnd=68592 total-btns=39
2026-05-05 10:26:59 | start-impl-btn doc-scan hwnd=199580 doc-btns=42
2026-05-05 10:26:59 | start-impl-btn window-scan hwnd=199580 total-btns=45
2026-05-05 10:27:00 | start-impl-probe ide-windows=3
2026-05-05 10:27:00 | start-impl-btn doc-scan hwnd=524752 doc-btns=92
2026-05-05 10:27:00 | start-impl-btn window-scan hwnd=524752 total-btns=95
2026-05-05 10:27:00 | start-impl-btn doc-scan hwnd=68592 doc-btns=36
2026-05-05 10:27:00 | start-impl-btn window-scan hwnd=68592 total-btns=39
2026-05-05 10:27:00 | start-impl-btn doc-scan hwnd=199580 doc-btns=42
2026-05-05 10:27:00 | start-impl-btn window-scan hwnd=199580 total-btns=45
2026-05-05 10:27:01 | start-impl-probe ide-windows=3
2026-05-05 10:27:01 | start-impl-btn doc-scan hwnd=524752 doc-btns=92
2026-05-05 10:27:01 | start-impl-btn window-scan hwnd=524752 total-btns=95
2026-05-05 10:27:01 | start-impl-btn doc-scan hwnd=68592 doc-btns=36
2026-05-05 10:27:01 | start-impl-btn window-scan hwnd=68592 total-btns=39
2026-05-05 10:27:01 | start-impl-btn doc-scan hwnd=199580 doc-btns=42
2026-05-05 10:27:01 | start-impl-btn window-scan hwnd=199580 total-btns=45
2026-05-05 10:27:02 | start-impl-probe ide-windows=3
2026-05-05 10:27:02 | start-impl-btn doc-scan hwnd=524752 doc-btns=92
2026-05-05 10:27:02 | start-impl-btn window-scan hwnd=524752 total-btns=95
2026-05-05 10:27:02 | start-impl-btn doc-scan hwnd=68592 doc-btns=36
2026-05-05 10:27:02 | start-impl-btn window-scan hwnd=68592 total-btns=39
2026-05-05 10:27:02 | start-impl-btn doc-scan hwnd=199580 doc-btns=42
2026-05-05 10:27:02 | start-impl-btn window-scan hwnd=199580 total-btns=45
2026-05-05 10:27:03 | start-impl-probe ide-windows=3
2026-05-05 10:27:03 | start-impl-btn doc-scan hwnd=524752 doc-btns=92
2026-05-05 10:27:03 | start-impl-btn window-scan hwnd=524752 total-btns=95
2026-05-05 10:27:03 | start-impl-btn doc-scan hwnd=68592 doc-btns=36
2026-05-05 10:27:03 | start-impl-btn window-scan hwnd=68592 total-btns=39
2026-05-05 10:27:03 | start-impl-btn doc-scan hwnd=199580 doc-btns=42
2026-05-05 10:27:03 | start-impl-btn window-scan hwnd=199580 total-btns=45
2026-05-05 10:27:04 | start-impl-probe ide-windows=3
2026-05-05 10:27:04 | start-impl-btn doc-scan hwnd=524752 doc-btns=92
2026-05-05 10:27:04 | start-impl-btn window-scan hwnd=524752 total-btns=95
2026-05-05 10:27:04 | start-impl-btn doc-scan hwnd=68592 doc-btns=36
2026-05-05 10:27:04 | start-impl-btn window-scan hwnd=68592 total-btns=39
2026-05-05 10:27:04 | start-impl-btn doc-scan hwnd=199580 doc-btns=42
2026-05-05 10:27:04 | start-impl-btn window-scan hwnd=199580 total-btns=45
2026-05-05 10:27:05 | start-impl-probe ide-windows=3
2026-05-05 10:27:05 | start-impl-btn doc-scan hwnd=524752 doc-btns=92
2026-05-05 10:27:05 | start-impl-btn window-scan hwnd=524752 total-btns=95
2026-05-05 10:27:05 | start-impl-btn doc-scan hwnd=68592 doc-btns=36
2026-05-05 10:27:05 | start-impl-btn window-scan hwnd=68592 total-btns=39
2026-05-05 10:27:05 | start-impl-btn doc-scan hwnd=199580 doc-btns=42
2026-05-05 10:27:05 | start-impl-btn window-scan hwnd=199580 total-btns=45
2026-05-05 10:27:06 | start-impl-probe ide-windows=3
2026-05-05 10:27:06 | start-impl-btn doc-scan hwnd=524752 doc-btns=92
2026-05-05 10:27:06 | start-impl-btn window-scan hwnd=524752 total-btns=95
2026-05-05 10:27:06 | start-impl-btn doc-scan hwnd=68592 doc-btns=36
2026-05-05 10:27:06 | start-impl-btn window-scan hwnd=68592 total-btns=39
2026-05-05 10:27:06 | start-impl-btn doc-scan hwnd=199580 doc-btns=42
2026-05-05 10:27:06 | start-impl-btn window-scan hwnd=199580 total-btns=45
2026-05-05 10:27:06 | start-impl-probe ide-windows=3
2026-05-05 10:27:06 | start-impl-btn doc-scan hwnd=524752 doc-btns=92
2026-05-05 10:27:07 | start-impl-btn window-scan hwnd=524752 total-btns=95
2026-05-05 10:27:07 | start-impl-btn doc-scan hwnd=68592 doc-btns=36
2026-05-05 10:27:07 | start-impl-btn window-scan hwnd=68592 total-btns=39
2026-05-05 10:27:07 | start-impl-btn doc-scan hwnd=199580 doc-btns=42
2026-05-05 10:27:07 | start-impl-btn window-scan hwnd=199580 total-btns=45
2026-05-05 10:27:07 | start-impl-probe ide-windows=3
2026-05-05 10:27:07 | start-impl-btn doc-scan hwnd=524752 doc-btns=92
2026-05-05 10:27:07 | start-impl-btn window-scan hwnd=524752 total-btns=95
2026-05-05 10:27:07 | start-impl-btn doc-scan hwnd=68592 doc-btns=36
2026-05-05 10:27:08 | start-impl-btn window-scan hwnd=68592 total-btns=39
2026-05-05 10:27:08 | start-impl-btn doc-scan hwnd=199580 doc-btns=42
2026-05-05 10:27:08 | start-impl-btn window-scan hwnd=199580 total-btns=45
2026-05-05 10:27:08 | start-impl-probe ide-windows=3
2026-05-05 10:27:08 | start-impl-btn doc-scan hwnd=524752 doc-btns=92
2026-05-05 10:27:08 | start-impl-btn window-scan hwnd=524752 total-btns=95
2026-05-05 10:27:08 | start-impl-btn doc-scan hwnd=68592 doc-btns=36
2026-05-05 10:27:08 | start-impl-btn window-scan hwnd=68592 total-btns=39
2026-05-05 10:27:08 | start-impl-btn doc-scan hwnd=199580 doc-btns=42
2026-05-05 10:27:08 | start-impl-btn window-scan hwnd=199580 total-btns=45
2026-05-05 10:27:09 | start-impl-probe ide-windows=3
2026-05-05 10:27:09 | start-impl-btn doc-scan hwnd=524752 doc-btns=92
2026-05-05 10:27:09 | start-impl-btn window-scan hwnd=524752 total-btns=95
2026-05-05 10:27:09 | start-impl-btn doc-scan hwnd=68592 doc-btns=36
2026-05-05 10:27:09 | start-impl-btn window-scan hwnd=68592 total-btns=39
2026-05-05 10:27:09 | start-impl-btn doc-scan hwnd=199580 doc-btns=42
2026-05-05 10:27:09 | start-impl-btn window-scan hwnd=199580 total-btns=45
2026-05-05 10:27:10 | start-impl-probe ide-windows=3
2026-05-05 10:27:10 | start-impl-btn doc-scan hwnd=524752 doc-btns=92
2026-05-05 10:27:10 | start-impl-btn window-scan hwnd=524752 total-btns=95
2026-05-05 10:27:10 | start-impl-btn doc-scan hwnd=68592 doc-btns=36
2026-05-05 10:27:10 | start-impl-btn window-scan hwnd=68592 total-btns=39
2026-05-05 10:27:10 | start-impl-btn doc-scan hwnd=199580 doc-btns=42
2026-05-05 10:27:10 | start-impl-btn window-scan hwnd=199580 total-btns=45
2026-05-05 10:27:11 | start-impl-probe ide-windows=3
2026-05-05 10:27:11 | start-impl-btn doc-scan hwnd=524752 doc-btns=92
2026-05-05 10:27:11 | start-impl-btn window-scan hwnd=524752 total-btns=95
2026-05-05 10:27:11 | start-impl-btn doc-scan hwnd=68592 doc-btns=36
2026-05-05 10:27:11 | start-impl-btn window-scan hwnd=68592 total-btns=39
2026-05-05 10:27:11 | start-impl-btn doc-scan hwnd=199580 doc-btns=42
2026-05-05 10:27:11 | start-impl-btn window-scan hwnd=199580 total-btns=45
2026-05-05 10:27:12 | start-impl-probe ide-windows=3
2026-05-05 10:27:12 | start-impl-btn doc-scan hwnd=524752 doc-btns=92
2026-05-05 10:27:12 | start-impl-btn doc-scan hwnd=68592 doc-btns=36
2026-05-05 10:27:12 | start-impl-btn window-scan hwnd=68592 total-btns=39
2026-05-05 10:27:12 | start-impl-btn doc-scan hwnd=199580 doc-btns=42
2026-05-05 10:27:12 | start-impl-btn window-scan hwnd=199580 total-btns=45
2026-05-05 10:27:13 | start-impl-probe ide-windows=3
2026-05-05 10:27:13 | start-impl-btn doc-scan hwnd=524752 doc-btns=92
2026-05-05 10:27:13 | start-impl-btn window-scan hwnd=524752 total-btns=95
2026-05-05 10:27:13 | start-impl-btn doc-scan hwnd=68592 doc-btns=36
2026-05-05 10:27:13 | start-impl-btn window-scan hwnd=68592 total-btns=39
2026-05-05 10:27:13 | start-impl-btn doc-scan hwnd=199580 doc-btns=42
2026-05-05 10:27:13 | start-impl-btn window-scan hwnd=199580 total-btns=45
2026-05-05 10:27:14 | start-impl-probe ide-windows=3
2026-05-05 10:27:14 | start-impl-btn doc-scan hwnd=524752 doc-btns=92
2026-05-05 10:27:14 | start-impl-btn window-scan hwnd=524752 total-btns=95
2026-05-05 10:27:14 | start-impl-btn doc-scan hwnd=68592 doc-btns=36
2026-05-05 10:27:14 | start-impl-btn window-scan hwnd=68592 total-btns=39
2026-05-05 10:27:14 | start-impl-btn doc-scan hwnd=199580 doc-btns=42
2026-05-05 10:27:14 | start-impl-btn window-scan hwnd=199580 total-btns=45
2026-05-05 10:27:15 | start-impl-probe ide-windows=3
2026-05-05 10:27:15 | start-impl-btn doc-scan hwnd=524752 doc-btns=92
2026-05-05 10:27:15 | start-impl-btn window-scan hwnd=524752 total-btns=95
2026-05-05 10:27:15 | start-impl-btn doc-scan hwnd=68592 doc-btns=36
2026-05-05 10:27:15 | start-impl-btn window-scan hwnd=68592 total-btns=39
2026-05-05 10:27:15 | start-impl-btn doc-scan hwnd=199580 doc-btns=42
2026-05-05 10:27:15 | start-impl-btn window-scan hwnd=199580 total-btns=45
2026-05-05 10:27:16 | start-impl-probe ide-windows=3
2026-05-05 10:27:16 | start-impl-btn doc-scan hwnd=524752 doc-btns=92
2026-05-05 10:27:16 | start-impl-btn window-scan hwnd=524752 total-btns=95
2026-05-05 10:27:16 | start-impl-btn doc-scan hwnd=68592 doc-btns=36
2026-05-05 10:27:16 | start-impl-btn window-scan hwnd=68592 total-btns=39
2026-05-05 10:27:16 | start-impl-btn doc-scan hwnd=199580 doc-btns=42
2026-05-05 10:27:16 | start-impl-btn window-scan hwnd=199580 total-btns=45
2026-05-05 10:27:16 | start-impl-probe ide-windows=3
2026-05-05 10:27:16 | start-impl-btn doc-scan hwnd=524752 doc-btns=92
2026-05-05 10:27:16 | start-impl-btn window-scan hwnd=524752 total-btns=95
2026-05-05 10:27:17 | start-impl-btn doc-scan hwnd=68592 doc-btns=36
2026-05-05 10:27:17 | start-impl-btn window-scan hwnd=68592 total-btns=39
2026-05-05 10:27:17 | start-impl-btn doc-scan hwnd=199580 doc-btns=42
2026-05-05 10:27:17 | start-impl-btn window-scan hwnd=199580 total-btns=45
2026-05-05 10:27:17 | start-impl-probe ide-windows=3
2026-05-05 10:27:17 | start-impl-btn doc-scan hwnd=524752 doc-btns=92
2026-05-05 10:27:17 | start-impl-btn window-scan hwnd=524752 total-btns=95
2026-05-05 10:27:17 | start-impl-btn doc-scan hwnd=68592 doc-btns=36
2026-05-05 10:27:17 | start-impl-btn window-scan hwnd=68592 total-btns=39
2026-05-05 10:27:18 | start-impl-btn doc-scan hwnd=199580 doc-btns=42
2026-05-05 10:27:18 | start-impl-btn window-scan hwnd=199580 total-btns=45
2026-05-05 10:27:18 | start-impl-probe ide-windows=3
2026-05-05 10:27:18 | start-impl-btn doc-scan hwnd=524752 doc-btns=92
2026-05-05 10:27:18 | start-impl-btn window-scan hwnd=524752 total-btns=95
2026-05-05 10:27:18 | start-impl-btn doc-scan hwnd=68592 doc-btns=36
2026-05-05 10:27:18 | start-impl-btn window-scan hwnd=68592 total-btns=39
2026-05-05 10:27:18 | start-impl-btn doc-scan hwnd=199580 doc-btns=42
2026-05-05 10:27:18 | start-impl-btn window-scan hwnd=199580 total-btns=45
2026-05-05 10:27:19 | start-impl-probe ide-windows=3
2026-05-05 10:27:19 | start-impl-btn doc-scan hwnd=524752 doc-btns=92
2026-05-05 10:27:19 | start-impl-btn window-scan hwnd=524752 total-btns=95
2026-05-05 10:27:19 | start-impl-btn doc-scan hwnd=68592 doc-btns=36
2026-05-05 10:27:19 | start-impl-btn window-scan hwnd=68592 total-btns=39
2026-05-05 10:27:19 | start-impl-btn doc-scan hwnd=199580 doc-btns=42
2026-05-05 10:27:19 | start-impl-btn window-scan hwnd=199580 total-btns=45
2026-05-05 10:27:20 | start-impl-probe ide-windows=3
2026-05-05 10:27:20 | start-impl-btn doc-scan hwnd=524752 doc-btns=92
2026-05-05 10:27:20 | start-impl-btn window-scan hwnd=524752 total-btns=95
2026-05-05 10:27:20 | start-impl-btn doc-scan hwnd=68592 doc-btns=36
2026-05-05 10:27:20 | start-impl-btn window-scan hwnd=68592 total-btns=39
2026-05-05 10:27:20 | start-impl-btn doc-scan hwnd=199580 doc-btns=42
2026-05-05 10:27:20 | start-impl-btn window-scan hwnd=199580 total-btns=45
2026-05-05 10:27:21 | start-impl-probe ide-windows=3
2026-05-05 10:27:21 | start-impl-btn doc-scan hwnd=524752 doc-btns=92
2026-05-05 10:27:21 | start-impl-btn window-scan hwnd=524752 total-btns=95
2026-05-05 10:27:21 | start-impl-btn doc-scan hwnd=68592 doc-btns=36
2026-05-05 10:27:21 | start-impl-btn window-scan hwnd=68592 total-btns=39
2026-05-05 10:27:21 | start-impl-btn doc-scan hwnd=199580 doc-btns=42
2026-05-05 10:27:21 | start-impl-btn window-scan hwnd=199580 total-btns=45
2026-05-05 10:27:22 | start-impl-probe ide-windows=3
2026-05-05 10:27:22 | start-impl-btn doc-scan hwnd=524752 doc-btns=92
2026-05-05 10:27:22 | start-impl-btn window-scan hwnd=524752 total-btns=95
2026-05-05 10:27:22 | start-impl-btn doc-scan hwnd=68592 doc-btns=36
2026-05-05 10:27:22 | start-impl-btn window-scan hwnd=68592 total-btns=39
2026-05-05 10:27:22 | start-impl-btn doc-scan hwnd=199580 doc-btns=42
2026-05-05 10:27:22 | start-impl-btn window-scan hwnd=199580 total-btns=45
2026-05-05 10:27:23 | start-impl-probe ide-windows=3
2026-05-05 10:27:23 | start-impl-btn doc-scan hwnd=524752 doc-btns=92
2026-05-05 10:27:23 | start-impl-btn window-scan hwnd=524752 total-btns=95
2026-05-05 10:27:23 | start-impl-btn doc-scan hwnd=68592 doc-btns=36
2026-05-05 10:27:23 | start-impl-btn window-scan hwnd=68592 total-btns=39
2026-05-05 10:27:23 | start-impl-btn doc-scan hwnd=199580 doc-btns=42
2026-05-05 10:27:23 | start-impl-btn window-scan hwnd=199580 total-btns=45
2026-05-05 10:27:24 | start-impl-probe ide-windows=3
2026-05-05 10:27:24 | start-impl-btn doc-scan hwnd=524752 doc-btns=92
2026-05-05 10:27:24 | start-impl-btn window-scan hwnd=524752 total-btns=95
2026-05-05 10:27:24 | start-impl-btn doc-scan hwnd=68592 doc-btns=36
2026-05-05 10:27:24 | start-impl-btn window-scan hwnd=68592 total-btns=39
2026-05-05 10:27:24 | start-impl-btn doc-scan hwnd=199580 doc-btns=42
2026-05-05 10:27:24 | start-impl-btn window-scan hwnd=199580 total-btns=45
2026-05-05 10:27:25 | start-impl-probe ide-windows=3
2026-05-05 10:27:25 | start-impl-btn doc-scan hwnd=524752 doc-btns=92
2026-05-05 10:27:25 | start-impl-btn window-scan hwnd=524752 total-btns=95
2026-05-05 10:27:25 | start-impl-btn doc-scan hwnd=68592 doc-btns=36
2026-05-05 10:27:25 | start-impl-btn window-scan hwnd=68592 total-btns=39
2026-05-05 10:27:25 | start-impl-btn doc-scan hwnd=199580 doc-btns=42
2026-05-05 10:27:25 | start-impl-btn window-scan hwnd=199580 total-btns=45
2026-05-05 10:27:26 | start-impl-probe ide-windows=3
2026-05-05 10:27:26 | start-impl-btn doc-scan hwnd=524752 doc-btns=92
2026-05-05 10:27:26 | start-impl-btn window-scan hwnd=524752 total-btns=95
2026-05-05 10:27:26 | start-impl-btn doc-scan hwnd=68592 doc-btns=36
2026-05-05 10:27:26 | start-impl-btn window-scan hwnd=68592 total-btns=39
2026-05-05 10:27:26 | start-impl-btn doc-scan hwnd=199580 doc-btns=42
2026-05-05 10:27:26 | start-impl-btn window-scan hwnd=199580 total-btns=45
2026-05-05 10:27:26 | start-impl-probe ide-windows=3
2026-05-05 10:27:26 | start-impl-btn doc-scan hwnd=524752 doc-btns=92
2026-05-05 10:27:27 | start-impl-btn window-scan hwnd=524752 total-btns=95
2026-05-05 10:27:27 | start-impl-btn doc-scan hwnd=68592 doc-btns=36
2026-05-05 10:27:27 | start-impl-btn window-scan hwnd=68592 total-btns=39
2026-05-05 10:27:27 | start-impl-btn doc-scan hwnd=199580 doc-btns=42
2026-05-05 10:27:27 | start-impl-btn window-scan hwnd=199580 total-btns=45
2026-05-05 10:27:27 | start-impl-probe ide-windows=3
2026-05-05 10:27:27 | start-impl-btn doc-scan hwnd=524752 doc-btns=92
2026-05-05 10:27:27 | start-impl-btn window-scan hwnd=524752 total-btns=95
2026-05-05 10:27:27 | start-impl-btn doc-scan hwnd=68592 doc-btns=36
2026-05-05 10:27:27 | start-impl-btn window-scan hwnd=68592 total-btns=39
2026-05-05 10:27:27 | start-impl-btn doc-scan hwnd=199580 doc-btns=42
2026-05-05 10:27:28 | start-impl-btn window-scan hwnd=199580 total-btns=45
2026-05-05 10:27:28 | start-impl-probe ide-windows=3
2026-05-05 10:27:28 | start-impl-btn doc-scan hwnd=524752 doc-btns=92
2026-05-05 10:27:28 | start-impl-btn window-scan hwnd=524752 total-btns=95
2026-05-05 10:27:28 | start-impl-btn doc-scan hwnd=68592 doc-btns=36
2026-05-05 10:27:28 | start-impl-btn window-scan hwnd=68592 total-btns=39
2026-05-05 10:27:28 | start-impl-btn doc-scan hwnd=199580 doc-btns=42
2026-05-05 10:27:28 | start-impl-btn window-scan hwnd=199580 total-btns=45
2026-05-05 10:27:29 | start-impl-probe ide-windows=3
2026-05-05 10:27:29 | start-impl-btn doc-scan hwnd=524752 doc-btns=92
2026-05-05 10:27:29 | start-impl-btn window-scan hwnd=524752 total-btns=95
2026-05-05 10:27:29 | start-impl-btn doc-scan hwnd=68592 doc-btns=36
2026-05-05 10:27:29 | start-impl-btn window-scan hwnd=68592 total-btns=39
2026-05-05 10:27:29 | start-impl-btn doc-scan hwnd=199580 doc-btns=42
2026-05-05 10:27:29 | start-impl-btn window-scan hwnd=199580 total-btns=45
2026-05-05 10:27:30 | start-impl-probe ide-windows=3
2026-05-05 10:27:30 | start-impl-btn doc-scan hwnd=524752 doc-btns=92
2026-05-05 10:27:30 | start-impl-btn window-scan hwnd=524752 total-btns=95
2026-05-05 10:27:30 | start-impl-btn doc-scan hwnd=68592 doc-btns=36
2026-05-05 10:27:30 | start-impl-btn window-scan hwnd=68592 total-btns=39
2026-05-05 10:27:30 | start-impl-btn doc-scan hwnd=199580 doc-btns=42
2026-05-05 10:27:30 | start-impl-btn window-scan hwnd=199580 total-btns=45
2026-05-05 10:27:31 | start-impl-probe ide-windows=3
2026-05-05 10:27:31 | start-impl-btn doc-scan hwnd=524752 doc-btns=92
2026-05-05 10:27:31 | start-impl-btn window-scan hwnd=524752 total-btns=95
2026-05-05 10:27:31 | start-impl-btn doc-scan hwnd=68592 doc-btns=36
2026-05-05 10:27:31 | start-impl-btn window-scan hwnd=68592 total-btns=39
2026-05-05 10:27:31 | start-impl-btn doc-scan hwnd=199580 doc-btns=42
2026-05-05 10:27:31 | start-impl-btn window-scan hwnd=199580 total-btns=45
2026-05-05 10:27:32 | start-impl-probe ide-windows=3
2026-05-05 10:27:32 | start-impl-btn doc-scan hwnd=524752 doc-btns=92
2026-05-05 10:27:32 | start-impl-btn window-scan hwnd=524752 total-btns=95
2026-05-05 10:27:32 | start-impl-btn doc-scan hwnd=68592 doc-btns=36
2026-05-05 10:27:32 | start-impl-btn window-scan hwnd=68592 total-btns=39
2026-05-05 10:27:32 | start-impl-btn doc-scan hwnd=199580 doc-btns=42
2026-05-05 10:27:32 | start-impl-btn window-scan hwnd=199580 total-btns=45
2026-05-05 10:27:33 | start-impl-probe ide-windows=3
2026-05-05 10:27:33 | start-impl-btn doc-scan hwnd=524752 doc-btns=92
2026-05-05 10:27:33 | start-impl-btn window-scan hwnd=524752 total-btns=95
2026-05-05 10:27:33 | start-impl-btn doc-scan hwnd=68592 doc-btns=36
2026-05-05 10:27:33 | start-impl-btn window-scan hwnd=68592 total-btns=39
2026-05-05 10:27:33 | start-impl-btn doc-scan hwnd=199580 doc-btns=42
2026-05-05 10:27:33 | start-impl-btn window-scan hwnd=199580 total-btns=45
2026-05-05 10:27:34 | start-impl-probe ide-windows=3
2026-05-05 10:27:34 | start-impl-btn doc-scan hwnd=524752 doc-btns=92
2026-05-05 10:27:34 | start-impl-btn window-scan hwnd=524752 total-btns=95
2026-05-05 10:27:34 | start-impl-btn doc-scan hwnd=68592 doc-btns=36
2026-05-05 10:27:34 | start-impl-btn window-scan hwnd=68592 total-btns=39
2026-05-05 10:27:34 | start-impl-btn doc-scan hwnd=199580 doc-btns=42
2026-05-05 10:27:34 | start-impl-btn window-scan hwnd=199580 total-btns=45
2026-05-05 10:27:35 | start-impl-probe ide-windows=3
2026-05-05 10:27:35 | start-impl-btn doc-scan hwnd=524752 doc-btns=92
2026-05-05 10:27:35 | start-impl-btn window-scan hwnd=524752 total-btns=95
2026-05-05 10:27:35 | start-impl-btn doc-scan hwnd=68592 doc-btns=36
2026-05-05 10:27:35 | start-impl-btn window-scan hwnd=68592 total-btns=39
2026-05-05 10:27:35 | start-impl-btn doc-scan hwnd=199580 doc-btns=42
2026-05-05 10:27:35 | start-impl-btn window-scan hwnd=199580 total-btns=45
2026-05-05 10:27:36 | start-impl-probe ide-windows=3
2026-05-05 10:27:36 | start-impl-btn doc-scan hwnd=524752 doc-btns=92
2026-05-05 10:27:36 | start-impl-btn window-scan hwnd=524752 total-btns=95
2026-05-05 10:27:36 | start-impl-btn doc-scan hwnd=68592 doc-btns=36
2026-05-05 10:27:36 | start-impl-btn window-scan hwnd=68592 total-btns=39
2026-05-05 10:27:36 | start-impl-btn doc-scan hwnd=199580 doc-btns=42
2026-05-05 10:27:36 | start-impl-btn window-scan hwnd=199580 total-btns=45
2026-05-05 10:27:36 | start-impl-probe ide-windows=3
2026-05-05 10:27:36 | start-impl-btn doc-scan hwnd=524752 doc-btns=92
2026-05-05 10:27:36 | start-impl-btn window-scan hwnd=524752 total-btns=95
2026-05-05 10:27:37 | start-impl-btn doc-scan hwnd=68592 doc-btns=36
2026-05-05 10:27:37 | start-impl-btn window-scan hwnd=68592 total-btns=39
2026-05-05 10:27:37 | start-impl-btn doc-scan hwnd=199580 doc-btns=42
2026-05-05 10:27:37 | start-impl-btn window-scan hwnd=199580 total-btns=45
2026-05-05 10:27:37 | start-impl-probe ide-windows=3
2026-05-05 10:27:37 | start-impl-btn doc-scan hwnd=524752 doc-btns=92
2026-05-05 10:27:37 | start-impl-btn window-scan hwnd=524752 total-btns=95
2026-05-05 10:27:37 | start-impl-btn doc-scan hwnd=68592 doc-btns=36
2026-05-05 10:27:37 | start-impl-btn window-scan hwnd=68592 total-btns=39
2026-05-05 10:27:38 | start-impl-btn doc-scan hwnd=199580 doc-btns=42
2026-05-05 10:27:38 | start-impl-btn window-scan hwnd=199580 total-btns=45
2026-05-05 10:27:38 | start-impl-probe ide-windows=3
2026-05-05 10:27:38 | start-impl-btn doc-scan hwnd=524752 doc-btns=92
2026-05-05 10:27:38 | start-impl-btn window-scan hwnd=524752 total-btns=95
2026-05-05 10:27:38 | start-impl-btn doc-scan hwnd=68592 doc-btns=36
2026-05-05 10:27:38 | start-impl-btn window-scan hwnd=68592 total-btns=39
2026-05-05 10:27:38 | start-impl-btn doc-scan hwnd=199580 doc-btns=42
2026-05-05 10:27:38 | start-impl-btn window-scan hwnd=199580 total-btns=45
2026-05-05 10:27:39 | start-impl-probe ide-windows=3
2026-05-05 10:27:39 | start-impl-btn doc-scan hwnd=524752 doc-btns=92
2026-05-05 10:27:39 | start-impl-btn window-scan hwnd=524752 total-btns=95
2026-05-05 10:27:39 | start-impl-btn doc-scan hwnd=68592 doc-btns=36
2026-05-05 10:27:39 | start-impl-btn window-scan hwnd=68592 total-btns=39
2026-05-05 10:27:39 | start-impl-btn doc-scan hwnd=199580 doc-btns=42
2026-05-05 10:27:39 | start-impl-btn window-scan hwnd=199580 total-btns=45
2026-05-05 10:27:40 | start-impl-probe ide-windows=3
2026-05-05 10:27:40 | start-impl-btn doc-scan hwnd=524752 doc-btns=92
2026-05-05 10:27:40 | start-impl-btn window-scan hwnd=524752 total-btns=95
2026-05-05 10:27:40 | start-impl-btn doc-scan hwnd=68592 doc-btns=36
2026-05-05 10:27:40 | start-impl-btn window-scan hwnd=68592 total-btns=39
2026-05-05 10:27:40 | start-impl-btn doc-scan hwnd=199580 doc-btns=42
2026-05-05 10:27:40 | start-impl-btn window-scan hwnd=199580 total-btns=45
2026-05-05 10:27:41 | start-impl-probe ide-windows=3
2026-05-05 10:27:41 | start-impl-btn doc-scan hwnd=524752 doc-btns=92
2026-05-05 10:27:41 | start-impl-btn doc-scan hwnd=68592 doc-btns=36
2026-05-05 10:27:41 | start-impl-btn window-scan hwnd=68592 total-btns=39
2026-05-05 10:27:41 | start-impl-btn doc-scan hwnd=199580 doc-btns=42
2026-05-05 10:27:41 | start-impl-btn window-scan hwnd=199580 total-btns=45
2026-05-05 10:27:42 | start-impl-probe ide-windows=3
2026-05-05 10:27:42 | start-impl-btn doc-scan hwnd=524752 doc-btns=58
2026-05-05 10:27:42 | start-impl-btn window-scan hwnd=524752 total-btns=61
2026-05-05 10:27:42 | start-impl-btn doc-scan hwnd=68592 doc-btns=36
2026-05-05 10:27:42 | start-impl-btn window-scan hwnd=68592 total-btns=39
2026-05-05 10:27:42 | start-impl-btn doc-scan hwnd=199580 doc-btns=42
2026-05-05 10:27:42 | start-impl-btn window-scan hwnd=199580 total-btns=45
2026-05-05 10:27:43 | start-impl-probe ide-windows=3
2026-05-05 10:27:43 | start-impl-btn doc-scan hwnd=524752 doc-btns=62
2026-05-05 10:27:43 | start-impl-btn window-scan hwnd=524752 total-btns=65
2026-05-05 10:27:43 | start-impl-btn doc-scan hwnd=68592 doc-btns=36
2026-05-05 10:27:43 | start-impl-btn window-scan hwnd=68592 total-btns=39
2026-05-05 10:27:43 | start-impl-btn doc-scan hwnd=199580 doc-btns=42
2026-05-05 10:27:43 | start-impl-btn window-scan hwnd=199580 total-btns=45
2026-05-05 10:27:44 | start-impl-probe ide-windows=3
2026-05-05 10:27:44 | start-impl-btn doc-scan hwnd=524752 doc-btns=86
2026-05-05 10:27:44 | start-impl-btn window-scan hwnd=524752 total-btns=89
2026-05-05 10:27:44 | start-impl-btn doc-scan hwnd=68592 doc-btns=36
2026-05-05 10:27:44 | start-impl-btn window-scan hwnd=68592 total-btns=39
2026-05-05 10:27:44 | start-impl-btn doc-scan hwnd=199580 doc-btns=42
2026-05-05 10:27:44 | start-impl-btn window-scan hwnd=199580 total-btns=45
2026-05-05 10:27:45 | start-impl-probe ide-windows=3
2026-05-05 10:27:45 | start-impl-btn doc-scan hwnd=524752 doc-btns=82
2026-05-05 10:27:45 | start-impl-btn window-scan hwnd=524752 total-btns=85
2026-05-05 10:27:45 | start-impl-btn doc-scan hwnd=68592 doc-btns=36
2026-05-05 10:27:45 | start-impl-btn window-scan hwnd=68592 total-btns=39
2026-05-05 10:27:45 | start-impl-btn doc-scan hwnd=199580 doc-btns=42
2026-05-05 10:27:45 | start-impl-btn window-scan hwnd=199580 total-btns=45
2026-05-05 10:27:45 | start-impl-probe ide-windows=3
2026-05-05 10:27:46 | start-impl-btn doc-scan hwnd=524752 doc-btns=82
2026-05-05 10:27:46 | start-impl-btn window-scan hwnd=524752 total-btns=85
2026-05-05 10:27:46 | start-impl-btn doc-scan hwnd=68592 doc-btns=36
2026-05-05 10:27:46 | start-impl-btn window-scan hwnd=68592 total-btns=39
2026-05-05 10:27:46 | start-impl-btn doc-scan hwnd=199580 doc-btns=42
2026-05-05 10:27:46 | start-impl-btn window-scan hwnd=199580 total-btns=45
2026-05-05 10:27:46 | start-impl-probe ide-windows=3
2026-05-05 10:27:46 | start-impl-btn doc-scan hwnd=524752 doc-btns=82
2026-05-05 10:27:46 | start-impl-btn window-scan hwnd=524752 total-btns=85
2026-05-05 10:27:47 | start-impl-btn doc-scan hwnd=68592 doc-btns=36
2026-05-05 10:27:47 | start-impl-btn window-scan hwnd=68592 total-btns=39
2026-05-05 10:27:47 | start-impl-btn doc-scan hwnd=199580 doc-btns=42
2026-05-05 10:27:47 | start-impl-btn window-scan hwnd=199580 total-btns=45
2026-05-05 10:27:47 | start-impl-probe ide-windows=3
2026-05-05 10:27:47 | start-impl-btn doc-scan hwnd=524752 doc-btns=82
2026-05-05 10:27:47 | start-impl-btn window-scan hwnd=524752 total-btns=85
2026-05-05 10:27:47 | start-impl-btn doc-scan hwnd=68592 doc-btns=36
2026-05-05 10:27:47 | start-impl-btn window-scan hwnd=68592 total-btns=39
2026-05-05 10:27:47 | start-impl-btn doc-scan hwnd=199580 doc-btns=42
2026-05-05 10:27:47 | start-impl-btn window-scan hwnd=199580 total-btns=45
2026-05-05 10:27:48 | start-impl-probe ide-windows=3
2026-05-05 10:27:48 | start-impl-btn doc-scan hwnd=524752 doc-btns=82
2026-05-05 10:27:48 | start-impl-btn window-scan hwnd=524752 total-btns=85
2026-05-05 10:27:48 | start-impl-btn doc-scan hwnd=68592 doc-btns=36
2026-05-05 10:27:48 | start-impl-btn window-scan hwnd=68592 total-btns=39
2026-05-05 10:27:48 | start-impl-btn doc-scan hwnd=199580 doc-btns=42
2026-05-05 10:27:48 | start-impl-btn window-scan hwnd=199580 total-btns=45
2026-05-05 10:27:49 | start-impl-probe ide-windows=3
2026-05-05 10:27:49 | start-impl-btn doc-scan hwnd=524752 doc-btns=82
2026-05-05 10:27:49 | start-impl-btn window-scan hwnd=524752 total-btns=85
2026-05-05 10:27:49 | start-impl-btn doc-scan hwnd=68592 doc-btns=36
2026-05-05 10:27:49 | start-impl-btn window-scan hwnd=68592 total-btns=39
2026-05-05 10:27:49 | start-impl-btn doc-scan hwnd=199580 doc-btns=42
2026-05-05 10:27:49 | start-impl-btn window-scan hwnd=199580 total-btns=45
2026-05-05 10:27:50 | start-impl-probe ide-windows=3
2026-05-05 10:27:50 | start-impl-btn doc-scan hwnd=524752 doc-btns=83
2026-05-05 10:27:50 | start-impl-btn window-scan hwnd=524752 total-btns=86
2026-05-05 10:27:50 | start-impl-btn doc-scan hwnd=68592 doc-btns=36
2026-05-05 10:27:50 | start-impl-btn window-scan hwnd=68592 total-btns=39
2026-05-05 10:27:50 | start-impl-btn doc-scan hwnd=199580 doc-btns=42
2026-05-05 10:27:50 | start-impl-btn window-scan hwnd=199580 total-btns=45
2026-05-05 10:27:51 | start-impl-probe ide-windows=3
2026-05-05 10:27:51 | start-impl-btn doc-scan hwnd=524752 doc-btns=83
2026-05-05 10:27:51 | start-impl-btn window-scan hwnd=524752 total-btns=86
2026-05-05 10:27:51 | start-impl-btn doc-scan hwnd=68592 doc-btns=36
2026-05-05 10:27:51 | start-impl-btn window-scan hwnd=68592 total-btns=39
2026-05-05 10:27:51 | start-impl-btn doc-scan hwnd=199580 doc-btns=42
2026-05-05 10:27:51 | start-impl-btn window-scan hwnd=199580 total-btns=45
2026-05-05 10:27:52 | start-impl-probe ide-windows=3
2026-05-05 10:27:52 | start-impl-btn doc-scan hwnd=524752 doc-btns=83
2026-05-05 10:27:52 | start-impl-btn window-scan hwnd=524752 total-btns=86
2026-05-05 10:27:52 | start-impl-btn doc-scan hwnd=68592 doc-btns=36
2026-05-05 10:27:52 | start-impl-btn window-scan hwnd=68592 total-btns=39
2026-05-05 10:27:52 | start-impl-btn doc-scan hwnd=199580 doc-btns=42
2026-05-05 10:27:52 | start-impl-btn window-scan hwnd=199580 total-btns=45
2026-05-05 10:27:53 | start-impl-probe ide-windows=3
2026-05-05 10:27:53 | start-impl-btn doc-scan hwnd=524752 doc-btns=83
2026-05-05 10:27:53 | start-impl-btn window-scan hwnd=524752 total-btns=86
2026-05-05 10:27:53 | start-impl-btn doc-scan hwnd=68592 doc-btns=36
2026-05-05 10:27:53 | start-impl-btn window-scan hwnd=68592 total-btns=39
2026-05-05 10:27:53 | start-impl-btn doc-scan hwnd=199580 doc-btns=42
2026-05-05 10:27:53 | start-impl-btn window-scan hwnd=199580 total-btns=45
2026-05-05 10:27:54 | start-impl-probe ide-windows=3
2026-05-05 10:27:54 | start-impl-btn doc-scan hwnd=524752 doc-btns=83
2026-05-05 10:27:54 | start-impl-btn window-scan hwnd=524752 total-btns=86
2026-05-05 10:27:54 | start-impl-btn doc-scan hwnd=68592 doc-btns=36
2026-05-05 10:27:54 | start-impl-btn window-scan hwnd=68592 total-btns=39
2026-05-05 10:27:54 | start-impl-btn doc-scan hwnd=199580 doc-btns=42
2026-05-05 10:27:54 | start-impl-btn window-scan hwnd=199580 total-btns=45
2026-05-05 10:27:55 | start-impl-probe ide-windows=3
2026-05-05 10:27:55 | start-impl-btn doc-scan hwnd=524752 doc-btns=83
2026-05-05 10:27:55 | start-impl-btn window-scan hwnd=524752 total-btns=86
2026-05-05 10:27:55 | start-impl-btn doc-scan hwnd=68592 doc-btns=36
2026-05-05 10:27:55 | start-impl-btn window-scan hwnd=68592 total-btns=39
2026-05-05 10:27:55 | start-impl-btn doc-scan hwnd=199580 doc-btns=42
2026-05-05 10:27:55 | start-impl-btn window-scan hwnd=199580 total-btns=45
2026-05-05 10:27:55 | start-impl-probe ide-windows=3
2026-05-05 10:27:56 | start-impl-btn doc-scan hwnd=68592 doc-btns=36
2026-05-05 10:27:56 | start-impl-btn window-scan hwnd=68592 total-btns=39
2026-05-05 10:27:56 | start-impl-btn doc-scan hwnd=524752 doc-btns=83
2026-05-05 10:27:56 | start-impl-btn window-scan hwnd=524752 total-btns=86
2026-05-05 10:27:56 | start-impl-btn doc-scan hwnd=199580 doc-btns=42
2026-05-05 10:27:56 | start-impl-btn window-scan hwnd=199580 total-btns=45
2026-05-05 10:27:56 | start-impl-probe ide-windows=3
2026-05-05 10:27:56 | start-impl-btn doc-scan hwnd=68592 doc-btns=36
2026-05-05 10:27:56 | start-impl-btn window-scan hwnd=68592 total-btns=39
2026-05-05 10:27:56 | start-impl-btn doc-scan hwnd=524752 doc-btns=84
2026-05-05 10:27:57 | start-impl-btn window-scan hwnd=524752 total-btns=87
2026-05-05 10:27:57 | start-impl-btn doc-scan hwnd=199580 doc-btns=42
2026-05-05 10:27:57 | start-impl-btn window-scan hwnd=199580 total-btns=45
2026-05-05 10:27:57 | start-impl-probe ide-windows=3
2026-05-05 10:27:57 | start-impl-btn doc-scan hwnd=68592 doc-btns=36
2026-05-05 10:27:57 | start-impl-btn window-scan hwnd=68592 total-btns=39
2026-05-05 10:27:57 | start-impl-btn doc-scan hwnd=524752 doc-btns=84
2026-05-05 10:27:57 | start-impl-btn window-scan hwnd=524752 total-btns=87
2026-05-05 10:27:57 | start-impl-btn doc-scan hwnd=199580 doc-btns=42
2026-05-05 10:27:57 | start-impl-btn window-scan hwnd=199580 total-btns=45
2026-05-05 10:27:58 | start-impl-probe ide-windows=3
2026-05-05 10:27:58 | start-impl-btn doc-scan hwnd=68592 doc-btns=36
2026-05-05 10:27:58 | start-impl-btn window-scan hwnd=68592 total-btns=39
2026-05-05 10:27:58 | start-impl-btn doc-scan hwnd=524752 doc-btns=84
2026-05-05 10:27:58 | start-impl-btn window-scan hwnd=524752 total-btns=87
2026-05-05 10:27:58 | start-impl-btn doc-scan hwnd=199580 doc-btns=42
2026-05-05 10:27:58 | start-impl-btn window-scan hwnd=199580 total-btns=45
2026-05-05 10:27:59 | start-impl-probe ide-windows=3
2026-05-05 10:27:59 | start-impl-btn doc-scan hwnd=68592 doc-btns=36
2026-05-05 10:27:59 | start-impl-btn window-scan hwnd=68592 total-btns=39
2026-05-05 10:27:59 | start-impl-btn doc-scan hwnd=524752 doc-btns=84
2026-05-05 10:27:59 | start-impl-btn window-scan hwnd=524752 total-btns=87
2026-05-05 10:27:59 | start-impl-btn doc-scan hwnd=199580 doc-btns=42
2026-05-05 10:27:59 | start-impl-btn window-scan hwnd=199580 total-btns=45
2026-05-05 10:28:00 | start-impl-probe ide-windows=3
2026-05-05 10:28:00 | start-impl-btn doc-scan hwnd=68592 doc-btns=36
2026-05-05 10:28:00 | start-impl-btn window-scan hwnd=68592 total-btns=39
2026-05-05 10:28:00 | start-impl-btn doc-scan hwnd=524752 doc-btns=84
2026-05-05 10:28:00 | start-impl-btn window-scan hwnd=524752 total-btns=87
2026-05-05 10:28:00 | start-impl-btn doc-scan hwnd=199580 doc-btns=42
2026-05-05 10:28:00 | start-impl-btn window-scan hwnd=199580 total-btns=45
2026-05-05 10:28:01 | start-impl-probe ide-windows=3
2026-05-05 10:28:01 | start-impl-btn doc-scan hwnd=68592 doc-btns=36
2026-05-05 10:28:01 | start-impl-btn window-scan hwnd=68592 total-btns=39
2026-05-05 10:28:01 | start-impl-btn doc-scan hwnd=524752 doc-btns=84
2026-05-05 10:28:01 | start-impl-btn window-scan hwnd=524752 total-btns=87
2026-05-05 10:28:01 | start-impl-btn doc-scan hwnd=199580 doc-btns=42
2026-05-05 10:28:01 | start-impl-btn window-scan hwnd=199580 total-btns=45
2026-05-05 10:28:02 | start-impl-probe ide-windows=3
2026-05-05 10:28:02 | start-impl-btn doc-scan hwnd=68592 doc-btns=36
2026-05-05 10:28:02 | start-impl-btn window-scan hwnd=68592 total-btns=39
2026-05-05 10:28:02 | start-impl-btn doc-scan hwnd=524752 doc-btns=84
2026-05-05 10:28:02 | start-impl-btn window-scan hwnd=524752 total-btns=87
2026-05-05 10:28:02 | start-impl-btn doc-scan hwnd=199580 doc-btns=42
2026-05-05 10:28:02 | start-impl-btn window-scan hwnd=199580 total-btns=45
2026-05-05 10:28:03 | start-impl-probe ide-windows=3
2026-05-05 10:28:03 | start-impl-btn doc-scan hwnd=68592 doc-btns=36
2026-05-05 10:28:03 | start-impl-btn window-scan hwnd=68592 total-btns=39
2026-05-05 10:28:03 | start-impl-btn doc-scan hwnd=524752 doc-btns=84
2026-05-05 10:28:03 | start-impl-btn window-scan hwnd=524752 total-btns=87
2026-05-05 10:28:03 | start-impl-btn doc-scan hwnd=199580 doc-btns=42
2026-05-05 10:28:03 | start-impl-btn window-scan hwnd=199580 total-btns=45
2026-05-05 10:28:04 | start-impl-probe ide-windows=3
2026-05-05 10:28:04 | start-impl-btn doc-scan hwnd=68592 doc-btns=36
2026-05-05 10:28:04 | start-impl-btn window-scan hwnd=68592 total-btns=39
2026-05-05 10:28:04 | start-impl-btn doc-scan hwnd=524752 doc-btns=84
2026-05-05 10:28:04 | start-impl-btn window-scan hwnd=524752 total-btns=87
2026-05-05 10:28:04 | start-impl-btn doc-scan hwnd=199580 doc-btns=42
2026-05-05 10:28:04 | start-impl-btn window-scan hwnd=199580 total-btns=45
2026-05-05 10:28:05 | start-impl-probe ide-windows=3
2026-05-05 10:28:05 | start-impl-btn doc-scan hwnd=68592 doc-btns=36
2026-05-05 10:28:05 | start-impl-btn window-scan hwnd=68592 total-btns=39
2026-05-05 10:28:05 | start-impl-btn doc-scan hwnd=524752 doc-btns=84
2026-05-05 10:28:05 | start-impl-btn window-scan hwnd=524752 total-btns=87
2026-05-05 10:28:05 | start-impl-btn doc-scan hwnd=199580 doc-btns=42
2026-05-05 10:28:05 | start-impl-btn window-scan hwnd=199580 total-btns=45
2026-05-05 10:28:05 | start-impl-probe ide-windows=3
2026-05-05 10:28:05 | start-impl-btn doc-scan hwnd=68592 doc-btns=36
2026-05-05 10:28:05 | start-impl-btn window-scan hwnd=68592 total-btns=39
2026-05-05 10:28:06 | start-impl-btn doc-scan hwnd=524752 doc-btns=84
2026-05-05 10:28:06 | start-impl-btn window-scan hwnd=524752 total-btns=87
2026-05-05 10:28:06 | start-impl-btn doc-scan hwnd=199580 doc-btns=42
2026-05-05 10:28:06 | start-impl-btn window-scan hwnd=199580 total-btns=45
2026-05-05 10:28:06 | start-impl-probe ide-windows=3
2026-05-05 10:28:06 | start-impl-btn doc-scan hwnd=68592 doc-btns=36
2026-05-05 10:28:06 | start-impl-btn window-scan hwnd=68592 total-btns=39
2026-05-05 10:28:06 | start-impl-btn doc-scan hwnd=524752 doc-btns=84
2026-05-05 10:28:06 | start-impl-btn window-scan hwnd=524752 total-btns=87
2026-05-05 10:28:06 | start-impl-btn doc-scan hwnd=199580 doc-btns=42
2026-05-05 10:28:07 | start-impl-btn window-scan hwnd=199580 total-btns=45
2026-05-05 10:28:07 | start-impl-probe ide-windows=3
2026-05-05 10:28:07 | start-impl-btn doc-scan hwnd=68592 doc-btns=36
2026-05-05 10:28:07 | start-impl-btn window-scan hwnd=68592 total-btns=39
2026-05-05 10:28:07 | start-impl-btn doc-scan hwnd=524752 doc-btns=84
2026-05-05 10:28:07 | start-impl-btn window-scan hwnd=524752 total-btns=87
2026-05-05 10:28:07 | start-impl-btn doc-scan hwnd=199580 doc-btns=42
2026-05-05 10:28:07 | start-impl-btn window-scan hwnd=199580 total-btns=45
2026-05-05 10:28:08 | start-impl-probe ide-windows=3
2026-05-05 10:28:08 | start-impl-btn doc-scan hwnd=68592 doc-btns=36
2026-05-05 10:28:08 | start-impl-btn window-scan hwnd=68592 total-btns=39
2026-05-05 10:28:08 | start-impl-btn doc-scan hwnd=524752 doc-btns=84
2026-05-05 10:28:08 | start-impl-btn window-scan hwnd=524752 total-btns=87
2026-05-05 10:28:08 | start-impl-btn doc-scan hwnd=199580 doc-btns=42
2026-05-05 10:28:08 | start-impl-btn window-scan hwnd=199580 total-btns=45
2026-05-05 10:28:09 | start-impl-probe ide-windows=3
2026-05-05 10:28:09 | start-impl-btn doc-scan hwnd=68592 doc-btns=36
2026-05-05 10:28:09 | start-impl-btn window-scan hwnd=68592 total-btns=39
2026-05-05 10:28:09 | start-impl-btn doc-scan hwnd=524752 doc-btns=84
2026-05-05 10:28:09 | start-impl-btn window-scan hwnd=524752 total-btns=87
2026-05-05 10:28:09 | start-impl-btn doc-scan hwnd=199580 doc-btns=42
2026-05-05 10:28:09 | start-impl-btn window-scan hwnd=199580 total-btns=45
2026-05-05 10:28:10 | start-impl-probe ide-windows=3
2026-05-05 10:28:10 | start-impl-btn doc-scan hwnd=68592 doc-btns=36
2026-05-05 10:28:10 | start-impl-btn window-scan hwnd=68592 total-btns=38
2026-05-05 10:28:10 | start-impl-btn window-scan hwnd=524752 total-btns=87
2026-05-05 10:28:10 | start-impl-btn doc-scan hwnd=199580 doc-btns=42
2026-05-05 10:28:10 | start-impl-btn window-scan hwnd=199580 total-btns=45
2026-05-05 10:28:11 | start-impl-probe ide-windows=3
2026-05-05 10:28:11 | start-impl-btn doc-scan hwnd=68592 doc-btns=36
2026-05-05 10:28:11 | start-impl-btn window-scan hwnd=68592 total-btns=39
2026-05-05 10:28:11 | start-impl-btn doc-scan hwnd=524752 doc-btns=84
2026-05-05 10:28:11 | start-impl-btn window-scan hwnd=524752 total-btns=87
2026-05-05 10:28:11 | start-impl-btn doc-scan hwnd=199580 doc-btns=42
2026-05-05 10:28:11 | start-impl-btn window-scan hwnd=199580 total-btns=45
2026-05-05 10:28:12 | start-impl-probe ide-windows=3
2026-05-05 10:28:12 | start-impl-btn doc-scan hwnd=68592 doc-btns=35
2026-05-05 10:28:12 | start-impl-btn window-scan hwnd=68592 total-btns=38
2026-05-05 10:28:12 | start-impl-btn doc-scan hwnd=524752 doc-btns=84
2026-05-05 10:28:12 | start-impl-btn window-scan hwnd=524752 total-btns=87
2026-05-05 10:28:12 | start-impl-btn doc-scan hwnd=199580 doc-btns=42
2026-05-05 10:28:12 | start-impl-btn window-scan hwnd=199580 total-btns=45
2026-05-05 10:28:13 | start-impl-probe ide-windows=3
2026-05-05 10:28:13 | start-impl-btn doc-scan hwnd=68592 doc-btns=35
2026-05-05 10:28:13 | start-impl-btn window-scan hwnd=68592 total-btns=38
2026-05-05 10:28:13 | start-impl-btn doc-scan hwnd=524752 doc-btns=84
2026-05-05 10:28:13 | start-impl-btn window-scan hwnd=524752 total-btns=87
2026-05-05 10:28:13 | start-impl-btn doc-scan hwnd=199580 doc-btns=42
2026-05-05 10:28:13 | start-impl-btn window-scan hwnd=199580 total-btns=45
2026-05-05 10:28:14 | start-impl-probe ide-windows=3
2026-05-05 10:28:14 | start-impl-btn doc-scan hwnd=68592 doc-btns=35
2026-05-05 10:28:14 | start-impl-btn window-scan hwnd=68592 total-btns=38
2026-05-05 10:28:14 | start-impl-btn doc-scan hwnd=524752 doc-btns=84
2026-05-05 10:28:14 | start-impl-btn window-scan hwnd=524752 total-btns=87
2026-05-05 10:28:14 | start-impl-btn doc-scan hwnd=199580 doc-btns=42
2026-05-05 10:28:14 | start-impl-btn window-scan hwnd=199580 total-btns=45
2026-05-05 10:28:15 | start-impl-probe ide-windows=3
2026-05-05 10:28:15 | start-impl-btn doc-scan hwnd=68592 doc-btns=35
2026-05-05 10:28:15 | start-impl-btn window-scan hwnd=68592 total-btns=38
2026-05-05 10:28:15 | start-impl-btn doc-scan hwnd=524752 doc-btns=84
2026-05-05 10:28:15 | start-impl-btn window-scan hwnd=524752 total-btns=87
2026-05-05 10:28:15 | start-impl-btn doc-scan hwnd=199580 doc-btns=42
2026-05-05 10:28:15 | start-impl-btn window-scan hwnd=199580 total-btns=45
2026-05-05 10:28:15 | start-impl-probe ide-windows=3
2026-05-05 10:28:15 | start-impl-btn doc-scan hwnd=68592 doc-btns=35
2026-05-05 10:28:15 | start-impl-btn window-scan hwnd=68592 total-btns=38
2026-05-05 10:28:15 | start-impl-btn doc-scan hwnd=524752 doc-btns=84
2026-05-05 10:28:16 | start-impl-btn window-scan hwnd=524752 total-btns=87
2026-05-05 10:28:16 | start-impl-btn doc-scan hwnd=199580 doc-btns=42
2026-05-05 10:28:16 | start-impl-btn window-scan hwnd=199580 total-btns=45
2026-05-05 10:28:16 | start-impl-probe ide-windows=3
2026-05-05 10:28:16 | start-impl-btn doc-scan hwnd=68592 doc-btns=35
2026-05-05 10:28:16 | start-impl-btn window-scan hwnd=68592 total-btns=38
2026-05-05 10:28:16 | start-impl-btn doc-scan hwnd=524752 doc-btns=84
2026-05-05 10:28:16 | start-impl-btn window-scan hwnd=524752 total-btns=87
2026-05-05 10:28:16 | start-impl-btn doc-scan hwnd=199580 doc-btns=42
2026-05-05 10:28:17 | start-impl-btn window-scan hwnd=199580 total-btns=45
2026-05-05 10:28:17 | start-impl-probe ide-windows=3
2026-05-05 10:28:17 | start-impl-btn doc-scan hwnd=68592 doc-btns=35
2026-05-05 10:28:17 | start-impl-btn window-scan hwnd=68592 total-btns=38
2026-05-05 10:28:17 | start-impl-btn doc-scan hwnd=524752 doc-btns=84
2026-05-05 10:28:17 | start-impl-btn window-scan hwnd=524752 total-btns=87
2026-05-05 10:28:17 | start-impl-btn doc-scan hwnd=199580 doc-btns=42
2026-05-05 10:28:17 | start-impl-btn window-scan hwnd=199580 total-btns=45
2026-05-05 10:28:18 | start-impl-probe ide-windows=3
2026-05-05 10:28:18 | start-impl-btn doc-scan hwnd=68592 doc-btns=35
2026-05-05 10:28:18 | start-impl-btn window-scan hwnd=68592 total-btns=38
2026-05-05 10:28:18 | start-impl-btn doc-scan hwnd=524752 doc-btns=84
2026-05-05 10:28:18 | start-impl-btn window-scan hwnd=524752 total-btns=87
2026-05-05 10:28:18 | start-impl-btn doc-scan hwnd=199580 doc-btns=42
2026-05-05 10:28:18 | start-impl-btn window-scan hwnd=199580 total-btns=45
2026-05-05 10:28:19 | start-impl-probe ide-windows=3
2026-05-05 10:28:19 | start-impl-btn doc-scan hwnd=68592 doc-btns=35
2026-05-05 10:28:19 | start-impl-btn window-scan hwnd=68592 total-btns=38
2026-05-05 10:28:19 | start-impl-btn doc-scan hwnd=524752 doc-btns=84
2026-05-05 10:28:19 | start-impl-btn window-scan hwnd=524752 total-btns=87
2026-05-05 10:28:19 | start-impl-btn doc-scan hwnd=199580 doc-btns=42
2026-05-05 10:28:19 | start-impl-btn window-scan hwnd=199580 total-btns=45
2026-05-05 10:28:20 | start-impl-probe ide-windows=3
2026-05-05 10:28:20 | start-impl-btn doc-scan hwnd=68592 doc-btns=35
2026-05-05 10:28:20 | start-impl-btn window-scan hwnd=68592 total-btns=38
2026-05-05 10:28:20 | start-impl-btn doc-scan hwnd=524752 doc-btns=84
2026-05-05 10:28:20 | start-impl-btn window-scan hwnd=524752 total-btns=87
2026-05-05 10:28:20 | start-impl-btn doc-scan hwnd=199580 doc-btns=42
2026-05-05 10:28:20 | start-impl-btn window-scan hwnd=199580 total-btns=45
2026-05-05 10:28:21 | start-impl-probe ide-windows=3
2026-05-05 10:28:21 | start-impl-btn doc-scan hwnd=68592 doc-btns=35
2026-05-05 10:28:21 | start-impl-btn window-scan hwnd=68592 total-btns=38
2026-05-05 10:28:21 | start-impl-btn doc-scan hwnd=524752 doc-btns=84
2026-05-05 10:28:21 | start-impl-btn window-scan hwnd=524752 total-btns=87
2026-05-05 10:28:21 | start-impl-btn doc-scan hwnd=199580 doc-btns=42
2026-05-05 10:28:21 | start-impl-btn window-scan hwnd=199580 total-btns=45
2026-05-05 10:28:22 | start-impl-probe ide-windows=3
2026-05-05 10:28:22 | start-impl-btn doc-scan hwnd=68592 doc-btns=35
2026-05-05 10:28:22 | start-impl-btn window-scan hwnd=68592 total-btns=38
2026-05-05 10:28:22 | start-impl-btn doc-scan hwnd=524752 doc-btns=84
2026-05-05 10:28:22 | start-impl-btn window-scan hwnd=524752 total-btns=87
2026-05-05 10:28:22 | start-impl-btn doc-scan hwnd=199580 doc-btns=42
2026-05-05 10:28:22 | start-impl-btn window-scan hwnd=199580 total-btns=45
2026-05-05 10:28:23 | start-impl-probe ide-windows=3
2026-05-05 10:28:23 | start-impl-btn doc-scan hwnd=68592 doc-btns=35
2026-05-05 10:28:23 | start-impl-btn window-scan hwnd=68592 total-btns=38
2026-05-05 10:28:23 | start-impl-btn doc-scan hwnd=524752 doc-btns=84
2026-05-05 10:28:23 | start-impl-btn window-scan hwnd=524752 total-btns=87
2026-05-05 10:28:23 | start-impl-btn doc-scan hwnd=199580 doc-btns=42
2026-05-05 10:28:23 | start-impl-btn window-scan hwnd=199580 total-btns=45
2026-05-05 10:28:24 | start-impl-probe ide-windows=3
2026-05-05 10:28:24 | start-impl-btn doc-scan hwnd=68592 doc-btns=35
2026-05-05 10:28:24 | start-impl-btn window-scan hwnd=68592 total-btns=38
2026-05-05 10:28:24 | start-impl-btn doc-scan hwnd=524752 doc-btns=84
2026-05-05 10:28:24 | start-impl-btn window-scan hwnd=524752 total-btns=87
2026-05-05 10:28:24 | start-impl-btn doc-scan hwnd=199580 doc-btns=42
2026-05-05 10:28:24 | start-impl-btn window-scan hwnd=199580 total-btns=45
2026-05-05 10:28:25 | start-impl-probe ide-windows=3
2026-05-05 10:28:25 | start-impl-btn doc-scan hwnd=68592 doc-btns=35
2026-05-05 10:28:25 | start-impl-btn window-scan hwnd=68592 total-btns=38
2026-05-05 10:28:25 | start-impl-btn doc-scan hwnd=524752 doc-btns=84
2026-05-05 10:28:25 | start-impl-btn window-scan hwnd=524752 total-btns=87
2026-05-05 10:28:25 | start-impl-btn doc-scan hwnd=199580 doc-btns=42
2026-05-05 10:28:25 | start-impl-btn window-scan hwnd=199580 total-btns=45
2026-05-05 10:28:25 | start-impl-probe ide-windows=3
2026-05-05 10:28:25 | start-impl-btn doc-scan hwnd=68592 doc-btns=35
2026-05-05 10:28:25 | start-impl-btn window-scan hwnd=68592 total-btns=38
2026-05-05 10:28:26 | start-impl-btn doc-scan hwnd=524752 doc-btns=84
2026-05-05 10:28:26 | start-impl-btn window-scan hwnd=524752 total-btns=87
2026-05-05 10:28:26 | start-impl-btn doc-scan hwnd=199580 doc-btns=42
2026-05-05 10:28:26 | start-impl-btn window-scan hwnd=199580 total-btns=45
2026-05-05 10:28:26 | start-impl-probe ide-windows=3
2026-05-05 10:28:26 | start-impl-btn doc-scan hwnd=68592 doc-btns=35
2026-05-05 10:28:26 | start-impl-btn window-scan hwnd=68592 total-btns=38
2026-05-05 10:28:26 | start-impl-btn doc-scan hwnd=524752 doc-btns=84
2026-05-05 10:28:26 | start-impl-btn window-scan hwnd=524752 total-btns=87
2026-05-05 10:28:26 | start-impl-btn doc-scan hwnd=199580 doc-btns=42
2026-05-05 10:28:26 | start-impl-btn window-scan hwnd=199580 total-btns=45
2026-05-05 10:28:27 | start-impl-probe ide-windows=3
2026-05-05 10:28:27 | start-impl-btn doc-scan hwnd=68592 doc-btns=35
2026-05-05 10:28:27 | start-impl-btn window-scan hwnd=68592 total-btns=38
2026-05-05 10:28:27 | start-impl-btn doc-scan hwnd=524752 doc-btns=84
2026-05-05 10:28:28 | start-impl-btn window-scan hwnd=524752 total-btns=87
2026-05-05 10:28:28 | start-impl-btn doc-scan hwnd=199580 doc-btns=42
2026-05-05 10:28:28 | start-impl-btn window-scan hwnd=199580 total-btns=45
2026-05-05 10:28:28 | start-impl-probe ide-windows=3
2026-05-05 10:28:28 | start-impl-btn doc-scan hwnd=68592 doc-btns=35
2026-05-05 10:28:28 | start-impl-btn window-scan hwnd=68592 total-btns=38
2026-05-05 10:28:28 | start-impl-btn doc-scan hwnd=524752 doc-btns=84
2026-05-05 10:28:29 | start-impl-btn window-scan hwnd=524752 total-btns=87
2026-05-05 10:28:29 | start-impl-btn doc-scan hwnd=199580 doc-btns=42
2026-05-05 10:28:29 | start-impl-btn window-scan hwnd=199580 total-btns=45
2026-05-05 10:28:29 | start-impl-probe ide-windows=3
2026-05-05 10:28:29 | start-impl-btn doc-scan hwnd=68592 doc-btns=35
2026-05-05 10:28:29 | start-impl-btn window-scan hwnd=68592 total-btns=38
2026-05-05 10:28:29 | start-impl-btn doc-scan hwnd=524752 doc-btns=84
2026-05-05 10:28:29 | start-impl-btn window-scan hwnd=524752 total-btns=87
2026-05-05 10:28:29 | start-impl-btn doc-scan hwnd=199580 doc-btns=42
2026-05-05 10:28:29 | start-impl-btn window-scan hwnd=199580 total-btns=45
2026-05-05 10:28:30 | start-impl-probe ide-windows=3
2026-05-05 10:28:30 | start-impl-btn doc-scan hwnd=68592 doc-btns=35
2026-05-05 10:28:30 | start-impl-btn window-scan hwnd=68592 total-btns=38
2026-05-05 10:28:30 | start-impl-btn doc-scan hwnd=524752 doc-btns=84
2026-05-05 10:28:30 | start-impl-btn window-scan hwnd=524752 total-btns=87
2026-05-05 10:28:30 | start-impl-btn doc-scan hwnd=199580 doc-btns=42
2026-05-05 10:28:30 | start-impl-btn window-scan hwnd=199580 total-btns=45
2026-05-05 10:28:31 | start-impl-probe ide-windows=3
2026-05-05 10:28:31 | start-impl-btn doc-scan hwnd=68592 doc-btns=35
2026-05-05 10:28:31 | start-impl-btn window-scan hwnd=68592 total-btns=38
2026-05-05 10:28:31 | start-impl-btn doc-scan hwnd=524752 doc-btns=84
2026-05-05 10:28:31 | start-impl-btn window-scan hwnd=524752 total-btns=87
2026-05-05 10:28:31 | start-impl-btn doc-scan hwnd=199580 doc-btns=42
2026-05-05 10:28:31 | start-impl-btn window-scan hwnd=199580 total-btns=45
2026-05-05 10:28:32 | start-impl-probe ide-windows=3
2026-05-05 10:28:32 | start-impl-btn doc-scan hwnd=68592 doc-btns=35
2026-05-05 10:28:32 | start-impl-btn window-scan hwnd=68592 total-btns=38
2026-05-05 10:28:32 | start-impl-btn doc-scan hwnd=524752 doc-btns=84
2026-05-05 10:28:32 | start-impl-btn window-scan hwnd=524752 total-btns=87
2026-05-05 10:28:32 | start-impl-btn doc-scan hwnd=199580 doc-btns=42
2026-05-05 10:28:32 | start-impl-btn window-scan hwnd=199580 total-btns=45
2026-05-05 10:28:33 | start-impl-probe ide-windows=3
2026-05-05 10:28:33 | start-impl-btn doc-scan hwnd=68592 doc-btns=35
2026-05-05 10:28:33 | start-impl-btn window-scan hwnd=68592 total-btns=38
2026-05-05 10:28:33 | start-impl-btn doc-scan hwnd=524752 doc-btns=84
2026-05-05 10:28:33 | start-impl-btn window-scan hwnd=524752 total-btns=87
2026-05-05 10:28:33 | start-impl-btn doc-scan hwnd=199580 doc-btns=42
2026-05-05 10:28:33 | start-impl-btn window-scan hwnd=199580 total-btns=45
2026-05-05 10:28:34 | start-impl-probe ide-windows=3
2026-05-05 10:28:34 | start-impl-btn doc-scan hwnd=68592 doc-btns=35
2026-05-05 10:28:34 | start-impl-btn window-scan hwnd=68592 total-btns=38
2026-05-05 10:28:34 | start-impl-btn doc-scan hwnd=524752 doc-btns=84
2026-05-05 10:28:34 | start-impl-btn window-scan hwnd=524752 total-btns=87
2026-05-05 10:28:34 | start-impl-btn doc-scan hwnd=199580 doc-btns=42
2026-05-05 10:28:34 | start-impl-btn window-scan hwnd=199580 total-btns=45
2026-05-05 10:28:34 | start-impl-probe ide-windows=3
2026-05-05 10:28:35 | start-impl-btn doc-scan hwnd=68592 doc-btns=35
2026-05-05 10:28:35 | start-impl-btn window-scan hwnd=68592 total-btns=38
2026-05-05 10:28:35 | start-impl-btn doc-scan hwnd=524752 doc-btns=84
2026-05-05 10:28:35 | start-impl-btn window-scan hwnd=524752 total-btns=87
2026-05-05 10:28:35 | start-impl-btn doc-scan hwnd=199580 doc-btns=42
2026-05-05 10:28:35 | start-impl-btn window-scan hwnd=199580 total-btns=45
2026-05-05 10:28:35 | start-impl-probe ide-windows=3
2026-05-05 10:28:35 | start-impl-btn doc-scan hwnd=68592 doc-btns=35
2026-05-05 10:28:36 | start-impl-btn window-scan hwnd=68592 total-btns=38
2026-05-05 10:28:36 | start-impl-btn doc-scan hwnd=524752 doc-btns=84
2026-05-05 10:28:36 | start-impl-btn window-scan hwnd=524752 total-btns=87
2026-05-05 10:28:36 | start-impl-btn doc-scan hwnd=199580 doc-btns=42
2026-05-05 10:28:36 | start-impl-btn window-scan hwnd=199580 total-btns=45
2026-05-05 10:28:36 | start-impl-probe ide-windows=3
2026-05-05 10:28:36 | start-impl-btn doc-scan hwnd=68592 doc-btns=35
2026-05-05 10:28:36 | start-impl-btn window-scan hwnd=68592 total-btns=38
2026-05-05 10:28:36 | start-impl-btn doc-scan hwnd=524752 doc-btns=84
2026-05-05 10:28:36 | start-impl-btn window-scan hwnd=524752 total-btns=87
2026-05-05 10:28:37 | start-impl-btn doc-scan hwnd=199580 doc-btns=42
2026-05-05 10:28:37 | start-impl-btn window-scan hwnd=199580 total-btns=45
2026-05-05 10:28:37 | start-impl-probe ide-windows=3
2026-05-05 10:28:37 | start-impl-btn doc-scan hwnd=68592 doc-btns=35
2026-05-05 10:28:37 | start-impl-btn window-scan hwnd=68592 total-btns=38
2026-05-05 10:28:37 | start-impl-btn doc-scan hwnd=524752 doc-btns=84
2026-05-05 10:28:38 | start-impl-btn window-scan hwnd=524752 total-btns=87
2026-05-05 10:28:38 | start-impl-btn doc-scan hwnd=199580 doc-btns=42
2026-05-05 10:28:38 | start-impl-btn window-scan hwnd=199580 total-btns=45
2026-05-05 10:28:38 | start-impl-probe ide-windows=3
2026-05-05 10:28:38 | start-impl-btn doc-scan hwnd=68592 doc-btns=35
2026-05-05 10:28:38 | start-impl-btn window-scan hwnd=68592 total-btns=38
2026-05-05 10:28:38 | start-impl-btn doc-scan hwnd=524752 doc-btns=84
2026-05-05 10:28:38 | start-impl-btn window-scan hwnd=524752 total-btns=87
2026-05-05 10:28:38 | start-impl-btn doc-scan hwnd=199580 doc-btns=42
2026-05-05 10:28:38 | start-impl-btn window-scan hwnd=199580 total-btns=45
2026-05-05 10:28:39 | start-impl-probe ide-windows=3
2026-05-05 10:28:39 | start-impl-btn doc-scan hwnd=68592 doc-btns=35
2026-05-05 10:28:39 | start-impl-btn window-scan hwnd=68592 total-btns=38
2026-05-05 10:28:39 | start-impl-btn doc-scan hwnd=524752 doc-btns=84
2026-05-05 10:28:39 | start-impl-btn window-scan hwnd=524752 total-btns=87
2026-05-05 10:28:39 | start-impl-btn doc-scan hwnd=199580 doc-btns=42
2026-05-05 10:28:39 | start-impl-btn window-scan hwnd=199580 total-btns=45
2026-05-05 10:28:40 | start-impl-probe ide-windows=3
2026-05-05 10:28:40 | start-impl-btn doc-scan hwnd=68592 doc-btns=35
2026-05-05 10:28:40 | start-impl-btn window-scan hwnd=68592 total-btns=38
2026-05-05 10:28:40 | start-impl-btn doc-scan hwnd=524752 doc-btns=84
2026-05-05 10:28:40 | start-impl-btn window-scan hwnd=524752 total-btns=87
2026-05-05 10:28:40 | start-impl-btn doc-scan hwnd=199580 doc-btns=42
2026-05-05 10:28:40 | start-impl-btn window-scan hwnd=199580 total-btns=45
2026-05-05 10:28:41 | start-impl-probe ide-windows=3
2026-05-05 10:28:41 | start-impl-btn doc-scan hwnd=68592 doc-btns=35
2026-05-05 10:28:41 | start-impl-btn window-scan hwnd=68592 total-btns=38
2026-05-05 10:28:41 | start-impl-btn doc-scan hwnd=524752 doc-btns=84
2026-05-05 10:28:41 | start-impl-btn window-scan hwnd=524752 total-btns=87
2026-05-05 10:28:41 | start-impl-btn doc-scan hwnd=199580 doc-btns=42
2026-05-05 10:28:41 | start-impl-btn window-scan hwnd=199580 total-btns=45
2026-05-05 10:28:42 | start-impl-probe ide-windows=3
2026-05-05 10:28:42 | start-impl-btn doc-scan hwnd=68592 doc-btns=35
2026-05-05 10:28:42 | start-impl-btn window-scan hwnd=68592 total-btns=38
2026-05-05 10:28:42 | start-impl-btn doc-scan hwnd=524752 doc-btns=84
2026-05-05 10:28:42 | start-impl-btn window-scan hwnd=524752 total-btns=87
2026-05-05 10:28:42 | start-impl-btn doc-scan hwnd=199580 doc-btns=42
2026-05-05 10:28:42 | start-impl-btn window-scan hwnd=199580 total-btns=45
2026-05-05 10:28:43 | start-impl-probe ide-windows=3
2026-05-05 10:28:43 | start-impl-btn doc-scan hwnd=68592 doc-btns=35
2026-05-05 10:28:43 | start-impl-btn window-scan hwnd=68592 total-btns=38
2026-05-05 10:28:43 | start-impl-btn doc-scan hwnd=524752 doc-btns=84
2026-05-05 10:28:43 | start-impl-btn window-scan hwnd=524752 total-btns=87
2026-05-05 10:28:43 | start-impl-btn window-scan hwnd=199580 total-btns=45
2026-05-05 10:28:44 | start-impl-probe ide-windows=3
2026-05-05 10:28:44 | start-impl-btn doc-scan hwnd=68592 doc-btns=35
2026-05-05 10:28:44 | start-impl-btn window-scan hwnd=68592 total-btns=38
2026-05-05 10:28:44 | start-impl-btn doc-scan hwnd=524752 doc-btns=84
2026-05-05 10:28:44 | start-impl-btn window-scan hwnd=524752 total-btns=87
2026-05-05 10:28:44 | start-impl-btn doc-scan hwnd=199580 doc-btns=42
2026-05-05 10:28:44 | start-impl-btn window-scan hwnd=199580 total-btns=45
2026-05-05 10:28:44 | start-impl-probe ide-windows=3
2026-05-05 10:28:44 | start-impl-btn doc-scan hwnd=68592 doc-btns=35
2026-05-05 10:28:45 | start-impl-btn window-scan hwnd=68592 total-btns=38
2026-05-05 10:28:45 | start-impl-btn doc-scan hwnd=524752 doc-btns=84
2026-05-05 10:28:45 | start-impl-btn window-scan hwnd=524752 total-btns=87
2026-05-05 10:28:45 | start-impl-btn doc-scan hwnd=199580 doc-btns=42
2026-05-05 10:28:45 | start-impl-btn window-scan hwnd=199580 total-btns=45
2026-05-05 10:28:45 | start-impl-probe ide-windows=3
2026-05-05 10:28:45 | start-impl-btn doc-scan hwnd=68592 doc-btns=35
2026-05-05 10:28:45 | start-impl-btn window-scan hwnd=68592 total-btns=38
2026-05-05 10:28:45 | start-impl-btn doc-scan hwnd=524752 doc-btns=84
2026-05-05 10:28:46 | start-impl-btn window-scan hwnd=524752 total-btns=87
2026-05-05 10:28:46 | start-impl-btn doc-scan hwnd=199580 doc-btns=42
2026-05-05 10:28:46 | start-impl-btn window-scan hwnd=199580 total-btns=45
2026-05-05 10:28:46 | start-impl-probe ide-windows=3
2026-05-05 10:28:46 | start-impl-btn doc-scan hwnd=68592 doc-btns=35
2026-05-05 10:28:46 | start-impl-btn window-scan hwnd=68592 total-btns=38
2026-05-05 10:28:46 | start-impl-btn doc-scan hwnd=524752 doc-btns=84
2026-05-05 10:28:46 | start-impl-btn window-scan hwnd=524752 total-btns=87
2026-05-05 10:28:46 | start-impl-btn doc-scan hwnd=199580 doc-btns=42
2026-05-05 10:28:46 | start-impl-btn window-scan hwnd=199580 total-btns=45
2026-05-05 10:28:47 | start-impl-probe ide-windows=3
2026-05-05 10:28:47 | start-impl-btn doc-scan hwnd=68592 doc-btns=35
2026-05-05 10:28:47 | start-impl-btn window-scan hwnd=68592 total-btns=38
2026-05-05 10:28:47 | start-impl-btn doc-scan hwnd=524752 doc-btns=84
2026-05-05 10:28:47 | start-impl-btn window-scan hwnd=524752 total-btns=87
2026-05-05 10:28:47 | start-impl-btn doc-scan hwnd=199580 doc-btns=42
2026-05-05 10:28:47 | start-impl-btn window-scan hwnd=199580 total-btns=45
2026-05-05 10:28:48 | start-impl-probe ide-windows=3
2026-05-05 10:28:48 | start-impl-btn doc-scan hwnd=68592 doc-btns=35
2026-05-05 10:28:48 | start-impl-btn window-scan hwnd=68592 total-btns=38
2026-05-05 10:28:48 | start-impl-btn doc-scan hwnd=524752 doc-btns=84
2026-05-05 10:28:48 | start-impl-btn window-scan hwnd=524752 total-btns=87
2026-05-05 10:28:48 | start-impl-btn doc-scan hwnd=199580 doc-btns=42
2026-05-05 10:28:48 | start-impl-btn window-scan hwnd=199580 total-btns=45
2026-05-05 10:28:49 | start-impl-probe ide-windows=3
2026-05-05 10:28:49 | start-impl-btn doc-scan hwnd=68592 doc-btns=35
2026-05-05 10:28:49 | start-impl-btn window-scan hwnd=68592 total-btns=38
2026-05-05 10:28:49 | start-impl-btn doc-scan hwnd=524752 doc-btns=84
2026-05-05 10:28:49 | start-impl-btn window-scan hwnd=524752 total-btns=87
2026-05-05 10:28:49 | start-impl-btn doc-scan hwnd=199580 doc-btns=42
2026-05-05 10:28:49 | start-impl-btn window-scan hwnd=199580 total-btns=45
2026-05-05 10:28:50 | start-impl-probe ide-windows=3
2026-05-05 10:28:50 | start-impl-btn doc-scan hwnd=68592 doc-btns=35
2026-05-05 10:28:50 | start-impl-btn window-scan hwnd=68592 total-btns=38
2026-05-05 10:28:50 | start-impl-btn doc-scan hwnd=524752 doc-btns=84
2026-05-05 10:28:50 | start-impl-btn window-scan hwnd=524752 total-btns=87
2026-05-05 10:28:50 | start-impl-btn doc-scan hwnd=199580 doc-btns=42
2026-05-05 10:28:50 | start-impl-btn window-scan hwnd=199580 total-btns=45
2026-05-05 10:28:51 | start-impl-probe ide-windows=3
2026-05-05 10:28:51 | start-impl-btn doc-scan hwnd=68592 doc-btns=35
2026-05-05 10:28:51 | start-impl-btn window-scan hwnd=68592 total-btns=38
2026-05-05 10:28:51 | start-impl-btn doc-scan hwnd=524752 doc-btns=84
2026-05-05 10:28:51 | start-impl-btn window-scan hwnd=524752 total-btns=87
2026-05-05 10:28:51 | start-impl-btn doc-scan hwnd=199580 doc-btns=42
2026-05-05 10:28:51 | start-impl-btn window-scan hwnd=199580 total-btns=45
2026-05-05 10:28:52 | start-impl-probe ide-windows=3
2026-05-05 10:28:52 | start-impl-btn doc-scan hwnd=68592 doc-btns=35
2026-05-05 10:28:52 | start-impl-btn window-scan hwnd=68592 total-btns=38
2026-05-05 10:28:52 | start-impl-btn doc-scan hwnd=524752 doc-btns=84
2026-05-05 10:28:52 | start-impl-btn window-scan hwnd=524752 total-btns=87
2026-05-05 10:28:52 | start-impl-btn doc-scan hwnd=199580 doc-btns=42
2026-05-05 10:28:52 | start-impl-btn window-scan hwnd=199580 total-btns=45
2026-05-05 10:28:53 | start-impl-probe ide-windows=3
2026-05-05 10:28:53 | start-impl-btn doc-scan hwnd=68592 doc-btns=35
2026-05-05 10:28:53 | start-impl-btn window-scan hwnd=68592 total-btns=38
2026-05-05 10:28:53 | start-impl-btn doc-scan hwnd=524752 doc-btns=84
2026-05-05 10:28:53 | start-impl-btn window-scan hwnd=524752 total-btns=87
2026-05-05 10:28:53 | start-impl-btn doc-scan hwnd=199580 doc-btns=42
2026-05-05 10:28:53 | start-impl-btn window-scan hwnd=199580 total-btns=45
2026-05-05 10:28:54 | start-impl-probe ide-windows=3
2026-05-05 10:28:54 | start-impl-btn doc-scan hwnd=68592 doc-btns=35
2026-05-05 10:28:54 | start-impl-btn window-scan hwnd=68592 total-btns=38
2026-05-05 10:28:54 | start-impl-btn doc-scan hwnd=524752 doc-btns=84
2026-05-05 10:28:54 | start-impl-btn window-scan hwnd=524752 total-btns=87
2026-05-05 10:28:54 | start-impl-btn doc-scan hwnd=199580 doc-btns=42
2026-05-05 10:28:54 | start-impl-btn window-scan hwnd=199580 total-btns=45
2026-05-05 10:28:54 | start-impl-probe ide-windows=3
2026-05-05 10:28:54 | start-impl-btn doc-scan hwnd=68592 doc-btns=35
2026-05-05 10:28:55 | start-impl-btn window-scan hwnd=68592 total-btns=38
2026-05-05 10:28:55 | start-impl-btn window-scan hwnd=524752 total-btns=87
2026-05-05 10:28:55 | start-impl-btn doc-scan hwnd=199580 doc-btns=42
2026-05-05 10:28:55 | start-impl-btn window-scan hwnd=199580 total-btns=45
2026-05-05 10:28:55 | start-impl-probe ide-windows=3
2026-05-05 10:28:55 | start-impl-btn doc-scan hwnd=68592 doc-btns=35
2026-05-05 10:28:55 | start-impl-btn window-scan hwnd=68592 total-btns=38
2026-05-05 10:28:55 | start-impl-btn doc-scan hwnd=524752 doc-btns=84
2026-05-05 10:28:56 | start-impl-btn window-scan hwnd=524752 total-btns=87
2026-05-05 10:28:56 | start-impl-btn doc-scan hwnd=199580 doc-btns=42
2026-05-05 10:28:56 | start-impl-btn window-scan hwnd=199580 total-btns=45
2026-05-05 10:28:56 | start-impl-probe ide-windows=3
2026-05-05 10:28:56 | start-impl-btn doc-scan hwnd=68592 doc-btns=35
2026-05-05 10:28:56 | start-impl-btn window-scan hwnd=68592 total-btns=38
2026-05-05 10:28:56 | start-impl-btn doc-scan hwnd=524752 doc-btns=84
2026-05-05 10:28:57 | start-impl-btn window-scan hwnd=524752 total-btns=87
2026-05-05 10:28:57 | start-impl-btn doc-scan hwnd=199580 doc-btns=42
2026-05-05 10:28:57 | start-impl-btn window-scan hwnd=199580 total-btns=45
2026-05-05 10:28:57 | start-impl-probe ide-windows=3
2026-05-05 10:28:57 | start-impl-btn doc-scan hwnd=68592 doc-btns=35
2026-05-05 10:28:57 | start-impl-btn window-scan hwnd=68592 total-btns=38
2026-05-05 10:28:57 | start-impl-btn doc-scan hwnd=524752 doc-btns=84
2026-05-05 10:28:57 | start-impl-btn doc-scan hwnd=199580 doc-btns=42
2026-05-05 10:28:57 | start-impl-btn window-scan hwnd=199580 total-btns=45
2026-05-05 10:28:58 | start-impl-probe ide-windows=3
2026-05-05 10:28:58 | start-impl-btn doc-scan hwnd=68592 doc-btns=35
2026-05-05 10:28:58 | start-impl-btn window-scan hwnd=68592 total-btns=38
2026-05-05 10:28:58 | start-impl-btn doc-scan hwnd=524752 doc-btns=84
2026-05-05 10:28:58 | start-impl-btn window-scan hwnd=524752 total-btns=87
2026-05-05 10:28:58 | start-impl-btn doc-scan hwnd=199580 doc-btns=42
2026-05-05 10:28:58 | start-impl-btn window-scan hwnd=199580 total-btns=45
2026-05-05 10:28:59 | start-impl-probe ide-windows=3
2026-05-05 10:28:59 | start-impl-btn doc-scan hwnd=68592 doc-btns=35
2026-05-05 10:28:59 | start-impl-btn window-scan hwnd=68592 total-btns=38
2026-05-05 10:28:59 | start-impl-btn doc-scan hwnd=524752 doc-btns=84
2026-05-05 10:28:59 | start-impl-btn window-scan hwnd=524752 total-btns=87
2026-05-05 10:28:59 | start-impl-btn doc-scan hwnd=199580 doc-btns=42
2026-05-05 10:28:59 | start-impl-btn window-scan hwnd=199580 total-btns=45
2026-05-05 10:29:00 | start-impl-probe ide-windows=3
2026-05-05 10:29:00 | start-impl-btn doc-scan hwnd=68592 doc-btns=35
2026-05-05 10:29:00 | start-impl-btn window-scan hwnd=68592 total-btns=38
2026-05-05 10:29:00 | start-impl-btn doc-scan hwnd=524752 doc-btns=84
2026-05-05 10:29:00 | start-impl-btn window-scan hwnd=524752 total-btns=87
2026-05-05 10:29:00 | start-impl-btn doc-scan hwnd=199580 doc-btns=42
2026-05-05 10:29:00 | start-impl-btn window-scan hwnd=199580 total-btns=45
2026-05-05 10:29:01 | start-impl-probe ide-windows=3
2026-05-05 10:29:01 | start-impl-btn doc-scan hwnd=68592 doc-btns=35
2026-05-05 10:29:01 | start-impl-btn window-scan hwnd=68592 total-btns=38
2026-05-05 10:29:01 | start-impl-btn doc-scan hwnd=524752 doc-btns=84
2026-05-05 10:29:01 | start-impl-btn window-scan hwnd=524752 total-btns=87
2026-05-05 10:29:01 | start-impl-btn doc-scan hwnd=199580 doc-btns=42
2026-05-05 10:29:01 | start-impl-btn window-scan hwnd=199580 total-btns=45
2026-05-05 10:29:02 | start-impl-probe ide-windows=3
2026-05-05 10:29:02 | start-impl-btn doc-scan hwnd=68592 doc-btns=35
2026-05-05 10:29:02 | start-impl-btn window-scan hwnd=68592 total-btns=38
2026-05-05 10:29:02 | start-impl-btn doc-scan hwnd=524752 doc-btns=84
2026-05-05 10:29:02 | start-impl-btn window-scan hwnd=524752 total-btns=87
2026-05-05 10:29:02 | start-impl-btn doc-scan hwnd=199580 doc-btns=42
2026-05-05 10:29:02 | start-impl-btn window-scan hwnd=199580 total-btns=45
2026-05-05 10:29:03 | start-impl-probe ide-windows=3
2026-05-05 10:29:03 | start-impl-btn doc-scan hwnd=68592 doc-btns=35
2026-05-05 10:29:03 | start-impl-btn window-scan hwnd=68592 total-btns=38
2026-05-05 10:29:03 | start-impl-btn doc-scan hwnd=524752 doc-btns=84
2026-05-05 10:29:03 | start-impl-btn window-scan hwnd=524752 total-btns=87
2026-05-05 10:29:03 | start-impl-btn doc-scan hwnd=199580 doc-btns=42
2026-05-05 10:29:03 | start-impl-btn window-scan hwnd=199580 total-btns=45
2026-05-05 10:29:03 | start-impl-probe ide-windows=3
2026-05-05 10:29:04 | start-impl-btn doc-scan hwnd=68592 doc-btns=35
2026-05-05 10:29:04 | start-impl-btn window-scan hwnd=68592 total-btns=38
2026-05-05 10:29:04 | start-impl-btn doc-scan hwnd=524752 doc-btns=84
2026-05-05 10:29:04 | start-impl-btn window-scan hwnd=524752 total-btns=87
2026-05-05 10:29:04 | start-impl-btn doc-scan hwnd=199580 doc-btns=42
2026-05-05 10:29:04 | start-impl-btn window-scan hwnd=199580 total-btns=45
2026-05-05 10:29:04 | start-impl-probe ide-windows=3
2026-05-05 10:29:04 | start-impl-btn doc-scan hwnd=68592 doc-btns=35
2026-05-05 10:29:04 | start-impl-btn window-scan hwnd=68592 total-btns=38
2026-05-05 10:29:04 | start-impl-btn doc-scan hwnd=524752 doc-btns=84
2026-05-05 10:29:05 | start-impl-btn window-scan hwnd=524752 total-btns=87
2026-05-05 10:29:05 | start-impl-btn doc-scan hwnd=199580 doc-btns=42
2026-05-05 10:29:05 | start-impl-btn window-scan hwnd=199580 total-btns=45
2026-05-05 10:29:05 | start-impl-probe ide-windows=3
2026-05-05 10:29:05 | start-impl-btn doc-scan hwnd=68592 doc-btns=35
2026-05-05 10:29:05 | start-impl-btn window-scan hwnd=68592 total-btns=38
2026-05-05 10:29:05 | start-impl-btn doc-scan hwnd=524752 doc-btns=84
2026-05-05 10:29:06 | start-impl-btn window-scan hwnd=524752 total-btns=87
2026-05-05 10:29:06 | start-impl-btn doc-scan hwnd=199580 doc-btns=42
2026-05-05 10:29:06 | start-impl-btn window-scan hwnd=199580 total-btns=45
2026-05-05 10:29:06 | start-impl-probe ide-windows=3
2026-05-05 10:29:06 | start-impl-btn doc-scan hwnd=68592 doc-btns=35
2026-05-05 10:29:06 | start-impl-btn window-scan hwnd=68592 total-btns=38
2026-05-05 10:29:06 | start-impl-btn doc-scan hwnd=524752 doc-btns=84
2026-05-05 10:29:06 | start-impl-btn window-scan hwnd=524752 total-btns=87
2026-05-05 10:29:07 | start-impl-btn doc-scan hwnd=199580 doc-btns=42
2026-05-05 10:29:07 | start-impl-btn window-scan hwnd=199580 total-btns=45
2026-05-05 10:29:07 | start-impl-probe ide-windows=3
2026-05-05 10:29:07 | start-impl-btn doc-scan hwnd=68592 doc-btns=35
2026-05-05 10:29:07 | start-impl-btn window-scan hwnd=68592 total-btns=38
2026-05-05 10:29:07 | start-impl-btn doc-scan hwnd=524752 doc-btns=84
2026-05-05 10:29:07 | start-impl-btn window-scan hwnd=524752 total-btns=87
2026-05-05 10:29:07 | start-impl-btn doc-scan hwnd=199580 doc-btns=42
2026-05-05 10:29:07 | start-impl-btn window-scan hwnd=199580 total-btns=45
2026-05-05 10:29:08 | start-impl-probe ide-windows=3
2026-05-05 10:29:08 | start-impl-btn doc-scan hwnd=68592 doc-btns=35
2026-05-05 10:29:08 | start-impl-btn window-scan hwnd=68592 total-btns=38
2026-05-05 10:29:08 | start-impl-btn doc-scan hwnd=524752 doc-btns=84
2026-05-05 10:29:08 | start-impl-btn window-scan hwnd=524752 total-btns=87
2026-05-05 10:29:08 | start-impl-btn doc-scan hwnd=199580 doc-btns=42
2026-05-05 10:29:08 | start-impl-btn window-scan hwnd=199580 total-btns=45
2026-05-05 10:29:09 | start-impl-probe ide-windows=3
2026-05-05 10:29:09 | start-impl-btn doc-scan hwnd=68592 doc-btns=35
2026-05-05 10:29:09 | start-impl-btn window-scan hwnd=68592 total-btns=38
2026-05-05 10:29:09 | start-impl-btn doc-scan hwnd=524752 doc-btns=84
2026-05-05 10:29:09 | start-impl-btn window-scan hwnd=524752 total-btns=87
2026-05-05 10:29:09 | start-impl-btn doc-scan hwnd=199580 doc-btns=42
2026-05-05 10:29:09 | start-impl-btn window-scan hwnd=199580 total-btns=45
2026-05-05 10:29:10 | start-impl-probe ide-windows=3
2026-05-05 10:29:10 | start-impl-btn doc-scan hwnd=68592 doc-btns=35
2026-05-05 10:29:10 | start-impl-btn window-scan hwnd=68592 total-btns=38
2026-05-05 10:29:10 | start-impl-btn doc-scan hwnd=524752 doc-btns=84
2026-05-05 10:29:10 | start-impl-btn window-scan hwnd=524752 total-btns=87
2026-05-05 10:29:10 | start-impl-btn doc-scan hwnd=199580 doc-btns=42
2026-05-05 10:29:10 | start-impl-btn window-scan hwnd=199580 total-btns=45
2026-05-05 10:29:11 | start-impl-probe ide-windows=3
2026-05-05 10:29:11 | start-impl-btn doc-scan hwnd=68592 doc-btns=35
2026-05-05 10:29:11 | start-impl-btn window-scan hwnd=68592 total-btns=38
2026-05-05 10:29:11 | start-impl-btn doc-scan hwnd=524752 doc-btns=84
2026-05-05 10:29:11 | start-impl-btn window-scan hwnd=524752 total-btns=87
2026-05-05 10:29:11 | start-impl-btn doc-scan hwnd=199580 doc-btns=42
2026-05-05 10:29:11 | start-impl-btn window-scan hwnd=199580 total-btns=45
2026-05-05 10:29:12 | start-impl-probe ide-windows=3
2026-05-05 10:29:12 | start-impl-btn doc-scan hwnd=68592 doc-btns=35
2026-05-05 10:29:12 | start-impl-btn window-scan hwnd=68592 total-btns=38
2026-05-05 10:29:12 | start-impl-btn doc-scan hwnd=524752 doc-btns=84
2026-05-05 10:29:12 | start-impl-btn window-scan hwnd=524752 total-btns=87
2026-05-05 10:29:12 | start-impl-btn doc-scan hwnd=199580 doc-btns=42
2026-05-05 10:29:12 | start-impl-btn window-scan hwnd=199580 total-btns=45
2026-05-05 10:29:13 | start-impl-probe ide-windows=3
2026-05-05 10:29:13 | start-impl-btn doc-scan hwnd=68592 doc-btns=35
2026-05-05 10:29:13 | start-impl-btn window-scan hwnd=68592 total-btns=38
2026-05-05 10:29:13 | start-impl-btn doc-scan hwnd=524752 doc-btns=84
2026-05-05 10:29:13 | start-impl-btn window-scan hwnd=524752 total-btns=87
2026-05-05 10:29:13 | start-impl-btn doc-scan hwnd=199580 doc-btns=42
2026-05-05 10:29:13 | start-impl-btn window-scan hwnd=199580 total-btns=45
2026-05-05 10:29:13 | start-impl-probe ide-windows=3
2026-05-05 10:29:13 | start-impl-btn doc-scan hwnd=68592 doc-btns=35
2026-05-05 10:29:14 | start-impl-btn window-scan hwnd=68592 total-btns=38
2026-05-05 10:29:14 | start-impl-btn doc-scan hwnd=524752 doc-btns=84
2026-05-05 10:29:14 | start-impl-btn window-scan hwnd=524752 total-btns=87
2026-05-05 10:29:14 | start-impl-btn doc-scan hwnd=199580 doc-btns=42
2026-05-05 10:29:14 | start-impl-btn window-scan hwnd=199580 total-btns=45
2026-05-05 10:29:14 | start-impl-probe ide-windows=3
2026-05-05 10:29:14 | start-impl-btn doc-scan hwnd=68592 doc-btns=35
2026-05-05 10:29:15 | start-impl-btn doc-scan hwnd=524752 doc-btns=84
2026-05-05 10:29:15 | start-impl-btn window-scan hwnd=524752 total-btns=87
2026-05-05 10:29:15 | start-impl-btn doc-scan hwnd=199580 doc-btns=42
2026-05-05 10:29:16 | start-impl-btn window-scan hwnd=199580 total-btns=45
2026-05-05 10:29:16 | start-impl-probe ide-windows=3
2026-05-05 10:29:16 | start-impl-btn doc-scan hwnd=68592 doc-btns=35
2026-05-05 10:29:16 | start-impl-btn window-scan hwnd=68592 total-btns=38
2026-05-05 10:29:16 | start-impl-btn doc-scan hwnd=524752 doc-btns=84
2026-05-05 10:29:16 | start-impl-btn window-scan hwnd=524752 total-btns=87
2026-05-05 10:29:16 | start-impl-btn doc-scan hwnd=199580 doc-btns=42
2026-05-05 10:29:16 | start-impl-btn window-scan hwnd=199580 total-btns=45
2026-05-05 10:29:17 | start-impl-probe ide-windows=3
2026-05-05 10:29:17 | start-impl-btn doc-scan hwnd=68592 doc-btns=35
2026-05-05 10:29:17 | start-impl-btn window-scan hwnd=68592 total-btns=38
2026-05-05 10:29:17 | start-impl-btn doc-scan hwnd=524752 doc-btns=84
2026-05-05 10:29:17 | start-impl-btn window-scan hwnd=524752 total-btns=87
2026-05-05 10:29:17 | start-impl-btn doc-scan hwnd=199580 doc-btns=42
2026-05-05 10:29:17 | start-impl-btn window-scan hwnd=199580 total-btns=45
2026-05-05 10:29:18 | start-impl-probe ide-windows=3
2026-05-05 10:29:18 | start-impl-btn doc-scan hwnd=68592 doc-btns=35
2026-05-05 10:29:18 | start-impl-btn window-scan hwnd=68592 total-btns=38
2026-05-05 10:29:18 | start-impl-btn doc-scan hwnd=524752 doc-btns=84
2026-05-05 10:29:18 | start-impl-btn window-scan hwnd=524752 total-btns=87
2026-05-05 10:29:18 | start-impl-btn doc-scan hwnd=199580 doc-btns=42
2026-05-05 10:29:18 | start-impl-btn window-scan hwnd=199580 total-btns=45
2026-05-05 10:29:19 | start-impl-probe ide-windows=3
2026-05-05 10:29:19 | start-impl-btn doc-scan hwnd=68592 doc-btns=35
2026-05-05 10:29:19 | start-impl-btn window-scan hwnd=68592 total-btns=38
2026-05-05 10:29:19 | start-impl-btn doc-scan hwnd=524752 doc-btns=84
2026-05-05 10:29:19 | start-impl-btn window-scan hwnd=524752 total-btns=87
2026-05-05 10:29:19 | start-impl-btn doc-scan hwnd=199580 doc-btns=42
2026-05-05 10:29:19 | start-impl-btn window-scan hwnd=199580 total-btns=45
2026-05-05 10:29:20 | start-impl-probe ide-windows=3
2026-05-05 10:29:20 | start-impl-btn doc-scan hwnd=68592 doc-btns=35
2026-05-05 10:29:20 | start-impl-btn window-scan hwnd=68592 total-btns=38
2026-05-05 10:29:20 | start-impl-btn doc-scan hwnd=524752 doc-btns=84
2026-05-05 10:29:20 | start-impl-btn window-scan hwnd=524752 total-btns=87
2026-05-05 10:29:20 | start-impl-btn doc-scan hwnd=199580 doc-btns=42
2026-05-05 10:29:20 | start-impl-btn window-scan hwnd=199580 total-btns=45
2026-05-05 10:29:20 | start-impl-probe ide-windows=3
2026-05-05 10:29:20 | start-impl-btn doc-scan hwnd=68592 doc-btns=36
2026-05-05 10:29:21 | start-impl-btn window-scan hwnd=68592 total-btns=39
2026-05-05 10:29:21 | start-impl-btn doc-scan hwnd=524752 doc-btns=84
2026-05-05 10:29:21 | start-impl-btn window-scan hwnd=524752 total-btns=87
2026-05-05 10:29:21 | start-impl-btn doc-scan hwnd=199580 doc-btns=42
2026-05-05 10:29:21 | start-impl-btn window-scan hwnd=199580 total-btns=45
2026-05-05 10:29:21 | start-impl-probe ide-windows=3
2026-05-05 10:29:21 | start-impl-btn doc-scan hwnd=68592 doc-btns=36
2026-05-05 10:29:21 | start-impl-btn window-scan hwnd=68592 total-btns=39
2026-05-05 10:29:21 | start-impl-btn doc-scan hwnd=524752 doc-btns=84
2026-05-05 10:29:22 | start-impl-btn window-scan hwnd=524752 total-btns=87
2026-05-05 10:29:22 | start-impl-btn doc-scan hwnd=199580 doc-btns=42
2026-05-05 10:29:22 | start-impl-btn window-scan hwnd=199580 total-btns=45
2026-05-05 10:29:22 | start-impl-probe ide-windows=3
2026-05-05 10:29:22 | start-impl-btn doc-scan hwnd=68592 doc-btns=36
2026-05-05 10:29:22 | start-impl-btn window-scan hwnd=68592 total-btns=39
2026-05-05 10:29:22 | start-impl-btn doc-scan hwnd=524752 doc-btns=84
2026-05-05 10:29:22 | start-impl-btn window-scan hwnd=524752 total-btns=87
2026-05-05 10:29:22 | start-impl-btn doc-scan hwnd=199580 doc-btns=42
2026-05-05 10:29:23 | start-impl-probe ide-windows=3
2026-05-05 10:29:23 | start-impl-btn doc-scan hwnd=68592 doc-btns=35
2026-05-05 10:29:23 | start-impl-btn window-scan hwnd=68592 total-btns=38
2026-05-05 10:29:23 | start-impl-btn doc-scan hwnd=524752 doc-btns=84
2026-05-05 10:29:23 | start-impl-btn window-scan hwnd=524752 total-btns=87
2026-05-05 10:29:23 | start-impl-btn doc-scan hwnd=199580 doc-btns=42
2026-05-05 10:29:23 | start-impl-btn window-scan hwnd=199580 total-btns=45
2026-05-05 10:29:24 | start-impl-probe ide-windows=3
2026-05-05 10:29:24 | start-impl-btn doc-scan hwnd=68592 doc-btns=35
2026-05-05 10:29:24 | start-impl-btn window-scan hwnd=68592 total-btns=38
2026-05-05 10:29:24 | start-impl-btn doc-scan hwnd=524752 doc-btns=85
2026-05-05 10:29:24 | start-impl-btn window-scan hwnd=524752 total-btns=88
2026-05-05 10:29:24 | start-impl-btn doc-scan hwnd=199580 doc-btns=42
2026-05-05 10:29:24 | start-impl-btn window-scan hwnd=199580 total-btns=45
2026-05-05 10:29:25 | start-impl-probe ide-windows=3
2026-05-05 10:29:25 | start-impl-btn doc-scan hwnd=68592 doc-btns=35
2026-05-05 10:29:25 | start-impl-btn window-scan hwnd=68592 total-btns=38
2026-05-05 10:29:25 | start-impl-btn doc-scan hwnd=524752 doc-btns=85
2026-05-05 10:29:25 | start-impl-btn window-scan hwnd=524752 total-btns=88
2026-05-05 10:29:25 | start-impl-btn doc-scan hwnd=199580 doc-btns=42
2026-05-05 10:29:25 | start-impl-btn window-scan hwnd=199580 total-btns=45
2026-05-05 10:29:26 | start-impl-probe ide-windows=3
2026-05-05 10:29:26 | start-impl-btn doc-scan hwnd=68592 doc-btns=35
2026-05-05 10:29:26 | start-impl-btn window-scan hwnd=68592 total-btns=38
2026-05-05 10:29:26 | start-impl-btn doc-scan hwnd=524752 doc-btns=85
2026-05-05 10:29:26 | start-impl-btn window-scan hwnd=524752 total-btns=88
2026-05-05 10:29:26 | start-impl-btn doc-scan hwnd=199580 doc-btns=42
2026-05-05 10:29:26 | start-impl-btn window-scan hwnd=199580 total-btns=45
2026-05-05 10:29:27 | start-impl-probe ide-windows=3
2026-05-05 10:29:27 | start-impl-btn doc-scan hwnd=68592 doc-btns=35
2026-05-05 10:29:27 | start-impl-btn window-scan hwnd=68592 total-btns=38
2026-05-05 10:29:27 | start-impl-btn doc-scan hwnd=524752 doc-btns=85
2026-05-05 10:29:27 | start-impl-btn window-scan hwnd=524752 total-btns=88
2026-05-05 10:29:27 | start-impl-btn doc-scan hwnd=199580 doc-btns=42
2026-05-05 10:29:27 | start-impl-btn window-scan hwnd=199580 total-btns=45
2026-05-05 10:29:28 | start-impl-probe ide-windows=3
2026-05-05 10:29:28 | start-impl-btn doc-scan hwnd=68592 doc-btns=35
2026-05-05 10:29:28 | start-impl-btn window-scan hwnd=68592 total-btns=38
2026-05-05 10:29:28 | start-impl-btn doc-scan hwnd=524752 doc-btns=85
2026-05-05 10:29:28 | start-impl-btn window-scan hwnd=524752 total-btns=88
2026-05-05 10:29:28 | start-impl-btn doc-scan hwnd=199580 doc-btns=42
2026-05-05 10:29:28 | start-impl-btn window-scan hwnd=199580 total-btns=45
2026-05-05 10:29:29 | start-impl-probe ide-windows=3
2026-05-05 10:29:29 | start-impl-btn doc-scan hwnd=68592 doc-btns=35
2026-05-05 10:29:29 | start-impl-btn window-scan hwnd=68592 total-btns=38
2026-05-05 10:29:29 | start-impl-btn doc-scan hwnd=524752 doc-btns=85
2026-05-05 10:29:29 | start-impl-btn window-scan hwnd=524752 total-btns=88
2026-05-05 10:29:29 | start-impl-btn doc-scan hwnd=199580 doc-btns=42
2026-05-05 10:29:29 | start-impl-btn window-scan hwnd=199580 total-btns=45
2026-05-05 10:29:29 | start-impl-probe ide-windows=3
2026-05-05 10:29:30 | start-impl-btn doc-scan hwnd=68592 doc-btns=35
2026-05-05 10:29:30 | start-impl-btn window-scan hwnd=68592 total-btns=38
2026-05-05 10:29:30 | start-impl-btn doc-scan hwnd=524752 doc-btns=85
2026-05-05 10:29:30 | start-impl-btn window-scan hwnd=524752 total-btns=88
2026-05-05 10:29:30 | start-impl-btn doc-scan hwnd=199580 doc-btns=42
2026-05-05 10:29:30 | start-impl-btn window-scan hwnd=199580 total-btns=45
2026-05-05 10:29:30 | start-impl-probe ide-windows=3
2026-05-05 10:29:30 | start-impl-btn doc-scan hwnd=68592 doc-btns=35
2026-05-05 10:29:30 | start-impl-btn window-scan hwnd=68592 total-btns=38
2026-05-05 10:29:31 | start-impl-btn doc-scan hwnd=524752 doc-btns=85
2026-05-05 10:29:31 | start-impl-btn window-scan hwnd=524752 total-btns=88
2026-05-05 10:29:31 | start-impl-btn doc-scan hwnd=199580 doc-btns=42
2026-05-05 10:29:31 | start-impl-btn window-scan hwnd=199580 total-btns=45
2026-05-05 10:29:31 | start-impl-probe ide-windows=3
2026-05-05 10:29:31 | start-impl-btn doc-scan hwnd=68592 doc-btns=35
2026-05-05 10:29:31 | start-impl-btn window-scan hwnd=68592 total-btns=38
2026-05-05 10:29:31 | start-impl-btn doc-scan hwnd=524752 doc-btns=85
2026-05-05 10:29:31 | start-impl-btn window-scan hwnd=524752 total-btns=88
2026-05-05 10:29:32 | start-impl-btn doc-scan hwnd=199580 doc-btns=42
2026-05-05 10:29:32 | start-impl-btn window-scan hwnd=199580 total-btns=45
2026-05-05 10:29:32 | start-impl-probe ide-windows=3
2026-05-05 10:29:32 | start-impl-btn doc-scan hwnd=68592 doc-btns=35
2026-05-05 10:29:32 | start-impl-btn window-scan hwnd=68592 total-btns=38
2026-05-05 10:29:32 | start-impl-btn doc-scan hwnd=524752 doc-btns=85
2026-05-05 10:29:32 | start-impl-btn window-scan hwnd=524752 total-btns=88
2026-05-05 10:29:32 | start-impl-btn doc-scan hwnd=199580 doc-btns=42
2026-05-05 10:29:32 | start-impl-btn window-scan hwnd=199580 total-btns=45
2026-05-05 10:29:33 | start-impl-probe ide-windows=3
2026-05-05 10:29:33 | start-impl-btn doc-scan hwnd=68592 doc-btns=36
2026-05-05 10:29:33 | start-impl-btn window-scan hwnd=68592 total-btns=39
2026-05-05 10:29:33 | start-impl-btn window-scan hwnd=524752 total-btns=88
2026-05-05 10:29:33 | start-impl-btn doc-scan hwnd=199580 doc-btns=42
2026-05-05 10:29:33 | start-impl-btn window-scan hwnd=199580 total-btns=45
2026-05-05 10:29:34 | start-impl-probe ide-windows=3
2026-05-05 10:29:34 | start-impl-btn doc-scan hwnd=68592 doc-btns=36
2026-05-05 10:29:34 | start-impl-btn window-scan hwnd=68592 total-btns=39
2026-05-05 10:29:34 | start-impl-btn doc-scan hwnd=524752 doc-btns=85
2026-05-05 10:29:34 | start-impl-btn window-scan hwnd=524752 total-btns=88
2026-05-05 10:29:34 | start-impl-btn doc-scan hwnd=199580 doc-btns=42
2026-05-05 10:29:34 | start-impl-btn window-scan hwnd=199580 total-btns=45
2026-05-05 10:29:35 | start-impl-probe ide-windows=3
2026-05-05 10:29:35 | start-impl-btn doc-scan hwnd=68592 doc-btns=36
2026-05-05 10:29:35 | start-impl-btn window-scan hwnd=68592 total-btns=39
2026-05-05 10:29:35 | start-impl-btn doc-scan hwnd=524752 doc-btns=85
2026-05-05 10:29:35 | start-impl-btn window-scan hwnd=524752 total-btns=88
2026-05-05 10:29:35 | start-impl-btn doc-scan hwnd=199580 doc-btns=42
2026-05-05 10:29:35 | start-impl-btn window-scan hwnd=199580 total-btns=45
2026-05-05 10:29:36 | start-impl-probe ide-windows=3
2026-05-05 10:29:36 | start-impl-btn doc-scan hwnd=68592 doc-btns=36
2026-05-05 10:29:36 | start-impl-btn window-scan hwnd=68592 total-btns=39
2026-05-05 10:29:36 | start-impl-btn doc-scan hwnd=524752 doc-btns=85
2026-05-05 10:29:36 | start-impl-btn window-scan hwnd=524752 total-btns=88
2026-05-05 10:29:36 | start-impl-btn doc-scan hwnd=199580 doc-btns=42
2026-05-05 10:29:36 | start-impl-btn window-scan hwnd=199580 total-btns=45
2026-05-05 10:29:37 | start-impl-probe ide-windows=3
2026-05-05 10:29:37 | start-impl-btn doc-scan hwnd=68592 doc-btns=36
2026-05-05 10:29:37 | start-impl-btn window-scan hwnd=68592 total-btns=39
2026-05-05 10:29:37 | start-impl-btn doc-scan hwnd=524752 doc-btns=85
2026-05-05 10:29:37 | start-impl-btn window-scan hwnd=524752 total-btns=88
2026-05-05 10:29:37 | start-impl-btn doc-scan hwnd=199580 doc-btns=42
2026-05-05 10:29:37 | start-impl-btn window-scan hwnd=199580 total-btns=45
2026-05-05 10:29:38 | start-impl-probe ide-windows=3
2026-05-05 10:29:38 | start-impl-btn doc-scan hwnd=68592 doc-btns=36
2026-05-05 10:29:38 | start-impl-btn window-scan hwnd=68592 total-btns=39
2026-05-05 10:29:38 | start-impl-btn doc-scan hwnd=524752 doc-btns=85
2026-05-05 10:29:38 | start-impl-btn window-scan hwnd=524752 total-btns=88
2026-05-05 10:29:38 | start-impl-btn doc-scan hwnd=199580 doc-btns=42
2026-05-05 10:29:38 | start-impl-btn window-scan hwnd=199580 total-btns=45
2026-05-05 10:29:39 | start-impl-probe ide-windows=3
2026-05-05 10:29:39 | start-impl-btn doc-scan hwnd=68592 doc-btns=36
2026-05-05 10:29:39 | start-impl-btn window-scan hwnd=68592 total-btns=39
2026-05-05 10:29:39 | start-impl-btn doc-scan hwnd=524752 doc-btns=85
2026-05-05 10:29:39 | start-impl-btn window-scan hwnd=524752 total-btns=88
2026-05-05 10:29:39 | start-impl-btn doc-scan hwnd=199580 doc-btns=42
2026-05-05 10:29:39 | start-impl-btn window-scan hwnd=199580 total-btns=45
2026-05-05 10:29:39 | start-impl-probe ide-windows=3
2026-05-05 10:29:39 | start-impl-btn doc-scan hwnd=68592 doc-btns=36
2026-05-05 10:29:39 | start-impl-btn window-scan hwnd=68592 total-btns=39
2026-05-05 10:29:40 | start-impl-btn doc-scan hwnd=524752 doc-btns=85
2026-05-05 10:29:40 | start-impl-btn window-scan hwnd=524752 total-btns=88
2026-05-05 10:29:40 | start-impl-btn doc-scan hwnd=199580 doc-btns=42
2026-05-05 10:29:40 | start-impl-btn window-scan hwnd=199580 total-btns=45
2026-05-05 10:29:40 | start-impl-probe ide-windows=3
2026-05-05 10:29:40 | start-impl-btn doc-scan hwnd=68592 doc-btns=36
2026-05-05 10:29:40 | start-impl-btn window-scan hwnd=68592 total-btns=39
2026-05-05 10:29:40 | start-impl-btn doc-scan hwnd=524752 doc-btns=85
2026-05-05 10:29:41 | start-impl-btn window-scan hwnd=524752 total-btns=88
2026-05-05 10:29:41 | start-impl-btn doc-scan hwnd=199580 doc-btns=42
2026-05-05 10:29:41 | start-impl-btn window-scan hwnd=199580 total-btns=45
2026-05-05 10:29:41 | start-impl-probe ide-windows=3
2026-05-05 10:29:41 | start-impl-btn doc-scan hwnd=68592 doc-btns=36
2026-05-05 10:29:41 | start-impl-btn window-scan hwnd=68592 total-btns=39
2026-05-05 10:29:41 | start-impl-btn doc-scan hwnd=524752 doc-btns=85
2026-05-05 10:29:41 | start-impl-btn window-scan hwnd=524752 total-btns=88
2026-05-05 10:29:41 | start-impl-btn doc-scan hwnd=199580 doc-btns=42
2026-05-05 10:29:41 | start-impl-btn window-scan hwnd=199580 total-btns=45
2026-05-05 10:29:42 | start-impl-probe ide-windows=3
2026-05-05 10:29:42 | start-impl-btn doc-scan hwnd=68592 doc-btns=36
2026-05-05 10:29:42 | start-impl-btn window-scan hwnd=68592 total-btns=39
2026-05-05 10:29:42 | start-impl-btn doc-scan hwnd=524752 doc-btns=85
2026-05-05 10:29:42 | start-impl-btn window-scan hwnd=524752 total-btns=88
2026-05-05 10:29:42 | start-impl-btn doc-scan hwnd=199580 doc-btns=42
2026-05-05 10:29:42 | start-impl-btn window-scan hwnd=199580 total-btns=45
2026-05-05 10:29:43 | start-impl-probe ide-windows=3
2026-05-05 10:29:43 | start-impl-btn doc-scan hwnd=68592 doc-btns=36
2026-05-05 10:29:43 | start-impl-btn window-scan hwnd=68592 total-btns=39
2026-05-05 10:29:43 | start-impl-btn doc-scan hwnd=524752 doc-btns=85
2026-05-05 10:29:43 | start-impl-btn window-scan hwnd=524752 total-btns=88
2026-05-05 10:29:43 | start-impl-btn doc-scan hwnd=199580 doc-btns=42
2026-05-05 10:29:43 | start-impl-btn window-scan hwnd=199580 total-btns=45
2026-05-05 10:29:44 | start-impl-probe ide-windows=3
2026-05-05 10:29:44 | start-impl-btn doc-scan hwnd=68592 doc-btns=36
2026-05-05 10:29:44 | start-impl-btn window-scan hwnd=68592 total-btns=39
2026-05-05 10:29:44 | start-impl-btn doc-scan hwnd=524752 doc-btns=85
2026-05-05 10:29:44 | start-impl-btn window-scan hwnd=524752 total-btns=88
2026-05-05 10:29:44 | start-impl-btn doc-scan hwnd=199580 doc-btns=42
2026-05-05 10:29:44 | start-impl-btn window-scan hwnd=199580 total-btns=45
2026-05-05 10:29:45 | start-impl-probe ide-windows=3
2026-05-05 10:29:45 | start-impl-btn doc-scan hwnd=68592 doc-btns=36
2026-05-05 10:29:45 | start-impl-btn window-scan hwnd=68592 total-btns=39
2026-05-05 10:29:45 | start-impl-btn doc-scan hwnd=524752 doc-btns=85
2026-05-05 10:29:45 | start-impl-btn window-scan hwnd=524752 total-btns=88
2026-05-05 10:29:45 | start-impl-btn doc-scan hwnd=199580 doc-btns=42
2026-05-05 10:29:45 | start-impl-btn window-scan hwnd=199580 total-btns=45
2026-05-05 10:29:46 | start-impl-probe ide-windows=3
2026-05-05 10:29:46 | start-impl-btn doc-scan hwnd=68592 doc-btns=36
2026-05-05 10:29:46 | start-impl-btn window-scan hwnd=68592 total-btns=39
2026-05-05 10:29:46 | start-impl-btn doc-scan hwnd=524752 doc-btns=85
2026-05-05 10:29:46 | start-impl-btn window-scan hwnd=524752 total-btns=88
2026-05-05 10:29:46 | start-impl-btn doc-scan hwnd=199580 doc-btns=42
2026-05-05 10:29:46 | start-impl-btn window-scan hwnd=199580 total-btns=45
2026-05-05 10:29:47 | start-impl-probe ide-windows=3
2026-05-05 10:29:47 | start-impl-btn doc-scan hwnd=68592 doc-btns=36
2026-05-05 10:29:47 | start-impl-btn window-scan hwnd=68592 total-btns=39
2026-05-05 10:29:47 | start-impl-btn doc-scan hwnd=524752 doc-btns=85
2026-05-05 10:29:47 | start-impl-btn window-scan hwnd=524752 total-btns=88
2026-05-05 10:29:47 | start-impl-btn doc-scan hwnd=199580 doc-btns=42
2026-05-05 10:29:47 | start-impl-btn window-scan hwnd=199580 total-btns=45
2026-05-05 10:29:48 | start-impl-probe ide-windows=3
2026-05-05 10:29:48 | start-impl-btn doc-scan hwnd=68592 doc-btns=36
2026-05-05 10:29:48 | start-impl-btn window-scan hwnd=68592 total-btns=39
2026-05-05 10:29:48 | start-impl-btn doc-scan hwnd=524752 doc-btns=85
2026-05-05 10:29:48 | start-impl-btn window-scan hwnd=524752 total-btns=88
2026-05-05 10:29:48 | start-impl-btn doc-scan hwnd=199580 doc-btns=42
2026-05-05 10:29:48 | start-impl-btn window-scan hwnd=199580 total-btns=45
2026-05-05 10:29:49 | start-impl-probe ide-windows=3
2026-05-05 10:29:49 | start-impl-btn doc-scan hwnd=68592 doc-btns=36
2026-05-05 10:29:49 | start-impl-btn window-scan hwnd=68592 total-btns=39
2026-05-05 10:29:49 | start-impl-btn doc-scan hwnd=524752 doc-btns=85
2026-05-05 10:29:49 | start-impl-btn window-scan hwnd=524752 total-btns=88
2026-05-05 10:29:49 | start-impl-btn doc-scan hwnd=199580 doc-btns=42
2026-05-05 10:29:49 | start-impl-btn window-scan hwnd=199580 total-btns=45
2026-05-05 10:29:49 | start-impl-probe ide-windows=3
2026-05-05 10:29:49 | start-impl-btn doc-scan hwnd=68592 doc-btns=36
2026-05-05 10:29:49 | start-impl-btn window-scan hwnd=68592 total-btns=39
2026-05-05 10:29:50 | start-impl-btn doc-scan hwnd=524752 doc-btns=85
2026-05-05 10:29:50 | start-impl-btn window-scan hwnd=524752 total-btns=88
2026-05-05 10:29:50 | start-impl-btn doc-scan hwnd=199580 doc-btns=42
2026-05-05 10:29:50 | start-impl-btn window-scan hwnd=199580 total-btns=45
2026-05-05 10:29:50 | start-impl-probe ide-windows=3
2026-05-05 10:29:50 | start-impl-btn doc-scan hwnd=68592 doc-btns=36
2026-05-05 10:29:50 | start-impl-btn window-scan hwnd=68592 total-btns=39
2026-05-05 10:29:50 | start-impl-btn doc-scan hwnd=524752 doc-btns=85
2026-05-05 10:29:50 | start-impl-btn window-scan hwnd=524752 total-btns=88
2026-05-05 10:29:50 | start-impl-btn doc-scan hwnd=199580 doc-btns=42
2026-05-05 10:29:51 | start-impl-btn window-scan hwnd=199580 total-btns=45
2026-05-05 10:29:51 | start-impl-probe ide-windows=3
2026-05-05 10:29:51 | start-impl-btn doc-scan hwnd=524752 doc-btns=85
2026-05-05 10:29:51 | start-impl-btn window-scan hwnd=524752 total-btns=88
2026-05-05 10:29:51 | start-impl-btn doc-scan hwnd=68592 doc-btns=36
2026-05-05 10:29:51 | start-impl-btn window-scan hwnd=68592 total-btns=39
2026-05-05 10:29:51 | start-impl-btn doc-scan hwnd=199580 doc-btns=42
2026-05-05 10:29:52 | start-impl-btn window-scan hwnd=199580 total-btns=45
2026-05-05 10:29:52 | start-impl-probe ide-windows=3
2026-05-05 10:29:52 | start-impl-btn doc-scan hwnd=524752 doc-btns=85
2026-05-05 10:29:52 | start-impl-btn window-scan hwnd=524752 total-btns=88
2026-05-05 10:29:52 | start-impl-btn doc-scan hwnd=68592 doc-btns=36
2026-05-05 10:29:52 | start-impl-btn window-scan hwnd=68592 total-btns=39
2026-05-05 10:29:52 | start-impl-btn doc-scan hwnd=199580 doc-btns=42
2026-05-05 10:29:52 | start-impl-btn window-scan hwnd=199580 total-btns=45
2026-05-05 10:29:53 | start-impl-probe ide-windows=3
2026-05-05 10:29:53 | start-impl-btn doc-scan hwnd=524752 doc-btns=85
2026-05-05 10:29:53 | start-impl-btn window-scan hwnd=524752 total-btns=88
2026-05-05 10:29:53 | start-impl-btn doc-scan hwnd=68592 doc-btns=36
2026-05-05 10:29:53 | start-impl-btn window-scan hwnd=68592 total-btns=39
2026-05-05 10:29:53 | start-impl-btn doc-scan hwnd=199580 doc-btns=42
2026-05-05 10:29:53 | start-impl-btn window-scan hwnd=199580 total-btns=45
2026-05-05 10:29:54 | start-impl-probe ide-windows=3
2026-05-05 10:29:54 | start-impl-btn doc-scan hwnd=524752 doc-btns=85
2026-05-05 10:29:54 | start-impl-btn window-scan hwnd=524752 total-btns=88
2026-05-05 10:29:54 | start-impl-btn doc-scan hwnd=68592 doc-btns=36
2026-05-05 10:29:54 | start-impl-btn window-scan hwnd=68592 total-btns=39
2026-05-05 10:29:54 | start-impl-btn doc-scan hwnd=199580 doc-btns=42
2026-05-05 10:29:54 | start-impl-btn window-scan hwnd=199580 total-btns=45
2026-05-05 10:29:54 | --- session-start source=rapid_fire_hotkey scope=vscode pinned=0 ---
2026-05-05 10:29:54 | rearm source=rapid_fire_hotkey scope=vscode target=524752 sessions=1
2026-05-05 10:29:54 | trigger-accepted source=rapid_fire_hotkey scope=vscode target=524752 pinned=1
2026-05-05 10:29:54 | trigger-banner source=rapid_fire_hotkey text=✅ Allow flow started from #!+9
2026-05-05 10:29:54 | banner-created hwnd=16846574 x=-2860 y=1288
2026-05-05 10:29:55 | start-impl-probe blocked watcher-active=1
2026-05-05 10:29:56 | start-impl-probe blocked watcher-active=1
2026-05-05 10:29:57 | start-impl-probe blocked watcher-active=1
2026-05-05 10:29:57 | banner-repositioned hwnd=16846574 monitor=3 x=20 y=2008
2026-05-05 10:29:58 | start-impl-probe blocked watcher-active=1
2026-05-05 10:29:59 | start-impl-probe blocked watcher-active=1
2026-05-05 10:29:59 | start-impl-probe blocked watcher-active=1
2026-05-05 10:30:00 | start-impl-probe blocked watcher-active=1
2026-05-05 10:30:01 | start-impl-probe blocked watcher-active=1
2026-05-05 10:30:02 | start-impl-probe blocked watcher-active=1
2026-05-05 10:30:03 | start-impl-probe blocked watcher-active=1
2026-05-05 10:30:04 | start-impl-probe blocked watcher-active=1
2026-05-05 10:30:05 | start-impl-probe blocked watcher-active=1
2026-05-05 10:30:06 | start-impl-probe blocked watcher-active=1
2026-05-05 10:30:07 | start-impl-probe blocked watcher-active=1
2026-05-05 10:30:08 | start-impl-probe blocked watcher-active=1
2026-05-05 10:30:09 | start-impl-probe blocked watcher-active=1
2026-05-05 10:30:10 | start-impl-probe blocked watcher-active=1
2026-05-05 10:30:10 | start-impl-probe blocked watcher-active=1
2026-05-05 10:30:11 | start-impl-probe blocked watcher-active=1
2026-05-05 10:30:12 | start-impl-probe blocked watcher-active=1
2026-05-05 10:30:13 | start-impl-probe blocked watcher-active=1
2026-05-05 10:30:14 | start-impl-probe blocked watcher-active=1
2026-05-05 10:30:15 | start-impl-probe blocked watcher-active=1
2026-05-05 10:30:16 | start-impl-probe blocked watcher-active=1
2026-05-05 10:30:16 | banner-repositioned hwnd=16846574 monitor=4 x=7400 y=3160
2026-05-05 10:30:17 | start-impl-probe blocked watcher-active=1
2026-05-05 10:30:17 | banner-repositioned hwnd=16846574 monitor=2 x=5780 y=2728
2026-05-05 10:30:18 | start-impl-probe blocked watcher-active=1
2026-05-05 10:30:19 | start-impl-probe blocked watcher-active=1
2026-05-05 10:30:20 | start-impl-probe blocked watcher-active=1
2026-05-05 10:30:21 | start-impl-probe blocked watcher-active=1
2026-05-05 10:30:21 | start-impl-probe blocked watcher-active=1
2026-05-05 10:30:22 | start-impl-probe blocked watcher-active=1
2026-05-05 10:30:23 | start-impl-probe blocked watcher-active=1
2026-05-05 10:30:24 | start-impl-probe blocked watcher-active=1
2026-05-05 10:30:25 | banner-repositioned hwnd=16846574 monitor=3 x=20 y=2008
2026-05-05 10:30:25 | start-impl-probe blocked watcher-active=1
2026-05-05 10:30:26 | start-impl-probe blocked watcher-active=1
2026-05-05 10:30:26 | banner-repositioned hwnd=16846574 monitor=2 x=5780 y=2728
2026-05-05 10:30:27 | start-impl-probe blocked watcher-active=1
2026-05-05 10:30:28 | start-impl-probe blocked watcher-active=1
2026-05-05 10:30:29 | start-impl-probe blocked watcher-active=1
2026-05-05 10:30:30 | start-impl-probe blocked watcher-active=1
2026-05-05 10:30:31 | start-impl-probe blocked watcher-active=1
2026-05-05 10:30:32 | start-impl-probe blocked watcher-active=1
2026-05-05 10:30:32 | banner-repositioned hwnd=16846574 monitor=3 x=20 y=2008
2026-05-05 10:30:32 | start-impl-probe blocked watcher-active=1
2026-05-05 10:30:33 | start-impl-probe blocked watcher-active=1
2026-05-05 10:30:34 | start-impl-probe blocked watcher-active=1
2026-05-05 10:30:35 | start-impl-probe blocked watcher-active=1
2026-05-05 10:30:36 | start-impl-probe blocked watcher-active=1
2026-05-05 10:30:37 | start-impl-probe blocked watcher-active=1
2026-05-05 10:30:38 | start-impl-probe blocked watcher-active=1
2026-05-05 10:30:39 | start-impl-probe blocked watcher-active=1
2026-05-05 10:30:40 | start-impl-probe blocked watcher-active=1
2026-05-05 10:30:41 | start-impl-probe blocked watcher-active=1
2026-05-05 10:30:42 | start-impl-probe blocked watcher-active=1
2026-05-05 10:30:43 | start-impl-probe blocked watcher-active=1
2026-05-05 10:30:43 | start-impl-probe blocked watcher-active=1
2026-05-05 10:30:44 | start-impl-probe blocked watcher-active=1
2026-05-05 10:30:45 | start-impl-probe blocked watcher-active=1
2026-05-05 10:30:46 | start-impl-probe blocked watcher-active=1
2026-05-05 10:30:47 | start-impl-probe blocked watcher-active=1
2026-05-05 10:30:48 | start-impl-probe blocked watcher-active=1
2026-05-05 10:30:49 | start-impl-probe blocked watcher-active=1
2026-05-05 10:30:50 | start-impl-probe blocked watcher-active=1
2026-05-05 10:30:51 | start-impl-probe blocked watcher-active=1
2026-05-05 10:30:52 | start-impl-probe blocked watcher-active=1
2026-05-05 10:30:53 | start-impl-probe blocked watcher-active=1
2026-05-05 10:30:54 | start-impl-probe blocked watcher-active=1
2026-05-05 10:30:54 | start-impl-probe blocked watcher-active=1
2026-05-05 10:30:55 | start-impl-probe blocked watcher-active=1
2026-05-05 10:30:56 | start-impl-probe blocked watcher-active=1
2026-05-05 10:30:57 | start-impl-probe blocked watcher-active=1
2026-05-05 10:30:58 | start-impl-probe blocked watcher-active=1
2026-05-05 10:30:59 | start-impl-probe blocked watcher-active=1
2026-05-05 10:31:00 | start-impl-probe blocked watcher-active=1
2026-05-05 10:31:01 | start-impl-probe blocked watcher-active=1
2026-05-05 10:31:02 | start-impl-probe blocked watcher-active=1
2026-05-05 10:31:03 | start-impl-probe blocked watcher-active=1
2026-05-05 10:31:04 | start-impl-probe blocked watcher-active=1
2026-05-05 10:31:05 | start-impl-probe blocked watcher-active=1
2026-05-05 10:31:05 | start-impl-probe blocked watcher-active=1
2026-05-05 10:31:06 | start-impl-probe blocked watcher-active=1
2026-05-05 10:31:07 | start-impl-probe blocked watcher-active=1
2026-05-05 10:31:08 | start-impl-probe blocked watcher-active=1
2026-05-05 10:31:09 | start-impl-probe blocked watcher-active=1
2026-05-05 10:31:10 | start-impl-probe blocked watcher-active=1
2026-05-05 10:31:11 | start-impl-probe blocked watcher-active=1
2026-05-05 10:31:12 | start-impl-probe blocked watcher-active=1
2026-05-05 10:31:13 | start-impl-probe blocked watcher-active=1
2026-05-05 10:31:14 | start-impl-probe blocked watcher-active=1
2026-05-05 10:31:15 | start-impl-probe blocked watcher-active=1
2026-05-05 10:31:16 | start-impl-probe blocked watcher-active=1
2026-05-05 10:31:16 | start-impl-probe blocked watcher-active=1
2026-05-05 10:31:17 | start-impl-probe blocked watcher-active=1
2026-05-05 10:31:18 | start-impl-probe blocked watcher-active=1
2026-05-05 10:31:19 | start-impl-probe blocked watcher-active=1
2026-05-05 10:31:20 | start-impl-probe blocked watcher-active=1
2026-05-05 10:31:21 | start-impl-probe blocked watcher-active=1
2026-05-05 10:31:22 | start-impl-probe blocked watcher-active=1
2026-05-05 10:31:23 | start-impl-probe blocked watcher-active=1
2026-05-05 10:31:24 | start-impl-probe blocked watcher-active=1
2026-05-05 10:31:25 | start-impl-probe blocked watcher-active=1
2026-05-05 10:31:26 | start-impl-probe blocked watcher-active=1
2026-05-05 10:31:27 | start-impl-probe blocked watcher-active=1
2026-05-05 10:31:27 | start-impl-probe blocked watcher-active=1
2026-05-05 10:31:28 | start-impl-probe blocked watcher-active=1
2026-05-05 10:31:29 | start-impl-probe blocked watcher-active=1
2026-05-05 10:31:30 | start-impl-probe blocked watcher-active=1
2026-05-05 10:31:31 | start-impl-probe blocked watcher-active=1
2026-05-05 10:31:32 | start-impl-probe blocked watcher-active=1
2026-05-05 10:31:33 | start-impl-probe blocked watcher-active=1
2026-05-05 10:31:34 | start-impl-probe blocked watcher-active=1
2026-05-05 10:31:35 | start-impl-probe blocked watcher-active=1
2026-05-05 10:31:36 | start-impl-probe blocked watcher-active=1
2026-05-05 10:31:37 | start-impl-probe blocked watcher-active=1
2026-05-05 10:31:38 | start-impl-probe blocked watcher-active=1
2026-05-05 10:31:38 | start-impl-probe blocked watcher-active=1
2026-05-05 10:31:39 | start-impl-probe blocked watcher-active=1
2026-05-05 10:31:40 | start-impl-probe blocked watcher-active=1
2026-05-05 10:31:41 | start-impl-probe blocked watcher-active=1
2026-05-05 10:31:42 | start-impl-probe blocked watcher-active=1
2026-05-05 10:31:43 | start-impl-probe blocked watcher-active=1
2026-05-05 10:31:44 | start-impl-probe blocked watcher-active=1
2026-05-05 10:31:45 | start-impl-probe blocked watcher-active=1
2026-05-05 10:31:46 | start-impl-probe blocked watcher-active=1
2026-05-05 10:31:47 | start-impl-probe blocked watcher-active=1
2026-05-05 10:31:48 | start-impl-probe blocked watcher-active=1
2026-05-05 10:31:49 | start-impl-probe blocked watcher-active=1
2026-05-05 10:31:49 | start-impl-probe blocked watcher-active=1
2026-05-05 10:31:50 | start-impl-probe blocked watcher-active=1
2026-05-05 10:31:51 | start-impl-probe blocked watcher-active=1
2026-05-05 10:31:52 | start-impl-probe blocked watcher-active=1
2026-05-05 10:31:53 | start-impl-probe blocked watcher-active=1
2026-05-05 10:31:54 | start-impl-probe blocked watcher-active=1
2026-05-05 10:31:55 | start-impl-probe blocked watcher-active=1
2026-05-05 10:31:56 | start-impl-probe blocked watcher-active=1
2026-05-05 10:31:57 | start-impl-probe blocked watcher-active=1
2026-05-05 10:31:58 | start-impl-probe blocked watcher-active=1
2026-05-05 10:31:59 | start-impl-probe blocked watcher-active=1
2026-05-05 10:32:00 | start-impl-probe blocked watcher-active=1
2026-05-05 10:32:01 | start-impl-probe blocked watcher-active=1
2026-05-05 10:32:01 | start-impl-probe blocked watcher-active=1
2026-05-05 10:32:02 | start-impl-probe blocked watcher-active=1
2026-05-05 10:32:03 | start-impl-probe blocked watcher-active=1
2026-05-05 10:32:04 | start-impl-probe blocked watcher-active=1
2026-05-05 10:32:05 | start-impl-probe blocked watcher-active=1
2026-05-05 10:32:06 | start-impl-probe blocked watcher-active=1
2026-05-05 10:32:07 | start-impl-probe blocked watcher-active=1
2026-05-05 10:32:08 | start-impl-probe blocked watcher-active=1
2026-05-05 10:32:09 | start-impl-probe blocked watcher-active=1
2026-05-05 10:32:10 | start-impl-probe blocked watcher-active=1
2026-05-05 10:32:11 | start-impl-probe blocked watcher-active=1
2026-05-05 10:32:11 | start-impl-probe blocked watcher-active=1
2026-05-05 10:32:12 | start-impl-probe blocked watcher-active=1
2026-05-05 10:32:13 | start-impl-probe blocked watcher-active=1
2026-05-05 10:32:14 | start-impl-probe blocked watcher-active=1
2026-05-05 10:32:15 | start-impl-probe blocked watcher-active=1
2026-05-05 10:32:16 | start-impl-probe blocked watcher-active=1
2026-05-05 10:32:17 | start-impl-probe blocked watcher-active=1
2026-05-05 10:32:18 | start-impl-probe blocked watcher-active=1
2026-05-05 10:32:19 | start-impl-probe blocked watcher-active=1
2026-05-05 10:32:20 | start-impl-probe blocked watcher-active=1
2026-05-05 10:32:21 | start-impl-probe blocked watcher-active=1
2026-05-05 10:32:22 | start-impl-probe blocked watcher-active=1
2026-05-05 10:32:23 | start-impl-probe blocked watcher-active=1
2026-05-05 10:32:23 | start-impl-probe blocked watcher-active=1
2026-05-05 10:32:24 | start-impl-probe blocked watcher-active=1
2026-05-05 10:32:25 | start-impl-probe blocked watcher-active=1
2026-05-05 10:32:26 | start-impl-probe blocked watcher-active=1
2026-05-05 10:32:27 | start-impl-probe blocked watcher-active=1
2026-05-05 10:32:28 | start-impl-probe blocked watcher-active=1
2026-05-05 10:32:29 | start-impl-probe blocked watcher-active=1
2026-05-05 10:32:30 | start-impl-probe blocked watcher-active=1
2026-05-05 10:32:31 | start-impl-probe blocked watcher-active=1
2026-05-05 10:32:32 | start-impl-probe blocked watcher-active=1
2026-05-05 10:32:33 | start-impl-probe blocked watcher-active=1
2026-05-05 10:32:34 | start-impl-probe blocked watcher-active=1
2026-05-05 10:32:34 | start-impl-probe blocked watcher-active=1
2026-05-05 10:32:35 | start-impl-probe blocked watcher-active=1
2026-05-05 10:32:36 | start-impl-probe blocked watcher-active=1
2026-05-05 10:32:37 | start-impl-probe blocked watcher-active=1
2026-05-05 10:32:38 | start-impl-probe blocked watcher-active=1
2026-05-05 10:32:39 | start-impl-probe blocked watcher-active=1
2026-05-05 10:32:40 | start-impl-probe blocked watcher-active=1
2026-05-05 10:32:41 | start-impl-probe blocked watcher-active=1
2026-05-05 10:32:42 | start-impl-probe blocked watcher-active=1
2026-05-05 10:32:43 | start-impl-probe blocked watcher-active=1
2026-05-05 10:32:44 | start-impl-probe blocked watcher-active=1
2026-05-05 10:32:45 | start-impl-probe blocked watcher-active=1
2026-05-05 10:32:46 | start-impl-probe blocked watcher-active=1
2026-05-05 10:32:46 | start-impl-probe blocked watcher-active=1
2026-05-05 10:32:47 | start-impl-probe blocked watcher-active=1
2026-05-05 10:32:48 | start-impl-probe blocked watcher-active=1
2026-05-05 10:32:49 | start-impl-probe blocked watcher-active=1
2026-05-05 10:32:50 | start-impl-probe blocked watcher-active=1
2026-05-05 10:32:51 | start-impl-probe blocked watcher-active=1
2026-05-05 10:32:52 | start-impl-probe blocked watcher-active=1
2026-05-05 10:32:53 | start-impl-probe blocked watcher-active=1
2026-05-05 10:32:54 | start-impl-probe blocked watcher-active=1
2026-05-05 10:32:55 | start-impl-probe blocked watcher-active=1
2026-05-05 10:32:56 | start-impl-probe blocked watcher-active=1
2026-05-05 10:32:57 | start-impl-probe blocked watcher-active=1
2026-05-05 10:32:58 | start-impl-probe blocked watcher-active=1
2026-05-05 10:32:58 | start-impl-probe blocked watcher-active=1
2026-05-05 10:32:59 | start-impl-probe blocked watcher-active=1
2026-05-05 10:33:00 | start-impl-probe blocked watcher-active=1
2026-05-05 10:33:01 | start-impl-probe blocked watcher-active=1
2026-05-05 10:33:02 | start-impl-probe blocked watcher-active=1
2026-05-05 10:33:03 | start-impl-probe blocked watcher-active=1
2026-05-05 10:33:04 | start-impl-probe blocked watcher-active=1
2026-05-05 10:33:05 | start-impl-probe blocked watcher-active=1
2026-05-05 10:33:06 | start-impl-probe blocked watcher-active=1
2026-05-05 10:33:07 | start-impl-probe blocked watcher-active=1
2026-05-05 10:33:08 | start-impl-probe blocked watcher-active=1
2026-05-05 10:33:09 | start-impl-probe blocked watcher-active=1
2026-05-05 10:33:09 | start-impl-probe blocked watcher-active=1
2026-05-05 10:33:10 | start-impl-probe blocked watcher-active=1
2026-05-05 10:33:11 | start-impl-probe blocked watcher-active=1
2026-05-05 10:33:12 | start-impl-probe blocked watcher-active=1
2026-05-05 10:33:13 | start-impl-probe blocked watcher-active=1
2026-05-05 10:33:14 | start-impl-probe blocked watcher-active=1
2026-05-05 10:33:15 | start-impl-probe blocked watcher-active=1
2026-05-05 10:33:16 | start-impl-probe blocked watcher-active=1
2026-05-05 10:33:17 | start-impl-probe blocked watcher-active=1
2026-05-05 10:33:18 | start-impl-probe blocked watcher-active=1
2026-05-05 10:33:19 | start-impl-probe blocked watcher-active=1
2026-05-05 10:33:20 | start-impl-probe blocked watcher-active=1
2026-05-05 10:33:21 | start-impl-probe blocked watcher-active=1
2026-05-05 10:33:21 | start-impl-probe blocked watcher-active=1
2026-05-05 10:33:22 | start-impl-probe blocked watcher-active=1
2026-05-05 10:33:23 | start-impl-probe blocked watcher-active=1
2026-05-05 10:33:24 | start-impl-probe blocked watcher-active=1
2026-05-05 10:33:25 | start-impl-probe blocked watcher-active=1
2026-05-05 10:33:26 | start-impl-probe blocked watcher-active=1
2026-05-05 10:33:27 | start-impl-probe blocked watcher-active=1
2026-05-05 10:33:28 | start-impl-probe blocked watcher-active=1
2026-05-05 10:33:29 | start-impl-probe blocked watcher-active=1
2026-05-05 10:33:30 | start-impl-probe blocked watcher-active=1
2026-05-05 10:33:31 | start-impl-probe blocked watcher-active=1
2026-05-05 10:33:32 | start-impl-probe blocked watcher-active=1
2026-05-05 10:33:32 | start-impl-probe blocked watcher-active=1
2026-05-05 10:33:33 | start-impl-probe blocked watcher-active=1
2026-05-05 10:33:34 | start-impl-probe blocked watcher-active=1
2026-05-05 10:33:35 | start-impl-probe blocked watcher-active=1
2026-05-05 10:33:36 | start-impl-probe blocked watcher-active=1
2026-05-05 10:33:37 | start-impl-probe blocked watcher-active=1
2026-05-05 10:33:38 | start-impl-probe blocked watcher-active=1
2026-05-05 10:33:39 | start-impl-probe blocked watcher-active=1
2026-05-05 10:33:40 | start-impl-probe blocked watcher-active=1
2026-05-05 10:33:41 | start-impl-probe blocked watcher-active=1
2026-05-05 10:33:42 | start-impl-probe blocked watcher-active=1
2026-05-05 10:33:43 | start-impl-probe blocked watcher-active=1
2026-05-05 10:33:44 | start-impl-probe blocked watcher-active=1
2026-05-05 10:33:44 | start-impl-probe blocked watcher-active=1
2026-05-05 10:33:45 | start-impl-probe blocked watcher-active=1
2026-05-05 10:33:46 | start-impl-probe blocked watcher-active=1
2026-05-05 10:33:47 | start-impl-probe blocked watcher-active=1
2026-05-05 10:33:48 | start-impl-probe blocked watcher-active=1
2026-05-05 10:33:49 | start-impl-probe blocked watcher-active=1
2026-05-05 10:33:50 | start-impl-probe blocked watcher-active=1
2026-05-05 10:33:51 | start-impl-probe blocked watcher-active=1
2026-05-05 10:33:52 | start-impl-probe blocked watcher-active=1
2026-05-05 10:33:53 | start-impl-probe blocked watcher-active=1
2026-05-05 10:33:54 | start-impl-probe blocked watcher-active=1
2026-05-05 10:33:55 | start-impl-probe blocked watcher-active=1
2026-05-05 10:33:56 | start-impl-probe blocked watcher-active=1
2026-05-05 10:33:56 | start-impl-probe blocked watcher-active=1
2026-05-05 10:33:57 | start-impl-probe blocked watcher-active=1
2026-05-05 10:33:58 | start-impl-probe blocked watcher-active=1
2026-05-05 10:33:59 | start-impl-probe blocked watcher-active=1
2026-05-05 10:34:00 | start-impl-probe blocked watcher-active=1
2026-05-05 10:34:01 | start-impl-probe blocked watcher-active=1
2026-05-05 10:34:02 | start-impl-probe blocked watcher-active=1
2026-05-05 10:34:03 | start-impl-probe blocked watcher-active=1
2026-05-05 10:34:04 | start-impl-probe blocked watcher-active=1
2026-05-05 10:34:05 | start-impl-probe blocked watcher-active=1
2026-05-05 10:34:06 | start-impl-probe blocked watcher-active=1
2026-05-05 10:34:06 | start-impl-probe blocked watcher-active=1
2026-05-05 10:34:07 | start-impl-probe blocked watcher-active=1
2026-05-05 10:34:08 | start-impl-probe blocked watcher-active=1
2026-05-05 10:34:09 | start-impl-probe blocked watcher-active=1
2026-05-05 10:34:10 | start-impl-probe blocked watcher-active=1
2026-05-05 10:34:11 | start-impl-probe blocked watcher-active=1
2026-05-05 10:34:12 | start-impl-probe blocked watcher-active=1
2026-05-05 10:34:13 | start-impl-probe blocked watcher-active=1
2026-05-05 10:34:14 | start-impl-probe blocked watcher-active=1
2026-05-05 10:34:15 | start-impl-probe blocked watcher-active=1
2026-05-05 10:34:16 | start-impl-probe blocked watcher-active=1
2026-05-05 10:34:17 | start-impl-probe blocked watcher-active=1
2026-05-05 10:34:18 | start-impl-probe blocked watcher-active=1
2026-05-05 10:34:18 | start-impl-probe blocked watcher-active=1
2026-05-05 10:34:19 | start-impl-probe blocked watcher-active=1
2026-05-05 10:34:20 | start-impl-probe blocked watcher-active=1
2026-05-05 10:34:21 | start-impl-probe blocked watcher-active=1
2026-05-05 10:34:22 | start-impl-probe blocked watcher-active=1
2026-05-05 10:34:23 | start-impl-probe blocked watcher-active=1
2026-05-05 10:34:24 | start-impl-probe blocked watcher-active=1
2026-05-05 10:34:25 | start-impl-probe blocked watcher-active=1
2026-05-05 10:34:26 | start-impl-probe blocked watcher-active=1
2026-05-05 10:34:27 | start-impl-probe blocked watcher-active=1
2026-05-05 10:34:28 | start-impl-probe blocked watcher-active=1
2026-05-05 10:34:29 | start-impl-probe blocked watcher-active=1
2026-05-05 10:34:30 | start-impl-probe blocked watcher-active=1
2026-05-05 10:34:30 | start-impl-probe blocked watcher-active=1
2026-05-05 10:34:31 | start-impl-probe blocked watcher-active=1
2026-05-05 10:34:32 | start-impl-probe blocked watcher-active=1
2026-05-05 10:34:33 | start-impl-probe blocked watcher-active=1
2026-05-05 10:34:34 | start-impl-probe blocked watcher-active=1
2026-05-05 10:34:35 | start-impl-probe blocked watcher-active=1
2026-05-05 10:34:36 | start-impl-probe blocked watcher-active=1
2026-05-05 10:34:37 | start-impl-probe blocked watcher-active=1
2026-05-05 10:34:38 | start-impl-probe blocked watcher-active=1
2026-05-05 10:34:39 | start-impl-probe blocked watcher-active=1
2026-05-05 10:34:40 | start-impl-probe blocked watcher-active=1
2026-05-05 10:34:41 | start-impl-probe blocked watcher-active=1
2026-05-05 10:34:41 | start-impl-probe blocked watcher-active=1
2026-05-05 10:34:42 | start-impl-probe blocked watcher-active=1
2026-05-05 10:34:43 | start-impl-probe blocked watcher-active=1
2026-05-05 10:34:44 | start-impl-probe blocked watcher-active=1
2026-05-05 10:34:45 | start-impl-probe blocked watcher-active=1
2026-05-05 10:34:46 | start-impl-probe blocked watcher-active=1
2026-05-05 10:34:47 | start-impl-probe blocked watcher-active=1
2026-05-05 10:34:48 | start-impl-probe blocked watcher-active=1
2026-05-05 10:34:49 | start-impl-probe blocked watcher-active=1
2026-05-05 10:34:50 | start-impl-probe blocked watcher-active=1
2026-05-05 10:34:51 | start-impl-probe blocked watcher-active=1
2026-05-05 10:34:52 | start-impl-probe blocked watcher-active=1
2026-05-05 10:34:53 | start-impl-probe blocked watcher-active=1
2026-05-05 10:34:54 | start-impl-probe blocked watcher-active=1
2026-05-05 10:34:54 | start-impl-probe blocked watcher-active=1
2026-05-05 10:34:55 | start-impl-probe blocked watcher-active=1
2026-05-05 10:34:56 | start-impl-probe blocked watcher-active=1
2026-05-05 10:34:57 | start-impl-probe blocked watcher-active=1
2026-05-05 10:34:58 | start-impl-probe blocked watcher-active=1
2026-05-05 10:34:59 | start-impl-probe blocked watcher-active=1
2026-05-05 10:35:00 | start-impl-probe blocked watcher-active=1
2026-05-05 10:35:01 | start-impl-probe blocked watcher-active=1
2026-05-05 10:35:02 | start-impl-probe blocked watcher-active=1
2026-05-05 10:35:03 | start-impl-probe blocked watcher-active=1
2026-05-05 10:35:04 | start-impl-probe blocked watcher-active=1
2026-05-05 10:35:04 | start-impl-probe blocked watcher-active=1
2026-05-05 10:35:05 | start-impl-probe blocked watcher-active=1
2026-05-05 10:35:06 | start-impl-probe blocked watcher-active=1
2026-05-05 10:35:07 | start-impl-probe blocked watcher-active=1
2026-05-05 10:35:08 | start-impl-probe blocked watcher-active=1
2026-05-05 10:35:09 | start-impl-probe blocked watcher-active=1
2026-05-05 10:35:10 | start-impl-probe blocked watcher-active=1
2026-05-05 10:35:11 | start-impl-probe blocked watcher-active=1
2026-05-05 10:35:11 | banner-repositioned hwnd=16846574 monitor=1 x=-2860 y=1288
2026-05-05 10:35:12 | start-impl-probe blocked watcher-active=1
2026-05-05 10:35:13 | banner-repositioned hwnd=16846574 monitor=3 x=20 y=2008
2026-05-05 10:35:13 | start-impl-probe blocked watcher-active=1
2026-05-05 10:35:14 | start-impl-probe blocked watcher-active=1
2026-05-05 10:35:15 | start-impl-probe blocked watcher-active=1
2026-05-05 10:35:15 | start-impl-probe blocked watcher-active=1
2026-05-05 10:35:16 | start-impl-probe blocked watcher-active=1
2026-05-05 10:35:17 | start-impl-probe blocked watcher-active=1
2026-05-05 10:35:18 | start-impl-probe blocked watcher-active=1
2026-05-05 10:35:19 | start-impl-probe blocked watcher-active=1
2026-05-05 10:35:20 | start-impl-probe blocked watcher-active=1
2026-05-05 10:35:21 | start-impl-probe blocked watcher-active=1
2026-05-05 10:35:22 | start-impl-probe blocked watcher-active=1
2026-05-05 10:35:23 | start-impl-probe blocked watcher-active=1
2026-05-05 10:35:24 | start-impl-probe blocked watcher-active=1
2026-05-05 10:35:25 | start-impl-probe blocked watcher-active=1
2026-05-05 10:35:26 | start-impl-probe blocked watcher-active=1
2026-05-05 10:35:27 | start-impl-probe blocked watcher-active=1
2026-05-05 10:35:27 | start-impl-probe blocked watcher-active=1
2026-05-05 10:35:28 | start-impl-probe blocked watcher-active=1
2026-05-05 10:35:29 | start-impl-probe blocked watcher-active=1
2026-05-05 10:35:30 | start-impl-probe blocked watcher-active=1
2026-05-05 10:35:31 | start-impl-probe blocked watcher-active=1
2026-05-05 10:35:32 | start-impl-probe blocked watcher-active=1
2026-05-05 10:35:33 | start-impl-probe blocked watcher-active=1
2026-05-05 10:35:34 | start-impl-probe blocked watcher-active=1
2026-05-05 10:35:35 | start-impl-probe blocked watcher-active=1
2026-05-05 10:35:36 | start-impl-probe blocked watcher-active=1
2026-05-05 10:35:37 | start-impl-probe blocked watcher-active=1
2026-05-05 10:35:37 | start-impl-probe blocked watcher-active=1
2026-05-05 10:35:38 | start-impl-probe blocked watcher-active=1
2026-05-05 10:35:39 | start-impl-probe blocked watcher-active=1
2026-05-05 10:35:40 | start-impl-probe blocked watcher-active=1
2026-05-05 10:35:41 | start-impl-probe blocked watcher-active=1
2026-05-05 10:35:42 | start-impl-probe blocked watcher-active=1
2026-05-05 10:35:43 | start-impl-probe blocked watcher-active=1
2026-05-05 10:35:44 | start-impl-probe blocked watcher-active=1
2026-05-05 10:35:45 | start-impl-probe blocked watcher-active=1
2026-05-05 10:35:46 | start-impl-probe blocked watcher-active=1
2026-05-05 10:35:47 | start-impl-probe blocked watcher-active=1
2026-05-05 10:35:48 | start-impl-probe blocked watcher-active=1
2026-05-05 10:35:49 | start-impl-probe blocked watcher-active=1
2026-05-05 10:35:49 | start-impl-probe blocked watcher-active=1
2026-05-05 10:35:50 | start-impl-probe blocked watcher-active=1
2026-05-05 10:35:51 | start-impl-probe blocked watcher-active=1
2026-05-05 10:35:52 | start-impl-probe blocked watcher-active=1
2026-05-05 10:35:53 | start-impl-probe blocked watcher-active=1
2026-05-05 10:35:54 | start-impl-probe blocked watcher-active=1
2026-05-05 10:35:55 | start-impl-probe blocked watcher-active=1
2026-05-05 10:35:56 | start-impl-probe blocked watcher-active=1
2026-05-05 10:35:57 | start-impl-probe blocked watcher-active=1
2026-05-05 10:35:58 | start-impl-probe blocked watcher-active=1
2026-05-05 10:35:59 | start-impl-probe blocked watcher-active=1
2026-05-05 10:35:59 | start-impl-probe blocked watcher-active=1
2026-05-05 10:36:00 | start-impl-probe blocked watcher-active=1
2026-05-05 10:36:01 | start-impl-probe blocked watcher-active=1
2026-05-05 10:36:02 | start-impl-probe blocked watcher-active=1
2026-05-05 10:36:03 | start-impl-probe blocked watcher-active=1
2026-05-05 10:36:04 | start-impl-probe blocked watcher-active=1
2026-05-05 10:36:05 | start-impl-probe blocked watcher-active=1
2026-05-05 10:36:06 | start-impl-probe blocked watcher-active=1
2026-05-05 10:36:07 | start-impl-probe blocked watcher-active=1
2026-05-05 10:36:08 | start-impl-probe blocked watcher-active=1
2026-05-05 10:36:09 | start-impl-probe blocked watcher-active=1
2026-05-05 10:36:10 | start-impl-probe blocked watcher-active=1
2026-05-05 10:36:10 | start-impl-probe blocked watcher-active=1
2026-05-05 10:36:11 | start-impl-probe blocked watcher-active=1
2026-05-05 10:36:12 | start-impl-probe blocked watcher-active=1
2026-05-05 10:36:13 | start-impl-probe blocked watcher-active=1
2026-05-05 10:36:14 | start-impl-probe blocked watcher-active=1
2026-05-05 10:36:15 | start-impl-probe blocked watcher-active=1
2026-05-05 10:36:16 | start-impl-probe blocked watcher-active=1
2026-05-05 10:36:17 | start-impl-probe blocked watcher-active=1
2026-05-05 10:36:18 | start-impl-probe blocked watcher-active=1
2026-05-05 10:36:19 | start-impl-probe blocked watcher-active=1
2026-05-05 10:36:20 | start-impl-probe blocked watcher-active=1
2026-05-05 10:36:21 | start-impl-probe blocked watcher-active=1
2026-05-05 10:36:22 | start-impl-probe blocked watcher-active=1
2026-05-05 10:36:22 | start-impl-probe blocked watcher-active=1
2026-05-05 10:36:23 | start-impl-probe blocked watcher-active=1
2026-05-05 10:36:24 | start-impl-probe blocked watcher-active=1
2026-05-05 10:36:25 | start-impl-probe blocked watcher-active=1
2026-05-05 10:36:26 | start-impl-probe blocked watcher-active=1
2026-05-05 10:36:27 | start-impl-probe blocked watcher-active=1
2026-05-05 10:36:28 | start-impl-probe blocked watcher-active=1
2026-05-05 10:36:29 | start-impl-probe blocked watcher-active=1
2026-05-05 10:36:30 | start-impl-probe blocked watcher-active=1
2026-05-05 10:36:31 | start-impl-probe blocked watcher-active=1
2026-05-05 10:36:32 | start-impl-probe blocked watcher-active=1
2026-05-05 10:36:33 | start-impl-probe blocked watcher-active=1
2026-05-05 10:36:33 | start-impl-probe blocked watcher-active=1
2026-05-05 10:36:34 | start-impl-probe blocked watcher-active=1
2026-05-05 10:36:35 | start-impl-probe blocked watcher-active=1
2026-05-05 10:36:36 | start-impl-probe blocked watcher-active=1
2026-05-05 10:36:37 | start-impl-probe blocked watcher-active=1
2026-05-05 10:36:38 | start-impl-probe blocked watcher-active=1
2026-05-05 10:36:39 | start-impl-probe blocked watcher-active=1
2026-05-05 10:36:40 | start-impl-probe blocked watcher-active=1
2026-05-05 10:36:41 | start-impl-probe blocked watcher-active=1
2026-05-05 10:36:42 | start-impl-probe blocked watcher-active=1
2026-05-05 10:36:43 | start-impl-probe blocked watcher-active=1
2026-05-05 10:36:44 | start-impl-probe blocked watcher-active=1
2026-05-05 10:36:45 | start-impl-probe blocked watcher-active=1
2026-05-05 10:36:45 | start-impl-probe blocked watcher-active=1
2026-05-05 10:36:46 | start-impl-probe blocked watcher-active=1
2026-05-05 10:36:47 | banner-repositioned hwnd=16846574 monitor=2 x=5780 y=2728
2026-05-05 10:36:47 | start-impl-probe blocked watcher-active=1
2026-05-05 10:36:48 | start-impl-probe blocked watcher-active=1
2026-05-05 10:36:49 | start-impl-probe blocked watcher-active=1
2026-05-05 10:36:50 | start-impl-probe blocked watcher-active=1
2026-05-05 10:36:51 | start-impl-probe blocked watcher-active=1
2026-05-05 10:36:52 | start-impl-probe blocked watcher-active=1
2026-05-05 10:36:53 | start-impl-probe blocked watcher-active=1
2026-05-05 10:36:54 | start-impl-probe blocked watcher-active=1
2026-05-05 10:36:55 | start-impl-probe blocked watcher-active=1
2026-05-05 10:36:56 | start-impl-probe blocked watcher-active=1
2026-05-05 10:36:57 | start-impl-probe blocked watcher-active=1
2026-05-05 10:36:57 | start-impl-probe blocked watcher-active=1
2026-05-05 10:36:58 | start-impl-probe blocked watcher-active=1
2026-05-05 10:36:59 | start-impl-probe blocked watcher-active=1
2026-05-05 10:37:00 | start-impl-probe blocked watcher-active=1
2026-05-05 10:37:01 | start-impl-probe blocked watcher-active=1
2026-05-05 10:37:02 | start-impl-probe blocked watcher-active=1
2026-05-05 10:37:03 | start-impl-probe blocked watcher-active=1
2026-05-05 10:37:04 | start-impl-probe blocked watcher-active=1
2026-05-05 10:37:05 | start-impl-probe blocked watcher-active=1
2026-05-05 10:37:06 | start-impl-probe blocked watcher-active=1
2026-05-05 10:37:07 | start-impl-probe blocked watcher-active=1
2026-05-05 10:37:07 | start-impl-probe blocked watcher-active=1
2026-05-05 10:37:08 | start-impl-probe blocked watcher-active=1
2026-05-05 10:37:09 | start-impl-probe blocked watcher-active=1
2026-05-05 10:37:10 | banner-repositioned hwnd=16846574 monitor=3 x=20 y=2008
2026-05-05 10:37:10 | start-impl-probe blocked watcher-active=1
2026-05-05 10:37:11 | start-impl-probe blocked watcher-active=1
2026-05-05 10:37:12 | banner-repositioned hwnd=16846574 monitor=1 x=-2860 y=1288
2026-05-05 10:37:12 | start-impl-probe blocked watcher-active=1
2026-05-05 10:37:12 | banner-repositioned hwnd=16846574 monitor=3 x=20 y=2008
2026-05-05 10:37:13 | start-impl-probe blocked watcher-active=1
2026-05-05 10:37:14 | banner-repositioned hwnd=16846574 monitor=2 x=5780 y=2728
2026-05-05 10:37:14 | start-impl-probe blocked watcher-active=1
2026-05-05 10:37:14 | banner-repositioned hwnd=16846574 monitor=3 x=20 y=2008
2026-05-05 10:37:15 | start-impl-probe blocked watcher-active=1
2026-05-05 10:37:16 | start-impl-probe blocked watcher-active=1
2026-05-05 10:37:16 | banner-repositioned hwnd=16846574 monitor=2 x=5780 y=2728
2026-05-05 10:37:17 | start-impl-probe blocked watcher-active=1
2026-05-05 10:37:17 | start-impl-probe blocked watcher-active=1
2026-05-05 10:37:18 | banner-repositioned hwnd=16846574 monitor=3 x=20 y=2008
2026-05-05 10:37:18 | start-impl-probe blocked watcher-active=1
2026-05-05 10:37:19 | start-impl-probe blocked watcher-active=1
2026-05-05 10:37:20 | start-impl-probe blocked watcher-active=1
2026-05-05 10:37:21 | start-impl-probe blocked watcher-active=1
2026-05-05 10:37:22 | start-impl-probe blocked watcher-active=1
2026-05-05 10:37:23 | start-impl-probe blocked watcher-active=1
2026-05-05 10:37:24 | start-impl-probe blocked watcher-active=1
2026-05-05 10:37:25 | start-impl-probe blocked watcher-active=1
2026-05-05 10:37:26 | start-impl-probe blocked watcher-active=1
2026-05-05 10:37:27 | start-impl-probe blocked watcher-active=1
2026-05-05 10:37:28 | start-impl-probe blocked watcher-active=1
2026-05-05 10:37:29 | start-impl-probe blocked watcher-active=1
2026-05-05 10:37:30 | start-impl-probe blocked watcher-active=1
2026-05-05 10:37:30 | start-impl-probe blocked watcher-active=1
2026-05-05 10:37:31 | start-impl-probe blocked watcher-active=1
2026-05-05 10:37:32 | start-impl-probe blocked watcher-active=1
2026-05-05 10:37:33 | start-impl-probe blocked watcher-active=1
2026-05-05 10:37:34 | start-impl-probe blocked watcher-active=1
2026-05-05 10:37:35 | start-impl-probe blocked watcher-active=1
2026-05-05 10:37:36 | start-impl-probe blocked watcher-active=1
2026-05-05 10:37:37 | start-impl-probe blocked watcher-active=1
2026-05-05 10:37:38 | start-impl-probe blocked watcher-active=1
2026-05-05 10:37:39 | start-impl-probe blocked watcher-active=1
2026-05-05 10:37:40 | start-impl-probe blocked watcher-active=1
2026-05-05 10:37:41 | start-impl-probe blocked watcher-active=1
2026-05-05 10:37:41 | start-impl-probe blocked watcher-active=1
2026-05-05 10:37:42 | start-impl-probe blocked watcher-active=1
2026-05-05 10:37:43 | start-impl-probe blocked watcher-active=1
2026-05-05 10:37:44 | start-impl-probe blocked watcher-active=1
2026-05-05 10:37:45 | start-impl-probe blocked watcher-active=1
2026-05-05 10:37:46 | start-impl-probe blocked watcher-active=1
2026-05-05 10:37:47 | start-impl-probe blocked watcher-active=1
2026-05-05 10:37:48 | start-impl-probe blocked watcher-active=1
2026-05-05 10:37:49 | start-impl-probe blocked watcher-active=1
2026-05-05 10:37:50 | start-impl-probe blocked watcher-active=1
2026-05-05 10:37:51 | start-impl-probe blocked watcher-active=1
2026-05-05 10:37:52 | start-impl-probe blocked watcher-active=1
2026-05-05 10:37:52 | start-impl-probe blocked watcher-active=1
2026-05-05 10:37:53 | start-impl-probe blocked watcher-active=1
2026-05-05 10:37:54 | start-impl-probe blocked watcher-active=1
2026-05-05 10:37:55 | tick session-timeout hwnd=524752 source=rapid_fire_hotkey
2026-05-05 10:37:55 | banner-destroyed hwnd=16846574
2026-05-05 10:37:55 | stop reason=✓ Allow flow completed (all sessions)
2026-05-05 10:37:55 | start-impl-probe ide-windows=3
2026-05-05 10:37:55 | start-impl-btn doc-scan hwnd=68592 doc-btns=35
2026-05-05 10:37:55 | start-impl-btn window-scan hwnd=68592 total-btns=38
2026-05-05 10:37:55 | start-impl-btn doc-scan hwnd=524752 doc-btns=96
2026-05-05 10:37:56 | start-impl-btn window-scan hwnd=524752 total-btns=99
2026-05-05 10:37:56 | start-impl-btn window-scan hwnd=199580 total-btns=45
2026-05-05 10:37:56 | start-impl-probe ide-windows=3
2026-05-05 10:37:56 | start-impl-btn doc-scan hwnd=68592 doc-btns=35
2026-05-05 10:37:56 | start-impl-btn window-scan hwnd=68592 total-btns=38
2026-05-05 10:37:56 | start-impl-btn doc-scan hwnd=524752 doc-btns=96
2026-05-05 10:37:56 | start-impl-btn window-scan hwnd=524752 total-btns=99
2026-05-05 10:37:56 | start-impl-btn doc-scan hwnd=199580 doc-btns=42
2026-05-05 10:37:57 | start-impl-btn window-scan hwnd=199580 total-btns=45
2026-05-05 10:37:57 | start-impl-probe ide-windows=3
2026-05-05 10:37:57 | start-impl-btn doc-scan hwnd=68592 doc-btns=35
2026-05-05 10:37:57 | start-impl-btn window-scan hwnd=68592 total-btns=38
2026-05-05 10:37:57 | start-impl-btn doc-scan hwnd=524752 doc-btns=96
2026-05-05 10:37:57 | start-impl-btn window-scan hwnd=524752 total-btns=99
2026-05-05 10:37:57 | start-impl-btn doc-scan hwnd=199580 doc-btns=42
2026-05-05 10:37:57 | start-impl-btn window-scan hwnd=199580 total-btns=45
2026-05-05 10:37:58 | start-impl-probe ide-windows=3
2026-05-05 10:37:58 | start-impl-btn doc-scan hwnd=68592 doc-btns=35
2026-05-05 10:37:58 | start-impl-btn window-scan hwnd=68592 total-btns=38
2026-05-05 10:37:58 | start-impl-btn doc-scan hwnd=524752 doc-btns=96
2026-05-05 10:37:58 | start-impl-btn window-scan hwnd=524752 total-btns=99
2026-05-05 10:37:58 | start-impl-btn doc-scan hwnd=199580 doc-btns=42
2026-05-05 10:37:58 | start-impl-btn window-scan hwnd=199580 total-btns=45
2026-05-05 10:37:59 | start-impl-probe ide-windows=3
2026-05-05 10:37:59 | start-impl-btn doc-scan hwnd=68592 doc-btns=35
2026-05-05 10:37:59 | start-impl-btn window-scan hwnd=68592 total-btns=38
2026-05-05 10:37:59 | start-impl-btn doc-scan hwnd=524752 doc-btns=96
2026-05-05 10:37:59 | start-impl-btn window-scan hwnd=524752 total-btns=99
2026-05-05 10:37:59 | start-impl-btn doc-scan hwnd=199580 doc-btns=42
2026-05-05 10:37:59 | start-impl-btn window-scan hwnd=199580 total-btns=45
2026-05-05 10:38:00 | start-impl-probe ide-windows=3
2026-05-05 10:38:00 | start-impl-btn doc-scan hwnd=68592 doc-btns=35
2026-05-05 10:38:00 | start-impl-btn window-scan hwnd=68592 total-btns=38
2026-05-05 10:38:00 | start-impl-btn doc-scan hwnd=524752 doc-btns=96
2026-05-05 10:38:00 | start-impl-btn window-scan hwnd=524752 total-btns=99
2026-05-05 10:38:00 | start-impl-btn doc-scan hwnd=199580 doc-btns=42
2026-05-05 10:38:00 | start-impl-btn window-scan hwnd=199580 total-btns=45
2026-05-05 10:38:01 | start-impl-probe ide-windows=3
2026-05-05 10:38:01 | start-impl-btn doc-scan hwnd=68592 doc-btns=35
2026-05-05 10:38:01 | start-impl-btn window-scan hwnd=68592 total-btns=38
2026-05-05 10:38:02 | start-impl-btn doc-scan hwnd=524752 doc-btns=96
2026-05-05 10:38:02 | start-impl-btn window-scan hwnd=524752 total-btns=99
2026-05-05 10:38:02 | start-impl-btn doc-scan hwnd=199580 doc-btns=42
2026-05-05 10:38:02 | start-impl-btn window-scan hwnd=199580 total-btns=45
2026-05-05 10:38:02 | start-impl-probe ide-windows=3
2026-05-05 10:38:02 | start-impl-btn doc-scan hwnd=68592 doc-btns=35
2026-05-05 10:38:02 | start-impl-btn window-scan hwnd=68592 total-btns=38
2026-05-05 10:38:02 | start-impl-btn doc-scan hwnd=524752 doc-btns=96
2026-05-05 10:38:02 | start-impl-btn window-scan hwnd=524752 total-btns=99
2026-05-05 10:38:02 | start-impl-btn doc-scan hwnd=199580 doc-btns=42
2026-05-05 10:38:03 | start-impl-btn window-scan hwnd=199580 total-btns=45
2026-05-05 10:38:03 | start-impl-probe ide-windows=3
2026-05-05 10:38:03 | start-impl-btn doc-scan hwnd=68592 doc-btns=35
2026-05-05 10:38:03 | start-impl-btn window-scan hwnd=68592 total-btns=38
2026-05-05 10:38:03 | start-impl-btn window-scan hwnd=524752 total-btns=99
2026-05-05 10:38:03 | start-impl-btn doc-scan hwnd=199580 doc-btns=42
2026-05-05 10:38:03 | start-impl-btn window-scan hwnd=199580 total-btns=45
2026-05-05 10:38:04 | start-impl-probe ide-windows=3
2026-05-05 10:38:04 | start-impl-btn doc-scan hwnd=68592 doc-btns=35
2026-05-05 10:38:04 | start-impl-btn window-scan hwnd=68592 total-btns=38
2026-05-05 10:38:04 | start-impl-btn doc-scan hwnd=524752 doc-btns=96
2026-05-05 10:38:04 | start-impl-btn window-scan hwnd=524752 total-btns=99
2026-05-05 10:38:04 | start-impl-btn doc-scan hwnd=199580 doc-btns=42
2026-05-05 10:38:04 | start-impl-btn window-scan hwnd=199580 total-btns=45
2026-05-05 10:38:05 | start-impl-probe ide-windows=3
2026-05-05 10:38:05 | start-impl-btn doc-scan hwnd=68592 doc-btns=35
2026-05-05 10:38:05 | start-impl-btn window-scan hwnd=68592 total-btns=38
2026-05-05 10:38:05 | start-impl-btn doc-scan hwnd=524752 doc-btns=96
2026-05-05 10:38:05 | start-impl-btn window-scan hwnd=524752 total-btns=99
2026-05-05 10:38:05 | start-impl-btn doc-scan hwnd=199580 doc-btns=42
2026-05-05 10:38:05 | start-impl-btn window-scan hwnd=199580 total-btns=45
2026-05-05 10:38:05 | start-impl-probe ide-windows=3
2026-05-05 10:38:06 | start-impl-btn doc-scan hwnd=68592 doc-btns=35
2026-05-05 10:38:06 | start-impl-btn window-scan hwnd=68592 total-btns=38
2026-05-05 10:38:06 | start-impl-btn doc-scan hwnd=524752 doc-btns=96
2026-05-05 10:38:06 | start-impl-btn window-scan hwnd=524752 total-btns=99
2026-05-05 10:38:06 | start-impl-btn doc-scan hwnd=199580 doc-btns=42
2026-05-05 10:38:06 | start-impl-btn window-scan hwnd=199580 total-btns=45
2026-05-05 10:38:06 | start-impl-probe ide-windows=3
2026-05-05 10:38:06 | start-impl-btn doc-scan hwnd=68592 doc-btns=35
2026-05-05 10:38:06 | start-impl-btn window-scan hwnd=68592 total-btns=38
2026-05-05 10:38:07 | start-impl-btn doc-scan hwnd=524752 doc-btns=96
2026-05-05 10:38:07 | start-impl-btn window-scan hwnd=524752 total-btns=99
2026-05-05 10:38:07 | start-impl-btn doc-scan hwnd=199580 doc-btns=42
2026-05-05 10:38:07 | start-impl-btn window-scan hwnd=199580 total-btns=45
2026-05-05 10:38:07 | start-impl-probe ide-windows=3
2026-05-05 10:38:07 | start-impl-btn doc-scan hwnd=68592 doc-btns=35
2026-05-05 10:38:07 | start-impl-btn window-scan hwnd=68592 total-btns=38
2026-05-05 10:38:08 | start-impl-btn doc-scan hwnd=524752 doc-btns=96
2026-05-05 10:38:08 | start-impl-btn window-scan hwnd=524752 total-btns=99
2026-05-05 10:38:08 | start-impl-btn doc-scan hwnd=199580 doc-btns=42
2026-05-05 10:38:08 | start-impl-btn window-scan hwnd=199580 total-btns=45
2026-05-05 10:38:08 | start-impl-probe ide-windows=3
2026-05-05 10:38:08 | start-impl-btn doc-scan hwnd=524752 doc-btns=96
2026-05-05 10:38:08 | start-impl-btn window-scan hwnd=524752 total-btns=99
2026-05-05 10:38:08 | start-impl-btn doc-scan hwnd=68592 doc-btns=35
2026-05-05 10:38:09 | start-impl-btn window-scan hwnd=68592 total-btns=38
2026-05-05 10:38:09 | start-impl-btn doc-scan hwnd=199580 doc-btns=42
2026-05-05 10:38:09 | start-impl-btn window-scan hwnd=199580 total-btns=45
2026-05-05 10:38:09 | start-impl-probe ide-windows=3
2026-05-05 10:38:09 | start-impl-btn doc-scan hwnd=524752 doc-btns=96
2026-05-05 10:38:09 | start-impl-btn window-scan hwnd=524752 total-btns=99
2026-05-05 10:38:09 | start-impl-btn doc-scan hwnd=68592 doc-btns=35
2026-05-05 10:38:09 | start-impl-btn window-scan hwnd=68592 total-btns=38
2026-05-05 10:38:09 | start-impl-btn doc-scan hwnd=199580 doc-btns=42
2026-05-05 10:38:10 | start-impl-btn window-scan hwnd=199580 total-btns=45
2026-05-05 10:38:10 | start-impl-probe ide-windows=3
2026-05-05 10:38:10 | start-impl-btn doc-scan hwnd=524752 doc-btns=96
2026-05-05 10:38:10 | start-impl-btn window-scan hwnd=524752 total-btns=99
2026-05-05 10:38:10 | start-impl-btn doc-scan hwnd=68592 doc-btns=35
2026-05-05 10:38:10 | start-impl-btn window-scan hwnd=68592 total-btns=38
2026-05-05 10:38:10 | start-impl-btn doc-scan hwnd=199580 doc-btns=42
2026-05-05 10:38:10 | start-impl-btn window-scan hwnd=199580 total-btns=45
2026-05-05 10:38:11 | start-impl-probe ide-windows=3
2026-05-05 10:38:11 | start-impl-btn doc-scan hwnd=524752 doc-btns=96
2026-05-05 10:38:11 | start-impl-btn window-scan hwnd=524752 total-btns=99
2026-05-05 10:38:11 | start-impl-btn doc-scan hwnd=68592 doc-btns=35
2026-05-05 10:38:11 | start-impl-btn window-scan hwnd=68592 total-btns=38
2026-05-05 10:38:11 | start-impl-btn doc-scan hwnd=199580 doc-btns=42
2026-05-05 10:38:11 | start-impl-btn window-scan hwnd=199580 total-btns=45
2026-05-05 10:38:12 | start-impl-probe ide-windows=3
2026-05-05 10:38:12 | start-impl-btn doc-scan hwnd=524752 doc-btns=96
2026-05-05 10:38:12 | start-impl-btn window-scan hwnd=524752 total-btns=99
2026-05-05 10:38:12 | start-impl-btn doc-scan hwnd=68592 doc-btns=35
2026-05-05 10:38:12 | start-impl-btn window-scan hwnd=68592 total-btns=38
2026-05-05 10:38:12 | start-impl-btn doc-scan hwnd=199580 doc-btns=42
2026-05-05 10:38:12 | start-impl-btn window-scan hwnd=199580 total-btns=45
2026-05-05 10:38:13 | start-impl-probe ide-windows=3
2026-05-05 10:38:13 | start-impl-btn doc-scan hwnd=524752 doc-btns=96
2026-05-05 10:38:13 | start-impl-btn window-scan hwnd=524752 total-btns=99
2026-05-05 10:38:13 | start-impl-btn doc-scan hwnd=68592 doc-btns=35
2026-05-05 10:38:13 | start-impl-btn doc-scan hwnd=199580 doc-btns=42
2026-05-05 10:38:13 | start-impl-btn window-scan hwnd=199580 total-btns=45
2026-05-05 10:38:14 | start-impl-probe ide-windows=3
2026-05-05 10:38:14 | start-impl-btn doc-scan hwnd=524752 doc-btns=96
2026-05-05 10:38:14 | start-impl-btn window-scan hwnd=524752 total-btns=99
2026-05-05 10:38:14 | start-impl-btn doc-scan hwnd=68592 doc-btns=35
2026-05-05 10:38:14 | start-impl-btn window-scan hwnd=68592 total-btns=38
2026-05-05 10:38:14 | start-impl-btn doc-scan hwnd=199580 doc-btns=42
2026-05-05 10:38:14 | start-impl-btn window-scan hwnd=199580 total-btns=45
2026-05-05 10:38:15 | start-impl-probe ide-windows=3
2026-05-05 10:38:15 | start-impl-btn doc-scan hwnd=524752 doc-btns=96
2026-05-05 10:38:15 | start-impl-btn window-scan hwnd=524752 total-btns=99
2026-05-05 10:38:15 | start-impl-btn doc-scan hwnd=68592 doc-btns=35
2026-05-05 10:38:15 | start-impl-btn window-scan hwnd=68592 total-btns=38
2026-05-05 10:38:15 | start-impl-btn doc-scan hwnd=199580 doc-btns=42
2026-05-05 10:38:15 | start-impl-btn window-scan hwnd=199580 total-btns=45
2026-05-05 10:38:15 | start-impl-probe ide-windows=3
2026-05-05 10:38:16 | start-impl-btn doc-scan hwnd=524752 doc-btns=96
2026-05-05 10:38:16 | start-impl-btn window-scan hwnd=524752 total-btns=99
2026-05-05 10:38:16 | start-impl-btn doc-scan hwnd=68592 doc-btns=35
2026-05-05 10:38:16 | start-impl-btn window-scan hwnd=68592 total-btns=38
2026-05-05 10:38:16 | start-impl-btn doc-scan hwnd=199580 doc-btns=42
2026-05-05 10:38:16 | start-impl-btn window-scan hwnd=199580 total-btns=45
2026-05-05 10:38:16 | start-impl-probe ide-windows=3
2026-05-05 10:38:16 | start-impl-btn doc-scan hwnd=524752 doc-btns=96
2026-05-05 10:38:17 | start-impl-btn window-scan hwnd=524752 total-btns=99
2026-05-05 10:38:17 | start-impl-btn doc-scan hwnd=68592 doc-btns=35
2026-05-05 10:38:17 | start-impl-btn window-scan hwnd=68592 total-btns=38
2026-05-05 10:38:17 | start-impl-btn doc-scan hwnd=199580 doc-btns=42
2026-05-05 10:38:17 | start-impl-btn window-scan hwnd=199580 total-btns=45
2026-05-05 10:38:17 | start-impl-probe ide-windows=3
2026-05-05 10:38:17 | start-impl-btn doc-scan hwnd=524752 doc-btns=96
2026-05-05 10:38:17 | start-impl-btn window-scan hwnd=524752 total-btns=99
2026-05-05 10:38:17 | start-impl-btn doc-scan hwnd=68592 doc-btns=35
2026-05-05 10:38:18 | start-impl-btn window-scan hwnd=68592 total-btns=38
2026-05-05 10:38:18 | start-impl-btn doc-scan hwnd=199580 doc-btns=42
2026-05-05 10:38:18 | start-impl-btn window-scan hwnd=199580 total-btns=45
2026-05-05 10:38:18 | start-impl-probe ide-windows=3
2026-05-05 10:38:18 | start-impl-btn doc-scan hwnd=524752 doc-btns=96
2026-05-05 10:38:18 | start-impl-btn window-scan hwnd=524752 total-btns=99
2026-05-05 10:38:18 | start-impl-btn doc-scan hwnd=68592 doc-btns=35
2026-05-05 10:38:18 | start-impl-btn window-scan hwnd=68592 total-btns=38
2026-05-05 10:38:18 | start-impl-btn doc-scan hwnd=199580 doc-btns=42
2026-05-05 10:38:19 | start-impl-btn window-scan hwnd=199580 total-btns=45
2026-05-05 10:38:33 | start-impl-probe ide-windows=3
2026-05-05 10:38:33 | start-impl-btn doc-scan hwnd=524752 doc-btns=96
2026-05-05 10:38:34 | start-impl-btn window-scan hwnd=524752 total-btns=99
2026-05-05 10:38:34 | start-impl-btn doc-scan hwnd=68592 doc-btns=35
2026-05-05 10:38:34 | start-impl-btn window-scan hwnd=68592 total-btns=38
2026-05-05 10:38:34 | start-impl-btn doc-scan hwnd=199580 doc-btns=42
2026-05-05 10:38:34 | start-impl-btn window-scan hwnd=199580 total-btns=45
2026-05-05 10:38:34 | start-impl-probe ide-windows=3
2026-05-05 10:38:34 | start-impl-btn doc-scan hwnd=524752 doc-btns=96
2026-05-05 10:38:34 | start-impl-btn window-scan hwnd=524752 total-btns=99
2026-05-05 10:38:34 | start-impl-btn doc-scan hwnd=68592 doc-btns=35
2026-05-05 10:38:35 | start-impl-btn window-scan hwnd=68592 total-btns=38
2026-05-05 10:38:35 | start-impl-btn doc-scan hwnd=199580 doc-btns=42
2026-05-05 10:38:35 | start-impl-btn window-scan hwnd=199580 total-btns=45
2026-05-05 10:38:35 | start-impl-probe ide-windows=3
2026-05-05 10:38:35 | start-impl-btn doc-scan hwnd=524752 doc-btns=96
2026-05-05 10:38:35 | start-impl-btn window-scan hwnd=524752 total-btns=99
2026-05-05 10:38:35 | start-impl-btn doc-scan hwnd=68592 doc-btns=35
2026-05-05 10:38:35 | start-impl-btn window-scan hwnd=68592 total-btns=38
2026-05-05 10:38:35 | start-impl-btn doc-scan hwnd=199580 doc-btns=42
2026-05-05 10:38:36 | start-impl-btn window-scan hwnd=199580 total-btns=45
2026-05-05 10:38:36 | start-impl-probe ide-windows=3
2026-05-05 10:38:36 | start-impl-btn doc-scan hwnd=524752 doc-btns=96
2026-05-05 10:38:36 | start-impl-btn window-scan hwnd=524752 total-btns=99
2026-05-05 10:38:36 | start-impl-btn doc-scan hwnd=68592 doc-btns=35
2026-05-05 10:38:36 | start-impl-btn window-scan hwnd=68592 total-btns=38
2026-05-05 10:38:36 | start-impl-btn doc-scan hwnd=199580 doc-btns=42
2026-05-05 10:38:36 | start-impl-btn window-scan hwnd=199580 total-btns=45
2026-05-05 10:38:37 | start-impl-probe ide-windows=3
2026-05-05 10:38:37 | start-impl-btn doc-scan hwnd=524752 doc-btns=96
2026-05-05 10:38:37 | start-impl-btn window-scan hwnd=524752 total-btns=99
2026-05-05 10:38:37 | start-impl-btn doc-scan hwnd=68592 doc-btns=35
2026-05-05 10:38:37 | start-impl-btn window-scan hwnd=68592 total-btns=38
2026-05-05 10:38:37 | start-impl-btn doc-scan hwnd=199580 doc-btns=42
2026-05-05 10:38:37 | start-impl-btn window-scan hwnd=199580 total-btns=45
2026-05-05 10:38:38 | start-impl-probe ide-windows=3
2026-05-05 10:38:38 | start-impl-btn doc-scan hwnd=524752 doc-btns=96
2026-05-05 10:38:38 | start-impl-btn window-scan hwnd=524752 total-btns=99
2026-05-05 10:38:38 | start-impl-btn doc-scan hwnd=68592 doc-btns=35
2026-05-05 10:38:38 | start-impl-btn window-scan hwnd=68592 total-btns=38
2026-05-05 10:38:38 | start-impl-btn doc-scan hwnd=199580 doc-btns=42
2026-05-05 10:38:38 | start-impl-btn window-scan hwnd=199580 total-btns=45
2026-05-05 10:38:39 | start-impl-probe ide-windows=3
2026-05-05 10:38:39 | start-impl-btn doc-scan hwnd=524752 doc-btns=96
2026-05-05 10:38:39 | start-impl-btn window-scan hwnd=524752 total-btns=99
2026-05-05 10:38:39 | start-impl-btn doc-scan hwnd=68592 doc-btns=35
2026-05-05 10:38:39 | start-impl-btn window-scan hwnd=68592 total-btns=38
2026-05-05 10:38:39 | start-impl-btn doc-scan hwnd=199580 doc-btns=42
2026-05-05 10:38:39 | start-impl-btn window-scan hwnd=199580 total-btns=45
2026-05-05 10:38:40 | start-impl-probe ide-windows=3
2026-05-05 10:38:40 | start-impl-btn doc-scan hwnd=524752 doc-btns=96
2026-05-05 10:38:40 | start-impl-btn window-scan hwnd=524752 total-btns=99
2026-05-05 10:38:40 | start-impl-btn doc-scan hwnd=68592 doc-btns=35
2026-05-05 10:38:40 | start-impl-btn window-scan hwnd=68592 total-btns=38
2026-05-05 10:38:40 | start-impl-btn doc-scan hwnd=199580 doc-btns=42
2026-05-05 10:38:40 | start-impl-btn window-scan hwnd=199580 total-btns=45
2026-05-05 10:38:41 | start-impl-probe ide-windows=3
2026-05-05 10:38:41 | start-impl-btn doc-scan hwnd=524752 doc-btns=96
2026-05-05 10:38:41 | start-impl-btn window-scan hwnd=524752 total-btns=99
2026-05-05 10:38:41 | start-impl-btn doc-scan hwnd=68592 doc-btns=35
2026-05-05 10:38:41 | start-impl-btn window-scan hwnd=68592 total-btns=38
2026-05-05 10:38:41 | start-impl-btn doc-scan hwnd=199580 doc-btns=42
2026-05-05 10:38:41 | start-impl-btn window-scan hwnd=199580 total-btns=45
2026-05-05 10:38:41 | start-impl-probe ide-windows=3
2026-05-05 10:38:42 | start-impl-btn doc-scan hwnd=524752 doc-btns=96
2026-05-05 10:38:42 | start-impl-btn window-scan hwnd=524752 total-btns=99
2026-05-05 10:38:42 | start-impl-btn doc-scan hwnd=68592 doc-btns=35
2026-05-05 10:38:42 | start-impl-btn window-scan hwnd=68592 total-btns=38
2026-05-05 10:38:42 | start-impl-btn doc-scan hwnd=199580 doc-btns=42
2026-05-05 10:38:42 | start-impl-btn window-scan hwnd=199580 total-btns=45
2026-05-05 10:38:42 | start-impl-probe ide-windows=3
2026-05-05 10:38:42 | start-impl-btn doc-scan hwnd=524752 doc-btns=96
2026-05-05 10:38:43 | start-impl-btn doc-scan hwnd=68592 doc-btns=35
2026-05-05 10:38:43 | start-impl-btn window-scan hwnd=68592 total-btns=38
2026-05-05 10:38:43 | start-impl-btn doc-scan hwnd=199580 doc-btns=42
2026-05-05 10:38:43 | start-impl-btn window-scan hwnd=199580 total-btns=45
2026-05-05 10:38:43 | start-impl-probe ide-windows=3
2026-05-05 10:38:43 | start-impl-btn doc-scan hwnd=524752 doc-btns=96
2026-05-05 10:38:43 | start-impl-btn window-scan hwnd=524752 total-btns=99
2026-05-05 10:38:43 | start-impl-btn doc-scan hwnd=68592 doc-btns=35
2026-05-05 10:38:43 | start-impl-btn window-scan hwnd=68592 total-btns=38
2026-05-05 10:38:44 | start-impl-btn doc-scan hwnd=199580 doc-btns=42
2026-05-05 10:38:44 | start-impl-btn window-scan hwnd=199580 total-btns=45
2026-05-05 10:38:44 | start-impl-probe ide-windows=3
2026-05-05 10:38:44 | start-impl-btn doc-scan hwnd=524752 doc-btns=96
2026-05-05 10:38:44 | start-impl-btn window-scan hwnd=524752 total-btns=99
2026-05-05 10:38:44 | start-impl-btn doc-scan hwnd=68592 doc-btns=35
2026-05-05 10:38:44 | start-impl-btn window-scan hwnd=68592 total-btns=38
2026-05-05 10:38:44 | start-impl-btn doc-scan hwnd=199580 doc-btns=42
2026-05-05 10:38:44 | start-impl-btn window-scan hwnd=199580 total-btns=45
2026-05-05 10:38:45 | start-impl-probe ide-windows=3
2026-05-05 10:38:45 | start-impl-btn doc-scan hwnd=524752 doc-btns=96
2026-05-05 10:38:45 | start-impl-btn window-scan hwnd=524752 total-btns=99
2026-05-05 10:38:45 | start-impl-btn doc-scan hwnd=68592 doc-btns=35
2026-05-05 10:38:45 | start-impl-btn window-scan hwnd=68592 total-btns=38
2026-05-05 10:38:45 | start-impl-btn doc-scan hwnd=199580 doc-btns=42
2026-05-05 10:38:45 | start-impl-btn window-scan hwnd=199580 total-btns=45
2026-05-05 10:38:46 | start-impl-probe ide-windows=3
2026-05-05 10:38:46 | start-impl-btn doc-scan hwnd=524752 doc-btns=96
2026-05-05 10:38:46 | start-impl-btn window-scan hwnd=524752 total-btns=99
2026-05-05 10:38:46 | start-impl-btn doc-scan hwnd=68592 doc-btns=35
2026-05-05 10:38:46 | start-impl-btn window-scan hwnd=68592 total-btns=38
2026-05-05 10:38:46 | start-impl-btn doc-scan hwnd=199580 doc-btns=42
2026-05-05 10:38:46 | start-impl-btn window-scan hwnd=199580 total-btns=45
2026-05-05 10:38:47 | start-impl-probe ide-windows=3
2026-05-05 10:38:47 | start-impl-btn doc-scan hwnd=524752 doc-btns=96
2026-05-05 10:38:47 | start-impl-btn window-scan hwnd=524752 total-btns=99
2026-05-05 10:38:47 | start-impl-btn doc-scan hwnd=68592 doc-btns=35
2026-05-05 10:38:47 | start-impl-btn window-scan hwnd=68592 total-btns=38
2026-05-05 10:38:47 | start-impl-btn doc-scan hwnd=199580 doc-btns=42
2026-05-05 10:38:47 | start-impl-btn window-scan hwnd=199580 total-btns=45
2026-05-05 10:38:48 | start-impl-probe ide-windows=3
2026-05-05 10:38:48 | start-impl-btn doc-scan hwnd=524752 doc-btns=96
2026-05-05 10:38:48 | start-impl-btn window-scan hwnd=524752 total-btns=99
2026-05-05 10:38:48 | start-impl-btn doc-scan hwnd=68592 doc-btns=35
2026-05-05 10:38:48 | start-impl-btn window-scan hwnd=68592 total-btns=38
2026-05-05 10:38:48 | start-impl-btn doc-scan hwnd=199580 doc-btns=42
2026-05-05 10:38:48 | start-impl-btn window-scan hwnd=199580 total-btns=45
2026-05-05 10:38:49 | start-impl-probe ide-windows=3
2026-05-05 10:38:49 | start-impl-btn doc-scan hwnd=524752 doc-btns=96
2026-05-05 10:38:49 | start-impl-btn window-scan hwnd=524752 total-btns=99
2026-05-05 10:38:49 | start-impl-btn doc-scan hwnd=68592 doc-btns=35
2026-05-05 10:38:49 | start-impl-btn window-scan hwnd=68592 total-btns=38
2026-05-05 10:38:49 | start-impl-btn doc-scan hwnd=199580 doc-btns=42
2026-05-05 10:38:49 | start-impl-btn window-scan hwnd=199580 total-btns=45
2026-05-05 10:38:50 | start-impl-probe ide-windows=3
2026-05-05 10:38:50 | start-impl-btn doc-scan hwnd=524752 doc-btns=96
2026-05-05 10:38:50 | start-impl-btn window-scan hwnd=524752 total-btns=99
2026-05-05 10:38:50 | start-impl-btn doc-scan hwnd=68592 doc-btns=35
2026-05-05 10:38:50 | start-impl-btn window-scan hwnd=68592 total-btns=38
2026-05-05 10:38:50 | start-impl-btn doc-scan hwnd=199580 doc-btns=42
2026-05-05 10:38:50 | start-impl-btn window-scan hwnd=199580 total-btns=45
2026-05-05 10:38:51 | start-impl-probe ide-windows=3
2026-05-05 10:38:51 | start-impl-btn doc-scan hwnd=524752 doc-btns=96
2026-05-05 10:38:51 | start-impl-btn window-scan hwnd=524752 total-btns=99
2026-05-05 10:38:51 | start-impl-btn doc-scan hwnd=68592 doc-btns=35
2026-05-05 10:38:51 | start-impl-btn window-scan hwnd=68592 total-btns=38
2026-05-05 10:38:51 | start-impl-btn doc-scan hwnd=199580 doc-btns=42
2026-05-05 10:38:51 | start-impl-btn window-scan hwnd=199580 total-btns=45
2026-05-05 10:38:51 | start-impl-probe ide-windows=3
2026-05-05 10:38:52 | start-impl-btn doc-scan hwnd=524752 doc-btns=96
2026-05-05 10:38:52 | start-impl-btn window-scan hwnd=524752 total-btns=99
2026-05-05 10:38:52 | start-impl-btn doc-scan hwnd=68592 doc-btns=35
2026-05-05 10:38:52 | start-impl-btn window-scan hwnd=68592 total-btns=38
2026-05-05 10:38:52 | start-impl-btn doc-scan hwnd=199580 doc-btns=42
2026-05-05 10:38:52 | start-impl-btn window-scan hwnd=199580 total-btns=45
2026-05-05 10:38:52 | start-impl-probe ide-windows=3
2026-05-05 10:38:52 | start-impl-btn doc-scan hwnd=524752 doc-btns=96
2026-05-05 10:38:53 | start-impl-btn window-scan hwnd=524752 total-btns=99
2026-05-05 10:38:53 | start-impl-btn doc-scan hwnd=68592 doc-btns=35
2026-05-05 10:38:53 | start-impl-btn window-scan hwnd=68592 total-btns=38
2026-05-05 10:38:53 | start-impl-btn doc-scan hwnd=199580 doc-btns=42
2026-05-05 10:38:53 | start-impl-btn window-scan hwnd=199580 total-btns=45
2026-05-05 10:38:53 | start-impl-probe ide-windows=3
2026-05-05 10:38:53 | start-impl-btn doc-scan hwnd=524752 doc-btns=96
2026-05-05 10:38:53 | start-impl-btn window-scan hwnd=524752 total-btns=99
2026-05-05 10:38:54 | start-impl-btn doc-scan hwnd=68592 doc-btns=35
2026-05-05 10:38:54 | start-impl-btn window-scan hwnd=68592 total-btns=38
2026-05-05 10:38:54 | start-impl-btn doc-scan hwnd=199580 doc-btns=42
2026-05-05 10:38:54 | start-impl-btn window-scan hwnd=199580 total-btns=45
2026-05-05 10:38:54 | start-impl-probe ide-windows=3
2026-05-05 10:38:54 | start-impl-btn doc-scan hwnd=524752 doc-btns=96
2026-05-05 10:38:54 | start-impl-btn window-scan hwnd=524752 total-btns=99
2026-05-05 10:38:54 | start-impl-btn doc-scan hwnd=68592 doc-btns=35
2026-05-05 10:38:54 | start-impl-btn window-scan hwnd=68592 total-btns=38
2026-05-05 10:38:55 | start-impl-btn doc-scan hwnd=199580 doc-btns=42
2026-05-05 10:38:55 | start-impl-btn window-scan hwnd=199580 total-btns=45
2026-05-05 10:38:55 | start-impl-probe ide-windows=3
2026-05-05 10:38:55 | start-impl-btn doc-scan hwnd=524752 doc-btns=96
2026-05-05 10:38:55 | start-impl-btn window-scan hwnd=524752 total-btns=99
2026-05-05 10:38:55 | start-impl-btn doc-scan hwnd=68592 doc-btns=35
2026-05-05 10:38:55 | start-impl-btn window-scan hwnd=68592 total-btns=38
2026-05-05 10:38:55 | start-impl-btn doc-scan hwnd=199580 doc-btns=42
2026-05-05 10:38:55 | start-impl-btn window-scan hwnd=199580 total-btns=45
2026-05-05 10:38:56 | start-impl-probe ide-windows=3
2026-05-05 10:38:56 | start-impl-btn doc-scan hwnd=524752 doc-btns=96
2026-05-05 10:38:56 | start-impl-btn window-scan hwnd=524752 total-btns=99
2026-05-05 10:38:56 | start-impl-btn doc-scan hwnd=68592 doc-btns=35
2026-05-05 10:38:56 | start-impl-btn window-scan hwnd=68592 total-btns=38
2026-05-05 10:38:56 | start-impl-btn doc-scan hwnd=199580 doc-btns=42
2026-05-05 10:38:56 | start-impl-btn window-scan hwnd=199580 total-btns=45
2026-05-05 10:38:57 | start-impl-probe ide-windows=3
2026-05-05 10:38:57 | start-impl-btn doc-scan hwnd=524752 doc-btns=96
2026-05-05 10:38:57 | start-impl-btn window-scan hwnd=524752 total-btns=99
2026-05-05 10:38:57 | start-impl-btn doc-scan hwnd=68592 doc-btns=35
2026-05-05 10:38:57 | start-impl-btn window-scan hwnd=68592 total-btns=38
2026-05-05 10:38:57 | start-impl-btn window-scan hwnd=199580 total-btns=45
2026-05-05 10:38:58 | start-impl-probe ide-windows=3
2026-05-05 10:38:58 | start-impl-btn doc-scan hwnd=524752 doc-btns=96
2026-05-05 10:38:58 | start-impl-btn window-scan hwnd=524752 total-btns=99
2026-05-05 10:38:58 | start-impl-btn doc-scan hwnd=68592 doc-btns=35
2026-05-05 10:38:58 | start-impl-btn window-scan hwnd=68592 total-btns=38
2026-05-05 10:38:58 | start-impl-btn doc-scan hwnd=199580 doc-btns=42
2026-05-05 10:38:58 | start-impl-btn window-scan hwnd=199580 total-btns=45
2026-05-05 10:38:59 | start-impl-probe ide-windows=3
2026-05-05 10:38:59 | start-impl-btn doc-scan hwnd=524752 doc-btns=96
2026-05-05 10:38:59 | start-impl-btn window-scan hwnd=524752 total-btns=99
2026-05-05 10:38:59 | start-impl-btn doc-scan hwnd=68592 doc-btns=35
2026-05-05 10:38:59 | start-impl-btn window-scan hwnd=68592 total-btns=38
2026-05-05 10:38:59 | start-impl-btn doc-scan hwnd=199580 doc-btns=42
2026-05-05 10:38:59 | start-impl-btn window-scan hwnd=199580 total-btns=45
2026-05-05 10:39:00 | start-impl-probe ide-windows=3
2026-05-05 10:39:00 | start-impl-btn doc-scan hwnd=524752 doc-btns=96
2026-05-05 10:39:00 | start-impl-btn window-scan hwnd=524752 total-btns=99
2026-05-05 10:39:00 | start-impl-btn doc-scan hwnd=68592 doc-btns=35
2026-05-05 10:39:00 | start-impl-btn window-scan hwnd=68592 total-btns=38
2026-05-05 10:39:00 | start-impl-btn doc-scan hwnd=199580 doc-btns=42
2026-05-05 10:39:00 | start-impl-btn window-scan hwnd=199580 total-btns=45
2026-05-05 10:39:00 | start-impl-probe ide-windows=3
2026-05-05 10:39:01 | start-impl-btn doc-scan hwnd=524752 doc-btns=96
2026-05-05 10:39:01 | start-impl-btn window-scan hwnd=524752 total-btns=99
2026-05-05 10:39:01 | start-impl-btn doc-scan hwnd=68592 doc-btns=35
2026-05-05 10:39:01 | start-impl-btn window-scan hwnd=68592 total-btns=38
2026-05-05 10:39:01 | start-impl-btn doc-scan hwnd=199580 doc-btns=42
2026-05-05 10:39:01 | start-impl-btn window-scan hwnd=199580 total-btns=45
2026-05-05 10:39:01 | start-impl-probe ide-windows=3
2026-05-05 10:39:01 | start-impl-btn doc-scan hwnd=524752 doc-btns=96
2026-05-05 10:39:02 | start-impl-btn window-scan hwnd=524752 total-btns=99
2026-05-05 10:39:02 | start-impl-btn doc-scan hwnd=68592 doc-btns=35
2026-05-05 10:39:02 | start-impl-btn window-scan hwnd=68592 total-btns=38
2026-05-05 10:39:02 | start-impl-btn doc-scan hwnd=199580 doc-btns=42
2026-05-05 10:39:02 | start-impl-btn window-scan hwnd=199580 total-btns=45
2026-05-05 10:39:02 | start-impl-probe ide-windows=3
2026-05-05 10:39:02 | start-impl-btn doc-scan hwnd=524752 doc-btns=96
2026-05-05 10:39:02 | start-impl-btn window-scan hwnd=524752 total-btns=99
2026-05-05 10:39:03 | start-impl-btn doc-scan hwnd=68592 doc-btns=35
2026-05-05 10:39:03 | start-impl-btn window-scan hwnd=68592 total-btns=38
2026-05-05 10:39:03 | start-impl-btn doc-scan hwnd=199580 doc-btns=42
2026-05-05 10:39:03 | start-impl-btn window-scan hwnd=199580 total-btns=45
2026-05-05 10:39:03 | start-impl-probe ide-windows=3
2026-05-05 10:39:03 | start-impl-btn doc-scan hwnd=524752 doc-btns=96
2026-05-05 10:39:03 | start-impl-btn window-scan hwnd=524752 total-btns=99
2026-05-05 10:39:03 | start-impl-btn doc-scan hwnd=68592 doc-btns=35
2026-05-05 10:39:04 | start-impl-btn window-scan hwnd=68592 total-btns=38
2026-05-05 10:39:04 | start-impl-btn doc-scan hwnd=199580 doc-btns=42
2026-05-05 10:39:04 | start-impl-btn window-scan hwnd=199580 total-btns=45
2026-05-05 10:39:04 | start-impl-probe ide-windows=3
2026-05-05 10:39:04 | start-impl-btn doc-scan hwnd=524752 doc-btns=96
2026-05-05 10:39:04 | start-impl-btn window-scan hwnd=524752 total-btns=99
2026-05-05 10:39:04 | start-impl-btn window-scan hwnd=68592 total-btns=38
2026-05-05 10:39:04 | start-impl-btn doc-scan hwnd=199580 doc-btns=42
2026-05-05 10:39:05 | start-impl-btn window-scan hwnd=199580 total-btns=45
2026-05-05 10:39:05 | start-impl-probe ide-windows=3
2026-05-05 10:39:05 | start-impl-btn doc-scan hwnd=524752 doc-btns=96
2026-05-05 10:39:05 | start-impl-btn window-scan hwnd=524752 total-btns=99
2026-05-05 10:39:05 | start-impl-btn doc-scan hwnd=68592 doc-btns=35
2026-05-05 10:39:05 | start-impl-btn window-scan hwnd=68592 total-btns=38
2026-05-05 10:39:05 | start-impl-btn doc-scan hwnd=199580 doc-btns=42
2026-05-05 10:39:05 | start-impl-btn window-scan hwnd=199580 total-btns=45
2026-05-05 10:39:06 | start-impl-probe ide-windows=3
2026-05-05 10:39:06 | start-impl-btn doc-scan hwnd=524752 doc-btns=96
2026-05-05 10:39:06 | start-impl-btn window-scan hwnd=524752 total-btns=99
2026-05-05 10:39:06 | start-impl-btn doc-scan hwnd=68592 doc-btns=35
2026-05-05 10:39:06 | start-impl-btn window-scan hwnd=68592 total-btns=38
2026-05-05 10:39:06 | start-impl-btn doc-scan hwnd=199580 doc-btns=42
2026-05-05 10:39:06 | start-impl-btn window-scan hwnd=199580 total-btns=45
2026-05-05 10:39:07 | start-impl-probe ide-windows=3
2026-05-05 10:39:07 | start-impl-btn doc-scan hwnd=524752 doc-btns=96
2026-05-05 10:39:07 | start-impl-btn window-scan hwnd=524752 total-btns=99
2026-05-05 10:39:07 | start-impl-btn doc-scan hwnd=68592 doc-btns=35
2026-05-05 10:39:07 | start-impl-btn window-scan hwnd=68592 total-btns=38
2026-05-05 10:39:07 | start-impl-btn doc-scan hwnd=199580 doc-btns=42
2026-05-05 10:39:07 | start-impl-btn window-scan hwnd=199580 total-btns=45
2026-05-05 10:39:08 | start-impl-probe ide-windows=3
2026-05-05 10:39:08 | start-impl-btn doc-scan hwnd=524752 doc-btns=96
2026-05-05 10:39:08 | start-impl-btn window-scan hwnd=524752 total-btns=99
2026-05-05 10:39:08 | start-impl-btn doc-scan hwnd=68592 doc-btns=35
2026-05-05 10:39:08 | start-impl-btn window-scan hwnd=68592 total-btns=38
2026-05-05 10:39:08 | start-impl-btn doc-scan hwnd=199580 doc-btns=42
2026-05-05 10:39:08 | start-impl-btn window-scan hwnd=199580 total-btns=45
2026-05-05 10:39:09 | start-impl-probe ide-windows=3
2026-05-05 10:39:09 | start-impl-btn doc-scan hwnd=524752 doc-btns=96
2026-05-05 10:39:09 | start-impl-btn window-scan hwnd=524752 total-btns=99
2026-05-05 10:39:09 | start-impl-btn doc-scan hwnd=68592 doc-btns=35
2026-05-05 10:39:09 | start-impl-btn window-scan hwnd=68592 total-btns=38
2026-05-05 10:39:09 | start-impl-btn doc-scan hwnd=199580 doc-btns=42
2026-05-05 10:39:09 | start-impl-btn window-scan hwnd=199580 total-btns=45
2026-05-05 10:39:10 | start-impl-probe ide-windows=3
2026-05-05 10:39:10 | start-impl-btn doc-scan hwnd=524752 doc-btns=96
2026-05-05 10:39:10 | start-impl-btn window-scan hwnd=524752 total-btns=99
2026-05-05 10:39:10 | start-impl-btn doc-scan hwnd=68592 doc-btns=35
2026-05-05 10:39:10 | start-impl-btn window-scan hwnd=68592 total-btns=38
2026-05-05 10:39:10 | start-impl-btn doc-scan hwnd=199580 doc-btns=42
2026-05-05 10:39:10 | start-impl-btn window-scan hwnd=199580 total-btns=45
2026-05-05 10:39:10 | start-impl-probe ide-windows=3
2026-05-05 10:39:11 | start-impl-btn doc-scan hwnd=524752 doc-btns=96
2026-05-05 10:39:11 | start-impl-btn window-scan hwnd=524752 total-btns=99
2026-05-05 10:39:11 | start-impl-btn doc-scan hwnd=68592 doc-btns=35
2026-05-05 10:39:11 | start-impl-btn window-scan hwnd=68592 total-btns=38
2026-05-05 10:39:11 | start-impl-btn doc-scan hwnd=199580 doc-btns=42
2026-05-05 10:39:11 | start-impl-btn window-scan hwnd=199580 total-btns=45
2026-05-05 10:39:11 | start-impl-probe ide-windows=3
2026-05-05 10:39:11 | start-impl-btn doc-scan hwnd=524752 doc-btns=96
2026-05-05 10:39:12 | start-impl-btn window-scan hwnd=524752 total-btns=99
2026-05-05 10:39:12 | start-impl-btn doc-scan hwnd=68592 doc-btns=35
2026-05-05 10:39:12 | start-impl-btn window-scan hwnd=68592 total-btns=38
2026-05-05 10:39:12 | start-impl-btn doc-scan hwnd=199580 doc-btns=42
2026-05-05 10:39:12 | start-impl-btn window-scan hwnd=199580 total-btns=45
2026-05-05 10:39:12 | start-impl-probe ide-windows=3
2026-05-05 10:39:12 | start-impl-btn window-scan hwnd=524752 total-btns=99
2026-05-05 10:39:13 | start-impl-btn doc-scan hwnd=68592 doc-btns=35
2026-05-05 10:39:13 | start-impl-btn window-scan hwnd=68592 total-btns=38
2026-05-05 10:39:13 | start-impl-btn doc-scan hwnd=199580 doc-btns=42
2026-05-05 10:39:13 | start-impl-btn window-scan hwnd=199580 total-btns=45
2026-05-05 10:39:13 | start-impl-probe ide-windows=3
2026-05-05 10:39:13 | start-impl-btn doc-scan hwnd=524752 doc-btns=96
2026-05-05 10:39:13 | start-impl-btn window-scan hwnd=524752 total-btns=99
2026-05-05 10:39:13 | start-impl-btn doc-scan hwnd=68592 doc-btns=35
2026-05-05 10:39:13 | start-impl-btn window-scan hwnd=68592 total-btns=38
2026-05-05 10:39:14 | start-impl-btn doc-scan hwnd=199580 doc-btns=42
2026-05-05 10:39:14 | start-impl-btn window-scan hwnd=199580 total-btns=45
2026-05-05 10:39:14 | start-impl-probe ide-windows=3
2026-05-05 10:39:14 | start-impl-btn doc-scan hwnd=524752 doc-btns=96
2026-05-05 10:39:14 | start-impl-btn window-scan hwnd=524752 total-btns=99
2026-05-05 10:39:14 | start-impl-btn doc-scan hwnd=68592 doc-btns=35
2026-05-05 10:39:14 | start-impl-btn window-scan hwnd=68592 total-btns=38
2026-05-05 10:39:14 | start-impl-btn doc-scan hwnd=199580 doc-btns=42
2026-05-05 10:39:14 | start-impl-btn window-scan hwnd=199580 total-btns=45
2026-05-05 10:39:15 | start-impl-probe ide-windows=3
2026-05-05 10:39:15 | start-impl-btn doc-scan hwnd=524752 doc-btns=96
2026-05-05 10:39:15 | start-impl-btn window-scan hwnd=524752 total-btns=99
2026-05-05 10:39:15 | start-impl-btn doc-scan hwnd=68592 doc-btns=35
2026-05-05 10:39:15 | start-impl-btn window-scan hwnd=68592 total-btns=38
2026-05-05 10:39:15 | start-impl-btn doc-scan hwnd=199580 doc-btns=42
2026-05-05 10:39:15 | start-impl-btn window-scan hwnd=199580 total-btns=45
2026-05-05 10:39:16 | start-impl-probe ide-windows=3
2026-05-05 10:39:16 | start-impl-btn doc-scan hwnd=524752 doc-btns=96
2026-05-05 10:39:16 | start-impl-btn window-scan hwnd=524752 total-btns=99
2026-05-05 10:39:16 | start-impl-btn doc-scan hwnd=68592 doc-btns=35
2026-05-05 10:39:16 | start-impl-btn window-scan hwnd=68592 total-btns=38
2026-05-05 10:39:16 | start-impl-btn doc-scan hwnd=199580 doc-btns=42
2026-05-05 10:39:16 | start-impl-btn window-scan hwnd=199580 total-btns=45
2026-05-05 10:39:17 | start-impl-probe ide-windows=3
2026-05-05 10:39:17 | start-impl-btn doc-scan hwnd=524752 doc-btns=96
2026-05-05 10:39:17 | start-impl-btn window-scan hwnd=524752 total-btns=99
2026-05-05 10:39:17 | start-impl-btn doc-scan hwnd=68592 doc-btns=35
2026-05-05 10:39:17 | start-impl-btn window-scan hwnd=68592 total-btns=38
2026-05-05 10:39:17 | start-impl-btn doc-scan hwnd=199580 doc-btns=42
2026-05-05 10:39:17 | start-impl-btn window-scan hwnd=199580 total-btns=45
2026-05-05 10:39:18 | start-impl-probe ide-windows=3
2026-05-05 10:39:18 | start-impl-btn doc-scan hwnd=524752 doc-btns=96
2026-05-05 10:39:18 | start-impl-btn window-scan hwnd=524752 total-btns=99
2026-05-05 10:39:18 | start-impl-btn doc-scan hwnd=68592 doc-btns=35
2026-05-05 10:39:18 | start-impl-btn window-scan hwnd=68592 total-btns=38
2026-05-05 10:39:18 | start-impl-btn doc-scan hwnd=199580 doc-btns=42
2026-05-05 10:39:18 | start-impl-btn window-scan hwnd=199580 total-btns=45
2026-05-05 10:39:19 | start-impl-probe ide-windows=3
2026-05-05 10:39:19 | start-impl-btn window-scan hwnd=524752 total-btns=99
2026-05-05 10:39:19 | start-impl-btn doc-scan hwnd=68592 doc-btns=35
2026-05-05 10:39:19 | start-impl-btn window-scan hwnd=68592 total-btns=38
2026-05-05 10:39:19 | start-impl-btn doc-scan hwnd=199580 doc-btns=42
2026-05-05 10:39:19 | start-impl-btn window-scan hwnd=199580 total-btns=45
2026-05-05 10:39:20 | start-impl-probe ide-windows=3
2026-05-05 10:39:20 | start-impl-btn doc-scan hwnd=524752 doc-btns=96
2026-05-05 10:39:20 | start-impl-btn window-scan hwnd=524752 total-btns=99
2026-05-05 10:39:20 | start-impl-btn doc-scan hwnd=68592 doc-btns=35
2026-05-05 10:39:20 | start-impl-btn window-scan hwnd=68592 total-btns=38
2026-05-05 10:39:20 | start-impl-btn doc-scan hwnd=199580 doc-btns=42
2026-05-05 10:39:20 | start-impl-btn window-scan hwnd=199580 total-btns=45
2026-05-05 10:39:20 | start-impl-probe ide-windows=3
2026-05-05 10:39:21 | start-impl-btn doc-scan hwnd=524752 doc-btns=96
2026-05-05 10:39:21 | start-impl-btn window-scan hwnd=524752 total-btns=99
2026-05-05 10:39:21 | start-impl-btn doc-scan hwnd=68592 doc-btns=35
2026-05-05 10:39:21 | start-impl-btn window-scan hwnd=68592 total-btns=38
2026-05-05 10:39:21 | start-impl-btn doc-scan hwnd=199580 doc-btns=42
2026-05-05 10:39:21 | start-impl-btn window-scan hwnd=199580 total-btns=45
2026-05-05 10:39:21 | start-impl-probe ide-windows=3
2026-05-05 10:39:21 | start-impl-btn doc-scan hwnd=524752 doc-btns=96
2026-05-05 10:39:22 | start-impl-btn window-scan hwnd=524752 total-btns=99
2026-05-05 10:39:22 | start-impl-btn doc-scan hwnd=68592 doc-btns=35
2026-05-05 10:39:22 | start-impl-btn window-scan hwnd=68592 total-btns=38
2026-05-05 10:39:22 | start-impl-btn doc-scan hwnd=199580 doc-btns=42
2026-05-05 10:39:22 | start-impl-btn window-scan hwnd=199580 total-btns=45
2026-05-05 10:39:22 | start-impl-probe ide-windows=3
2026-05-05 10:39:22 | start-impl-btn doc-scan hwnd=524752 doc-btns=96
2026-05-05 10:39:22 | start-impl-btn window-scan hwnd=524752 total-btns=99
2026-05-05 10:39:22 | start-impl-btn doc-scan hwnd=68592 doc-btns=35
2026-05-05 10:39:23 | start-impl-btn window-scan hwnd=68592 total-btns=38
2026-05-05 10:39:23 | start-impl-btn doc-scan hwnd=199580 doc-btns=42
2026-05-05 10:39:23 | start-impl-btn window-scan hwnd=199580 total-btns=45
2026-05-05 10:39:23 | start-impl-probe ide-windows=3
2026-05-05 10:39:23 | start-impl-btn doc-scan hwnd=524752 doc-btns=96
2026-05-05 10:39:23 | start-impl-btn window-scan hwnd=524752 total-btns=99
2026-05-05 10:39:23 | start-impl-btn doc-scan hwnd=68592 doc-btns=35
2026-05-05 10:39:24 | start-impl-btn window-scan hwnd=68592 total-btns=38
2026-05-05 10:39:24 | start-impl-btn doc-scan hwnd=199580 doc-btns=42
2026-05-05 10:39:24 | start-impl-btn window-scan hwnd=199580 total-btns=45
2026-05-05 10:39:24 | start-impl-probe ide-windows=3
2026-05-05 10:39:24 | start-impl-btn doc-scan hwnd=524752 doc-btns=96
2026-05-05 10:39:24 | start-impl-btn window-scan hwnd=524752 total-btns=99
2026-05-05 10:39:24 | start-impl-btn doc-scan hwnd=68592 doc-btns=35
2026-05-05 10:39:24 | start-impl-btn window-scan hwnd=68592 total-btns=38
2026-05-05 10:39:24 | start-impl-btn doc-scan hwnd=199580 doc-btns=42
2026-05-05 10:39:25 | start-impl-btn window-scan hwnd=199580 total-btns=45
2026-05-05 10:39:25 | start-impl-probe ide-windows=3
2026-05-05 10:39:25 | start-impl-btn doc-scan hwnd=524752 doc-btns=96
2026-05-05 10:39:25 | start-impl-btn window-scan hwnd=524752 total-btns=99
2026-05-05 10:39:25 | start-impl-btn doc-scan hwnd=68592 doc-btns=35
2026-05-05 10:39:25 | start-impl-btn window-scan hwnd=68592 total-btns=38
2026-05-05 10:39:25 | start-impl-btn doc-scan hwnd=199580 doc-btns=42
2026-05-05 10:39:25 | start-impl-btn window-scan hwnd=199580 total-btns=45
2026-05-05 10:39:26 | start-impl-probe ide-windows=3
2026-05-05 10:39:26 | start-impl-btn doc-scan hwnd=524752 doc-btns=96
2026-05-05 10:39:26 | start-impl-btn window-scan hwnd=524752 total-btns=99
2026-05-05 10:39:26 | start-impl-btn doc-scan hwnd=68592 doc-btns=35
2026-05-05 10:39:26 | start-impl-btn window-scan hwnd=68592 total-btns=38
2026-05-05 10:39:26 | start-impl-btn doc-scan hwnd=199580 doc-btns=42
2026-05-05 10:39:27 | start-impl-probe ide-windows=3
2026-05-05 10:39:27 | start-impl-btn doc-scan hwnd=524752 doc-btns=96
2026-05-05 10:39:27 | start-impl-btn window-scan hwnd=524752 total-btns=99
2026-05-05 10:39:27 | start-impl-btn doc-scan hwnd=68592 doc-btns=35
2026-05-05 10:39:27 | start-impl-btn window-scan hwnd=68592 total-btns=38
2026-05-05 10:39:27 | start-impl-btn doc-scan hwnd=199580 doc-btns=42
2026-05-05 10:39:27 | start-impl-btn window-scan hwnd=199580 total-btns=45
2026-05-05 10:39:28 | start-impl-probe ide-windows=3
2026-05-05 10:39:28 | start-impl-btn doc-scan hwnd=524752 doc-btns=96
2026-05-05 10:39:28 | start-impl-btn window-scan hwnd=524752 total-btns=99
2026-05-05 10:39:28 | start-impl-btn doc-scan hwnd=68592 doc-btns=35
2026-05-05 10:39:28 | start-impl-btn window-scan hwnd=68592 total-btns=38
2026-05-05 10:39:28 | start-impl-btn doc-scan hwnd=199580 doc-btns=42
2026-05-05 10:39:28 | start-impl-btn window-scan hwnd=199580 total-btns=45
2026-05-05 10:39:29 | start-impl-probe ide-windows=3
2026-05-05 10:39:29 | start-impl-btn doc-scan hwnd=524752 doc-btns=96
2026-05-05 10:39:29 | start-impl-btn window-scan hwnd=524752 total-btns=99
2026-05-05 10:39:29 | start-impl-btn doc-scan hwnd=68592 doc-btns=35
2026-05-05 10:39:29 | start-impl-btn window-scan hwnd=68592 total-btns=38
2026-05-05 10:39:29 | start-impl-btn doc-scan hwnd=199580 doc-btns=42
2026-05-05 10:39:29 | start-impl-btn window-scan hwnd=199580 total-btns=45
2026-05-05 10:39:30 | start-impl-probe ide-windows=3
2026-05-05 10:39:30 | start-impl-btn doc-scan hwnd=524752 doc-btns=96
2026-05-05 10:39:30 | start-impl-btn window-scan hwnd=524752 total-btns=99
2026-05-05 10:39:30 | start-impl-btn doc-scan hwnd=68592 doc-btns=35
2026-05-05 10:39:30 | start-impl-btn window-scan hwnd=68592 total-btns=38
2026-05-05 10:39:30 | start-impl-btn doc-scan hwnd=199580 doc-btns=42
2026-05-05 10:39:30 | start-impl-btn window-scan hwnd=199580 total-btns=45
2026-05-05 10:39:30 | start-impl-probe ide-windows=3
2026-05-05 10:39:31 | start-impl-btn doc-scan hwnd=524752 doc-btns=96
2026-05-05 10:39:31 | start-impl-btn window-scan hwnd=524752 total-btns=99
2026-05-05 10:39:31 | start-impl-btn doc-scan hwnd=68592 doc-btns=35
2026-05-05 10:39:31 | start-impl-btn window-scan hwnd=68592 total-btns=38
2026-05-05 10:39:31 | start-impl-btn doc-scan hwnd=199580 doc-btns=42
2026-05-05 10:39:31 | start-impl-btn window-scan hwnd=199580 total-btns=45
2026-05-05 10:39:31 | start-impl-probe ide-windows=3
2026-05-05 10:39:31 | start-impl-btn doc-scan hwnd=524752 doc-btns=96
2026-05-05 10:39:32 | start-impl-btn window-scan hwnd=524752 total-btns=99
2026-05-05 10:39:32 | start-impl-btn doc-scan hwnd=68592 doc-btns=35
2026-05-05 10:39:32 | start-impl-btn window-scan hwnd=68592 total-btns=38
2026-05-05 10:39:32 | start-impl-btn doc-scan hwnd=199580 doc-btns=42
2026-05-05 10:39:32 | start-impl-btn window-scan hwnd=199580 total-btns=45
2026-05-05 10:39:32 | start-impl-probe ide-windows=3
2026-05-05 10:39:32 | start-impl-btn doc-scan hwnd=524752 doc-btns=96
2026-05-05 10:39:32 | start-impl-btn window-scan hwnd=524752 total-btns=99
2026-05-05 10:39:32 | start-impl-btn doc-scan hwnd=68592 doc-btns=35
2026-05-05 10:39:33 | start-impl-btn window-scan hwnd=68592 total-btns=38
2026-05-05 10:39:33 | start-impl-btn doc-scan hwnd=199580 doc-btns=42
2026-05-05 10:39:33 | start-impl-btn window-scan hwnd=199580 total-btns=45
2026-05-05 10:39:33 | start-impl-probe ide-windows=3
2026-05-05 10:39:33 | start-impl-btn doc-scan hwnd=524752 doc-btns=96
2026-05-05 10:39:33 | start-impl-btn window-scan hwnd=524752 total-btns=99
2026-05-05 10:39:33 | start-impl-btn doc-scan hwnd=68592 doc-btns=35
2026-05-05 10:39:33 | start-impl-btn window-scan hwnd=68592 total-btns=38
2026-05-05 10:39:34 | start-impl-btn doc-scan hwnd=199580 doc-btns=42
2026-05-05 10:39:34 | start-impl-btn window-scan hwnd=199580 total-btns=45
2026-05-05 10:39:34 | start-impl-probe ide-windows=3
2026-05-05 10:39:34 | start-impl-btn doc-scan hwnd=524752 doc-btns=96
2026-05-05 10:39:34 | start-impl-btn window-scan hwnd=524752 total-btns=99
2026-05-05 10:39:34 | start-impl-btn doc-scan hwnd=68592 doc-btns=35
2026-05-05 10:39:34 | start-impl-btn window-scan hwnd=68592 total-btns=38
2026-05-05 10:39:34 | start-impl-btn doc-scan hwnd=199580 doc-btns=42
2026-05-05 10:39:34 | start-impl-btn window-scan hwnd=199580 total-btns=45
2026-05-05 10:39:35 | start-impl-probe ide-windows=3
2026-05-05 10:39:35 | start-impl-btn doc-scan hwnd=524752 doc-btns=96
2026-05-05 10:39:35 | start-impl-btn window-scan hwnd=524752 total-btns=99
2026-05-05 10:39:35 | start-impl-btn doc-scan hwnd=68592 doc-btns=35
2026-05-05 10:39:35 | start-impl-btn window-scan hwnd=68592 total-btns=38
2026-05-05 10:39:35 | start-impl-btn doc-scan hwnd=199580 doc-btns=42
2026-05-05 10:39:35 | start-impl-btn window-scan hwnd=199580 total-btns=45
2026-05-05 10:39:36 | start-impl-probe ide-windows=3
2026-05-05 10:39:36 | start-impl-btn doc-scan hwnd=524752 doc-btns=96
2026-05-05 10:39:36 | start-impl-btn window-scan hwnd=524752 total-btns=99
2026-05-05 10:39:36 | start-impl-btn doc-scan hwnd=68592 doc-btns=35
2026-05-05 10:39:36 | start-impl-btn window-scan hwnd=68592 total-btns=38
2026-05-05 10:39:36 | start-impl-btn doc-scan hwnd=199580 doc-btns=42
2026-05-05 10:39:36 | start-impl-btn window-scan hwnd=199580 total-btns=45
2026-05-05 10:39:37 | start-impl-probe ide-windows=3
2026-05-05 10:39:37 | start-impl-btn doc-scan hwnd=524752 doc-btns=96
2026-05-05 10:39:37 | start-impl-btn window-scan hwnd=524752 total-btns=99
2026-05-05 10:39:37 | start-impl-btn doc-scan hwnd=68592 doc-btns=35
2026-05-05 10:39:37 | start-impl-btn window-scan hwnd=68592 total-btns=38
2026-05-05 10:39:37 | start-impl-btn doc-scan hwnd=199580 doc-btns=42
2026-05-05 10:39:37 | start-impl-btn window-scan hwnd=199580 total-btns=45
2026-05-05 10:39:38 | start-impl-probe ide-windows=3
2026-05-05 10:39:38 | start-impl-btn doc-scan hwnd=524752 doc-btns=96
2026-05-05 10:39:38 | start-impl-btn window-scan hwnd=524752 total-btns=99
2026-05-05 10:39:38 | start-impl-btn doc-scan hwnd=68592 doc-btns=35
2026-05-05 10:39:38 | start-impl-btn window-scan hwnd=68592 total-btns=38
2026-05-05 10:39:38 | start-impl-btn doc-scan hwnd=199580 doc-btns=42
2026-05-05 10:39:38 | start-impl-btn window-scan hwnd=199580 total-btns=45
2026-05-05 10:39:39 | start-impl-probe ide-windows=3
2026-05-05 10:39:39 | start-impl-btn doc-scan hwnd=524752 doc-btns=96
2026-05-05 10:39:39 | start-impl-btn window-scan hwnd=524752 total-btns=99
2026-05-05 10:39:39 | start-impl-btn doc-scan hwnd=68592 doc-btns=35
2026-05-05 10:39:39 | start-impl-btn window-scan hwnd=68592 total-btns=38
2026-05-05 10:39:39 | start-impl-btn doc-scan hwnd=199580 doc-btns=42
2026-05-05 10:39:39 | start-impl-btn window-scan hwnd=199580 total-btns=45
2026-05-05 10:39:39 | start-impl-probe ide-windows=3
2026-05-05 10:39:40 | start-impl-btn doc-scan hwnd=524752 doc-btns=96
2026-05-05 10:39:40 | start-impl-btn window-scan hwnd=524752 total-btns=99
2026-05-05 10:39:40 | start-impl-btn doc-scan hwnd=68592 doc-btns=35
2026-05-05 10:39:40 | start-impl-btn window-scan hwnd=68592 total-btns=38
2026-05-05 10:39:40 | start-impl-btn doc-scan hwnd=199580 doc-btns=42
2026-05-05 10:39:40 | start-impl-btn window-scan hwnd=199580 total-btns=45
2026-05-05 10:39:40 | start-impl-probe ide-windows=3
2026-05-05 10:39:40 | start-impl-btn doc-scan hwnd=524752 doc-btns=96
2026-05-05 10:39:41 | start-impl-btn window-scan hwnd=524752 total-btns=99
2026-05-05 10:39:41 | start-impl-btn doc-scan hwnd=68592 doc-btns=35
2026-05-05 10:39:41 | start-impl-btn window-scan hwnd=68592 total-btns=38
2026-05-05 10:39:41 | start-impl-btn doc-scan hwnd=199580 doc-btns=42
2026-05-05 10:39:41 | start-impl-btn window-scan hwnd=199580 total-btns=45
2026-05-05 10:39:41 | start-impl-probe ide-windows=3
2026-05-05 10:39:41 | start-impl-btn doc-scan hwnd=524752 doc-btns=96
2026-05-05 10:39:41 | start-impl-btn window-scan hwnd=524752 total-btns=99
2026-05-05 10:39:42 | start-impl-btn doc-scan hwnd=68592 doc-btns=35
2026-05-05 10:39:42 | start-impl-btn window-scan hwnd=68592 total-btns=38
2026-05-05 10:39:42 | start-impl-btn doc-scan hwnd=199580 doc-btns=42
2026-05-05 10:39:42 | start-impl-btn window-scan hwnd=199580 total-btns=45
2026-05-05 10:39:42 | start-impl-probe ide-windows=3
2026-05-05 10:39:42 | start-impl-btn doc-scan hwnd=524752 doc-btns=96
2026-05-05 10:39:42 | start-impl-btn window-scan hwnd=524752 total-btns=99
2026-05-05 10:39:42 | start-impl-btn doc-scan hwnd=68592 doc-btns=35
2026-05-05 10:39:42 | start-impl-btn window-scan hwnd=68592 total-btns=38
2026-05-05 10:39:43 | start-impl-btn doc-scan hwnd=199580 doc-btns=42
2026-05-05 10:39:43 | start-impl-btn window-scan hwnd=199580 total-btns=45
2026-05-05 10:39:43 | start-impl-probe ide-windows=3
2026-05-05 10:39:43 | start-impl-btn doc-scan hwnd=524752 doc-btns=96
2026-05-05 10:39:43 | start-impl-btn window-scan hwnd=524752 total-btns=99
2026-05-05 10:39:43 | start-impl-btn doc-scan hwnd=68592 doc-btns=35
2026-05-05 10:39:43 | start-impl-btn window-scan hwnd=68592 total-btns=38
2026-05-05 10:39:43 | start-impl-btn doc-scan hwnd=199580 doc-btns=42
2026-05-05 10:39:43 | start-impl-btn window-scan hwnd=199580 total-btns=45
2026-05-05 10:39:44 | start-impl-probe ide-windows=3
2026-05-05 10:39:44 | start-impl-btn doc-scan hwnd=524752 doc-btns=96
2026-05-05 10:39:44 | start-impl-btn window-scan hwnd=524752 total-btns=99
2026-05-05 10:39:44 | start-impl-btn doc-scan hwnd=68592 doc-btns=35
2026-05-05 10:39:44 | start-impl-btn window-scan hwnd=68592 total-btns=38
2026-05-05 10:39:44 | start-impl-btn doc-scan hwnd=199580 doc-btns=42
2026-05-05 10:39:44 | start-impl-btn window-scan hwnd=199580 total-btns=45
2026-05-05 10:39:45 | start-impl-probe ide-windows=3
2026-05-05 10:39:45 | start-impl-btn doc-scan hwnd=524752 doc-btns=96
2026-05-05 10:39:45 | start-impl-btn window-scan hwnd=524752 total-btns=99
2026-05-05 10:39:45 | start-impl-btn doc-scan hwnd=68592 doc-btns=35
2026-05-05 10:39:45 | start-impl-btn window-scan hwnd=68592 total-btns=38
2026-05-05 10:39:45 | start-impl-btn doc-scan hwnd=199580 doc-btns=42
2026-05-05 10:39:45 | start-impl-btn window-scan hwnd=199580 total-btns=45
2026-05-05 10:39:46 | start-impl-probe ide-windows=3
2026-05-05 10:39:46 | start-impl-btn doc-scan hwnd=524752 doc-btns=96
2026-05-05 10:39:46 | start-impl-btn window-scan hwnd=524752 total-btns=99
2026-05-05 10:39:46 | start-impl-btn doc-scan hwnd=68592 doc-btns=35
2026-05-05 10:39:46 | start-impl-btn window-scan hwnd=68592 total-btns=38
2026-05-05 10:39:46 | start-impl-btn doc-scan hwnd=199580 doc-btns=42
2026-05-05 10:39:46 | start-impl-btn window-scan hwnd=199580 total-btns=45
2026-05-05 10:39:47 | start-impl-probe ide-windows=3
2026-05-05 10:39:47 | start-impl-btn doc-scan hwnd=524752 doc-btns=96
2026-05-05 10:39:47 | start-impl-btn window-scan hwnd=524752 total-btns=99
2026-05-05 10:39:47 | start-impl-btn doc-scan hwnd=68592 doc-btns=35
2026-05-05 10:39:47 | start-impl-btn doc-scan hwnd=199580 doc-btns=42
2026-05-05 10:39:47 | start-impl-btn window-scan hwnd=199580 total-btns=45
2026-05-05 10:39:48 | start-impl-probe ide-windows=3
2026-05-05 10:39:48 | start-impl-btn doc-scan hwnd=524752 doc-btns=96
2026-05-05 10:39:48 | start-impl-btn window-scan hwnd=524752 total-btns=99
2026-05-05 10:39:48 | start-impl-btn doc-scan hwnd=68592 doc-btns=35
2026-05-05 10:39:48 | start-impl-btn window-scan hwnd=68592 total-btns=38
2026-05-05 10:39:48 | start-impl-btn doc-scan hwnd=199580 doc-btns=42
2026-05-05 10:39:48 | start-impl-btn window-scan hwnd=199580 total-btns=45
2026-05-05 10:39:49 | start-impl-probe ide-windows=3
2026-05-05 10:39:49 | start-impl-btn doc-scan hwnd=524752 doc-btns=96
2026-05-05 10:39:49 | start-impl-btn window-scan hwnd=524752 total-btns=99
2026-05-05 10:39:49 | start-impl-btn doc-scan hwnd=68592 doc-btns=35
2026-05-05 10:39:49 | start-impl-btn doc-scan hwnd=199580 doc-btns=42
2026-05-05 10:39:49 | start-impl-btn window-scan hwnd=199580 total-btns=45
2026-05-05 10:39:49 | start-impl-probe ide-windows=3
2026-05-05 10:39:50 | start-impl-btn doc-scan hwnd=524752 doc-btns=96
2026-05-05 10:39:50 | start-impl-btn window-scan hwnd=524752 total-btns=99
2026-05-05 10:39:50 | start-impl-btn doc-scan hwnd=68592 doc-btns=35
2026-05-05 10:39:50 | start-impl-btn window-scan hwnd=68592 total-btns=38
2026-05-05 10:39:50 | start-impl-btn doc-scan hwnd=199580 doc-btns=42
2026-05-05 10:39:50 | start-impl-btn window-scan hwnd=199580 total-btns=45
2026-05-05 10:39:50 | start-impl-probe ide-windows=3
2026-05-05 10:39:50 | start-impl-btn doc-scan hwnd=524752 doc-btns=96
2026-05-05 10:39:51 | start-impl-btn window-scan hwnd=524752 total-btns=99
2026-05-05 10:39:51 | start-impl-btn doc-scan hwnd=68592 doc-btns=35
2026-05-05 10:39:51 | start-impl-btn window-scan hwnd=68592 total-btns=38
2026-05-05 10:39:51 | start-impl-btn doc-scan hwnd=199580 doc-btns=42
2026-05-05 10:39:51 | start-impl-btn window-scan hwnd=199580 total-btns=45
2026-05-05 10:39:51 | start-impl-probe ide-windows=3
2026-05-05 10:39:51 | start-impl-btn doc-scan hwnd=524752 doc-btns=96
2026-05-05 10:39:51 | start-impl-btn window-scan hwnd=524752 total-btns=99
2026-05-05 10:39:52 | start-impl-btn window-scan hwnd=68592 total-btns=38
2026-05-05 10:39:52 | start-impl-btn doc-scan hwnd=199580 doc-btns=42
2026-05-05 10:39:52 | start-impl-btn window-scan hwnd=199580 total-btns=45
2026-05-05 10:39:52 | start-impl-probe ide-windows=3
2026-05-05 10:39:52 | start-impl-btn doc-scan hwnd=524752 doc-btns=96
2026-05-05 10:39:52 | start-impl-btn doc-scan hwnd=68592 doc-btns=35
2026-05-05 10:39:52 | start-impl-btn window-scan hwnd=68592 total-btns=38
2026-05-05 10:39:52 | start-impl-btn doc-scan hwnd=199580 doc-btns=42
2026-05-05 10:39:53 | start-impl-btn window-scan hwnd=199580 total-btns=45
2026-05-05 10:39:53 | start-impl-probe ide-windows=3
2026-05-05 10:39:53 | start-impl-btn doc-scan hwnd=524752 doc-btns=96
2026-05-05 10:39:53 | start-impl-btn window-scan hwnd=524752 total-btns=99
2026-05-05 10:39:53 | start-impl-btn doc-scan hwnd=68592 doc-btns=35
2026-05-05 10:39:53 | start-impl-btn window-scan hwnd=68592 total-btns=38
2026-05-05 10:39:53 | start-impl-btn doc-scan hwnd=199580 doc-btns=42
2026-05-05 10:39:54 | start-impl-btn window-scan hwnd=199580 total-btns=45
2026-05-05 10:39:54 | start-impl-probe ide-windows=3
2026-05-05 10:39:54 | start-impl-btn doc-scan hwnd=524752 doc-btns=96
2026-05-05 10:39:54 | start-impl-btn window-scan hwnd=524752 total-btns=99
2026-05-05 10:39:54 | start-impl-btn doc-scan hwnd=68592 doc-btns=35
2026-05-05 10:39:54 | start-impl-btn window-scan hwnd=68592 total-btns=38
2026-05-05 10:39:54 | start-impl-btn doc-scan hwnd=199580 doc-btns=42
2026-05-05 10:39:54 | start-impl-btn window-scan hwnd=199580 total-btns=45
2026-05-05 10:39:55 | start-impl-probe ide-windows=3
2026-05-05 10:39:55 | start-impl-btn doc-scan hwnd=524752 doc-btns=96
2026-05-05 10:39:55 | start-impl-btn window-scan hwnd=524752 total-btns=99
2026-05-05 10:39:55 | start-impl-btn doc-scan hwnd=68592 doc-btns=35
2026-05-05 10:39:55 | start-impl-btn window-scan hwnd=68592 total-btns=38
2026-05-05 10:39:55 | start-impl-btn doc-scan hwnd=199580 doc-btns=42
2026-05-05 10:39:55 | start-impl-btn window-scan hwnd=199580 total-btns=45
2026-05-05 10:39:56 | start-impl-probe ide-windows=3
2026-05-05 10:39:56 | start-impl-btn doc-scan hwnd=524752 doc-btns=96
2026-05-05 10:39:56 | start-impl-btn window-scan hwnd=524752 total-btns=99
2026-05-05 10:39:56 | start-impl-btn doc-scan hwnd=68592 doc-btns=35
2026-05-05 10:39:56 | start-impl-btn window-scan hwnd=68592 total-btns=38
2026-05-05 10:39:56 | start-impl-btn doc-scan hwnd=199580 doc-btns=42
2026-05-05 10:39:56 | start-impl-btn window-scan hwnd=199580 total-btns=45
2026-05-05 10:39:57 | start-impl-probe ide-windows=3
2026-05-05 10:39:57 | start-impl-btn doc-scan hwnd=524752 doc-btns=96
2026-05-05 10:39:57 | start-impl-btn window-scan hwnd=524752 total-btns=99
2026-05-05 10:39:57 | start-impl-btn doc-scan hwnd=68592 doc-btns=35
2026-05-05 10:39:57 | start-impl-btn window-scan hwnd=68592 total-btns=38
2026-05-05 10:39:57 | start-impl-btn doc-scan hwnd=199580 doc-btns=42
2026-05-05 10:39:57 | start-impl-btn window-scan hwnd=199580 total-btns=45
2026-05-05 10:39:58 | start-impl-probe ide-windows=3
2026-05-05 10:39:58 | start-impl-btn doc-scan hwnd=524752 doc-btns=96
2026-05-05 10:39:58 | start-impl-btn window-scan hwnd=524752 total-btns=99
2026-05-05 10:39:58 | start-impl-btn doc-scan hwnd=68592 doc-btns=35
2026-05-05 10:39:58 | start-impl-btn window-scan hwnd=68592 total-btns=38
2026-05-05 10:39:58 | start-impl-btn doc-scan hwnd=199580 doc-btns=42
2026-05-05 10:39:58 | start-impl-btn window-scan hwnd=199580 total-btns=45
2026-05-05 10:39:59 | start-impl-probe ide-windows=3
2026-05-05 10:39:59 | start-impl-btn doc-scan hwnd=524752 doc-btns=96
2026-05-05 10:39:59 | start-impl-btn window-scan hwnd=524752 total-btns=99
2026-05-05 10:39:59 | start-impl-btn doc-scan hwnd=68592 doc-btns=35
2026-05-05 10:39:59 | start-impl-btn window-scan hwnd=68592 total-btns=38
2026-05-05 10:39:59 | start-impl-btn doc-scan hwnd=199580 doc-btns=42
2026-05-05 10:39:59 | start-impl-btn window-scan hwnd=199580 total-btns=45
2026-05-05 10:39:59 | start-impl-probe ide-windows=3
2026-05-05 10:40:00 | start-impl-btn doc-scan hwnd=524752 doc-btns=96
2026-05-05 10:40:00 | start-impl-btn window-scan hwnd=524752 total-btns=99
2026-05-05 10:40:00 | start-impl-btn doc-scan hwnd=68592 doc-btns=35
2026-05-05 10:40:00 | start-impl-btn window-scan hwnd=68592 total-btns=38
2026-05-05 10:40:00 | start-impl-btn doc-scan hwnd=199580 doc-btns=42
2026-05-05 10:40:00 | start-impl-btn window-scan hwnd=199580 total-btns=45
2026-05-05 10:40:00 | start-impl-probe ide-windows=3
2026-05-05 10:40:00 | start-impl-btn doc-scan hwnd=524752 doc-btns=96
2026-05-05 10:40:01 | start-impl-btn window-scan hwnd=524752 total-btns=99
2026-05-05 10:40:01 | start-impl-btn doc-scan hwnd=68592 doc-btns=35
2026-05-05 10:40:01 | start-impl-btn window-scan hwnd=68592 total-btns=38
2026-05-05 10:40:01 | start-impl-btn doc-scan hwnd=199580 doc-btns=42
2026-05-05 10:40:01 | start-impl-btn window-scan hwnd=199580 total-btns=45
2026-05-05 10:40:01 | start-impl-probe ide-windows=3
2026-05-05 10:40:01 | start-impl-btn doc-scan hwnd=524752 doc-btns=96
2026-05-05 10:40:01 | start-impl-btn window-scan hwnd=524752 total-btns=99
2026-05-05 10:40:01 | start-impl-btn doc-scan hwnd=68592 doc-btns=35
2026-05-05 10:40:02 | start-impl-btn window-scan hwnd=68592 total-btns=38
2026-05-05 10:40:02 | start-impl-btn doc-scan hwnd=199580 doc-btns=42
2026-05-05 10:40:02 | start-impl-btn window-scan hwnd=199580 total-btns=45
2026-05-05 10:40:02 | start-impl-probe ide-windows=3
2026-05-05 10:40:02 | start-impl-btn doc-scan hwnd=524752 doc-btns=96
2026-05-05 10:40:02 | start-impl-btn window-scan hwnd=524752 total-btns=99
2026-05-05 10:40:02 | start-impl-btn doc-scan hwnd=68592 doc-btns=35
2026-05-05 10:40:02 | start-impl-btn window-scan hwnd=68592 total-btns=38
2026-05-05 10:40:03 | start-impl-btn doc-scan hwnd=199580 doc-btns=42
2026-05-05 10:40:03 | start-impl-btn window-scan hwnd=199580 total-btns=45
2026-05-05 10:40:03 | start-impl-probe ide-windows=3
2026-05-05 10:40:03 | start-impl-btn doc-scan hwnd=524752 doc-btns=96
2026-05-05 10:40:03 | start-impl-btn window-scan hwnd=524752 total-btns=99
2026-05-05 10:40:03 | start-impl-btn doc-scan hwnd=68592 doc-btns=35
2026-05-05 10:40:03 | start-impl-btn window-scan hwnd=68592 total-btns=38
2026-05-05 10:40:03 | start-impl-btn doc-scan hwnd=199580 doc-btns=42
2026-05-05 10:40:04 | start-impl-btn window-scan hwnd=199580 total-btns=45
2026-05-05 10:40:04 | start-impl-probe ide-windows=3
2026-05-05 10:40:04 | start-impl-btn doc-scan hwnd=524752 doc-btns=96
2026-05-05 10:40:04 | start-impl-btn window-scan hwnd=524752 total-btns=99
2026-05-05 10:40:04 | start-impl-btn doc-scan hwnd=68592 doc-btns=35
2026-05-05 10:40:04 | start-impl-btn window-scan hwnd=68592 total-btns=38
2026-05-05 10:40:04 | start-impl-btn doc-scan hwnd=199580 doc-btns=42
2026-05-05 10:40:04 | start-impl-btn window-scan hwnd=199580 total-btns=45
2026-05-05 10:40:05 | start-impl-probe ide-windows=3
2026-05-05 10:40:05 | start-impl-btn doc-scan hwnd=524752 doc-btns=96
2026-05-05 10:40:05 | start-impl-btn window-scan hwnd=524752 total-btns=99
2026-05-05 10:40:05 | start-impl-btn doc-scan hwnd=68592 doc-btns=35
2026-05-05 10:40:05 | start-impl-btn window-scan hwnd=68592 total-btns=38
2026-05-05 10:40:05 | start-impl-btn doc-scan hwnd=199580 doc-btns=42
2026-05-05 10:40:05 | start-impl-btn window-scan hwnd=199580 total-btns=45
2026-05-05 10:40:06 | start-impl-probe ide-windows=3
2026-05-05 10:40:06 | start-impl-btn doc-scan hwnd=524752 doc-btns=96
2026-05-05 10:40:06 | start-impl-btn window-scan hwnd=524752 total-btns=99
2026-05-05 10:40:06 | start-impl-btn doc-scan hwnd=68592 doc-btns=35
2026-05-05 10:40:06 | start-impl-btn window-scan hwnd=68592 total-btns=38
2026-05-05 10:40:06 | start-impl-btn doc-scan hwnd=199580 doc-btns=42
2026-05-05 10:40:06 | start-impl-btn window-scan hwnd=199580 total-btns=45
2026-05-05 10:40:07 | start-impl-probe ide-windows=3
2026-05-05 10:40:07 | start-impl-btn doc-scan hwnd=524752 doc-btns=96
2026-05-05 10:40:07 | start-impl-btn window-scan hwnd=524752 total-btns=99
2026-05-05 10:40:07 | start-impl-btn doc-scan hwnd=68592 doc-btns=35
2026-05-05 10:40:07 | start-impl-btn window-scan hwnd=68592 total-btns=38
2026-05-05 10:40:07 | start-impl-btn doc-scan hwnd=199580 doc-btns=42
2026-05-05 10:40:07 | start-impl-btn window-scan hwnd=199580 total-btns=45
2026-05-05 10:40:08 | start-impl-probe ide-windows=3
2026-05-05 10:40:08 | start-impl-btn doc-scan hwnd=524752 doc-btns=96
2026-05-05 10:40:08 | start-impl-btn window-scan hwnd=524752 total-btns=99
2026-05-05 10:40:08 | start-impl-btn doc-scan hwnd=68592 doc-btns=35
2026-05-05 10:40:08 | start-impl-btn window-scan hwnd=68592 total-btns=38
2026-05-05 10:40:08 | start-impl-btn doc-scan hwnd=199580 doc-btns=42
2026-05-05 10:40:08 | start-impl-btn window-scan hwnd=199580 total-btns=45
2026-05-05 10:40:08 | start-impl-probe ide-windows=3
2026-05-05 10:40:09 | start-impl-btn doc-scan hwnd=524752 doc-btns=96
2026-05-05 10:40:09 | start-impl-btn window-scan hwnd=524752 total-btns=99
2026-05-05 10:40:09 | start-impl-btn doc-scan hwnd=68592 doc-btns=35
2026-05-05 10:40:09 | start-impl-btn window-scan hwnd=68592 total-btns=38
2026-05-05 10:40:09 | start-impl-btn doc-scan hwnd=199580 doc-btns=42
2026-05-05 10:40:09 | start-impl-btn window-scan hwnd=199580 total-btns=45
2026-05-05 10:40:09 | start-impl-probe ide-windows=3
2026-05-05 10:40:09 | start-impl-btn doc-scan hwnd=524752 doc-btns=96
2026-05-05 10:40:10 | start-impl-btn window-scan hwnd=524752 total-btns=99
2026-05-05 10:40:10 | start-impl-btn doc-scan hwnd=68592 doc-btns=35
2026-05-05 10:40:10 | start-impl-btn window-scan hwnd=68592 total-btns=38
2026-05-05 10:40:10 | start-impl-btn doc-scan hwnd=199580 doc-btns=42
2026-05-05 10:40:10 | start-impl-btn window-scan hwnd=199580 total-btns=45
2026-05-05 10:40:10 | start-impl-probe ide-windows=3
2026-05-05 10:40:10 | start-impl-btn doc-scan hwnd=524752 doc-btns=96
2026-05-05 10:40:10 | start-impl-btn window-scan hwnd=524752 total-btns=99
2026-05-05 10:40:11 | start-impl-btn doc-scan hwnd=68592 doc-btns=35
2026-05-05 10:40:11 | start-impl-btn window-scan hwnd=68592 total-btns=38
2026-05-05 10:40:11 | start-impl-btn doc-scan hwnd=199580 doc-btns=42
2026-05-05 10:40:11 | start-impl-btn window-scan hwnd=199580 total-btns=45
2026-05-05 10:40:11 | start-impl-probe ide-windows=3
2026-05-05 10:40:11 | start-impl-btn doc-scan hwnd=524752 doc-btns=96
2026-05-05 10:40:11 | start-impl-btn window-scan hwnd=524752 total-btns=99
2026-05-05 10:40:12 | start-impl-btn doc-scan hwnd=68592 doc-btns=35
2026-05-05 10:40:12 | start-impl-btn window-scan hwnd=68592 total-btns=38
2026-05-05 10:40:12 | start-impl-btn doc-scan hwnd=199580 doc-btns=42
2026-05-05 10:40:12 | start-impl-btn window-scan hwnd=199580 total-btns=45
2026-05-05 10:40:12 | start-impl-probe ide-windows=3
2026-05-05 10:40:12 | start-impl-btn doc-scan hwnd=524752 doc-btns=96
2026-05-05 10:40:12 | start-impl-btn window-scan hwnd=524752 total-btns=99
2026-05-05 10:40:12 | start-impl-btn doc-scan hwnd=68592 doc-btns=35
2026-05-05 10:40:12 | start-impl-btn window-scan hwnd=68592 total-btns=38
2026-05-05 10:40:12 | start-impl-btn doc-scan hwnd=199580 doc-btns=42
2026-05-05 10:40:12 | start-impl-btn window-scan hwnd=199580 total-btns=45
2026-05-05 10:40:13 | start-impl-probe ide-windows=3
2026-05-05 10:40:13 | start-impl-btn doc-scan hwnd=524752 doc-btns=96
2026-05-05 10:40:13 | start-impl-btn window-scan hwnd=524752 total-btns=99
2026-05-05 10:40:13 | start-impl-btn doc-scan hwnd=68592 doc-btns=35
2026-05-05 10:40:13 | start-impl-btn window-scan hwnd=68592 total-btns=38
2026-05-05 10:40:13 | start-impl-btn doc-scan hwnd=199580 doc-btns=42
2026-05-05 10:40:13 | start-impl-btn window-scan hwnd=199580 total-btns=45
2026-05-05 10:40:14 | start-impl-probe ide-windows=3
2026-05-05 10:40:14 | start-impl-btn doc-scan hwnd=524752 doc-btns=96
2026-05-05 10:40:14 | start-impl-btn window-scan hwnd=524752 total-btns=99
2026-05-05 10:40:14 | start-impl-btn doc-scan hwnd=68592 doc-btns=35
2026-05-05 10:40:14 | start-impl-btn window-scan hwnd=68592 total-btns=38
2026-05-05 10:40:14 | start-impl-btn doc-scan hwnd=199580 doc-btns=42
2026-05-05 10:40:14 | start-impl-btn window-scan hwnd=199580 total-btns=45
2026-05-05 10:40:15 | start-impl-probe ide-windows=3
2026-05-05 10:40:15 | start-impl-btn doc-scan hwnd=524752 doc-btns=96
2026-05-05 10:40:15 | start-impl-btn window-scan hwnd=524752 total-btns=99
2026-05-05 10:40:15 | start-impl-btn doc-scan hwnd=68592 doc-btns=35
2026-05-05 10:40:15 | start-impl-btn window-scan hwnd=68592 total-btns=38
2026-05-05 10:40:15 | start-impl-btn doc-scan hwnd=199580 doc-btns=42
2026-05-05 10:40:15 | start-impl-btn window-scan hwnd=199580 total-btns=45
2026-05-05 10:40:16 | start-impl-probe ide-windows=3
2026-05-05 10:40:16 | start-impl-btn doc-scan hwnd=524752 doc-btns=96
2026-05-05 10:40:16 | start-impl-btn window-scan hwnd=524752 total-btns=99
2026-05-05 10:40:16 | start-impl-btn doc-scan hwnd=68592 doc-btns=35
2026-05-05 10:40:16 | start-impl-btn window-scan hwnd=68592 total-btns=38
2026-05-05 10:40:16 | start-impl-btn doc-scan hwnd=199580 doc-btns=42
2026-05-05 10:40:16 | start-impl-btn window-scan hwnd=199580 total-btns=45
2026-05-05 10:40:17 | start-impl-probe ide-windows=3
2026-05-05 10:40:17 | start-impl-btn doc-scan hwnd=524752 doc-btns=96
2026-05-05 10:40:17 | start-impl-btn doc-scan hwnd=68592 doc-btns=35
2026-05-05 10:40:17 | start-impl-btn window-scan hwnd=68592 total-btns=38
2026-05-05 10:40:17 | start-impl-btn doc-scan hwnd=199580 doc-btns=42
2026-05-05 10:40:17 | start-impl-btn window-scan hwnd=199580 total-btns=45
2026-05-05 10:40:18 | start-impl-probe ide-windows=3
2026-05-05 10:40:18 | start-impl-btn doc-scan hwnd=524752 doc-btns=96
2026-05-05 10:40:18 | start-impl-btn window-scan hwnd=524752 total-btns=99
2026-05-05 10:40:18 | start-impl-btn doc-scan hwnd=68592 doc-btns=35
2026-05-05 10:40:18 | start-impl-btn window-scan hwnd=68592 total-btns=38
2026-05-05 10:40:18 | start-impl-btn doc-scan hwnd=199580 doc-btns=42
2026-05-05 10:40:18 | start-impl-btn window-scan hwnd=199580 total-btns=45
2026-05-05 10:40:18 | start-impl-probe ide-windows=3
2026-05-05 10:40:19 | start-impl-btn doc-scan hwnd=524752 doc-btns=96
2026-05-05 10:40:19 | start-impl-btn window-scan hwnd=524752 total-btns=99
2026-05-05 10:40:19 | start-impl-btn doc-scan hwnd=68592 doc-btns=35
2026-05-05 10:40:19 | start-impl-btn window-scan hwnd=68592 total-btns=38
2026-05-05 10:40:19 | start-impl-btn doc-scan hwnd=199580 doc-btns=42
2026-05-05 10:40:19 | start-impl-btn window-scan hwnd=199580 total-btns=45
2026-05-05 10:40:19 | start-impl-probe ide-windows=3
2026-05-05 10:40:19 | start-impl-btn doc-scan hwnd=524752 doc-btns=96
2026-05-05 10:40:20 | start-impl-btn window-scan hwnd=524752 total-btns=99
2026-05-05 10:40:20 | start-impl-btn doc-scan hwnd=68592 doc-btns=35
2026-05-05 10:40:20 | start-impl-btn window-scan hwnd=68592 total-btns=38
2026-05-05 10:40:20 | start-impl-btn doc-scan hwnd=199580 doc-btns=42
2026-05-05 10:40:20 | start-impl-btn window-scan hwnd=199580 total-btns=45
2026-05-05 10:40:20 | start-impl-probe ide-windows=3
2026-05-05 10:40:20 | start-impl-btn doc-scan hwnd=524752 doc-btns=96
2026-05-05 10:40:20 | start-impl-btn window-scan hwnd=524752 total-btns=99
2026-05-05 10:40:20 | start-impl-btn doc-scan hwnd=68592 doc-btns=35
2026-05-05 10:40:21 | start-impl-btn window-scan hwnd=68592 total-btns=38
2026-05-05 10:40:21 | start-impl-btn doc-scan hwnd=199580 doc-btns=42
2026-05-05 10:40:21 | start-impl-btn window-scan hwnd=199580 total-btns=45
2026-05-05 10:40:21 | start-impl-probe ide-windows=3
2026-05-05 10:40:21 | start-impl-btn doc-scan hwnd=524752 doc-btns=96
2026-05-05 10:40:21 | start-impl-btn window-scan hwnd=524752 total-btns=99
2026-05-05 10:40:21 | start-impl-btn doc-scan hwnd=68592 doc-btns=35
2026-05-05 10:40:21 | start-impl-btn window-scan hwnd=68592 total-btns=38
2026-05-05 10:40:22 | start-impl-btn doc-scan hwnd=199580 doc-btns=42
2026-05-05 10:40:22 | start-impl-btn window-scan hwnd=199580 total-btns=45
2026-05-05 10:40:22 | start-impl-probe ide-windows=3
2026-05-05 10:40:22 | start-impl-btn doc-scan hwnd=524752 doc-btns=96
2026-05-05 10:40:22 | start-impl-btn window-scan hwnd=524752 total-btns=99
2026-05-05 10:40:22 | start-impl-btn doc-scan hwnd=68592 doc-btns=35
2026-05-05 10:40:22 | start-impl-btn window-scan hwnd=68592 total-btns=38
2026-05-05 10:40:22 | start-impl-btn doc-scan hwnd=199580 doc-btns=42
2026-05-05 10:40:22 | start-impl-btn window-scan hwnd=199580 total-btns=45
2026-05-05 10:40:23 | start-impl-probe ide-windows=3
2026-05-05 10:40:23 | start-impl-btn doc-scan hwnd=524752 doc-btns=96
2026-05-05 10:40:23 | start-impl-btn window-scan hwnd=524752 total-btns=99
2026-05-05 10:40:23 | start-impl-btn doc-scan hwnd=68592 doc-btns=35
2026-05-05 10:40:23 | start-impl-btn window-scan hwnd=68592 total-btns=38
2026-05-05 10:40:23 | start-impl-btn window-scan hwnd=199580 total-btns=45
2026-05-05 10:40:24 | start-impl-probe ide-windows=3
2026-05-05 10:40:24 | start-impl-btn doc-scan hwnd=524752 doc-btns=96
2026-05-05 10:40:24 | start-impl-btn window-scan hwnd=524752 total-btns=99
2026-05-05 10:40:24 | start-impl-btn doc-scan hwnd=68592 doc-btns=35
2026-05-05 10:40:24 | start-impl-btn window-scan hwnd=68592 total-btns=38
2026-05-05 10:40:24 | start-impl-btn doc-scan hwnd=199580 doc-btns=42
2026-05-05 10:40:24 | start-impl-btn window-scan hwnd=199580 total-btns=45
2026-05-05 10:40:25 | start-impl-probe ide-windows=3
2026-05-05 10:40:25 | start-impl-btn doc-scan hwnd=524752 doc-btns=96
2026-05-05 10:40:25 | start-impl-btn window-scan hwnd=524752 total-btns=99
2026-05-05 10:40:25 | start-impl-btn window-scan hwnd=68592 total-btns=38
2026-05-05 10:40:25 | start-impl-btn doc-scan hwnd=199580 doc-btns=42
2026-05-05 10:40:25 | start-impl-btn window-scan hwnd=199580 total-btns=45
2026-05-05 10:40:26 | start-impl-probe ide-windows=3
2026-05-05 10:40:26 | start-impl-btn doc-scan hwnd=524752 doc-btns=96
2026-05-05 10:40:26 | start-impl-btn window-scan hwnd=524752 total-btns=99
2026-05-05 10:40:26 | start-impl-btn doc-scan hwnd=68592 doc-btns=35
2026-05-05 10:40:26 | start-impl-btn window-scan hwnd=68592 total-btns=38
2026-05-05 10:40:26 | start-impl-btn doc-scan hwnd=199580 doc-btns=42
2026-05-05 10:40:26 | start-impl-btn window-scan hwnd=199580 total-btns=45
2026-05-05 10:40:27 | start-impl-probe ide-windows=3
2026-05-05 10:40:27 | start-impl-btn doc-scan hwnd=524752 doc-btns=96
2026-05-05 10:40:27 | start-impl-btn window-scan hwnd=524752 total-btns=99
2026-05-05 10:40:27 | start-impl-btn doc-scan hwnd=68592 doc-btns=35
2026-05-05 10:40:27 | start-impl-btn window-scan hwnd=68592 total-btns=38
2026-05-05 10:40:27 | start-impl-btn doc-scan hwnd=199580 doc-btns=42
2026-05-05 10:40:27 | start-impl-btn window-scan hwnd=199580 total-btns=45
2026-05-05 10:40:28 | start-impl-probe ide-windows=3
2026-05-05 10:40:28 | start-impl-btn doc-scan hwnd=524752 doc-btns=96
2026-05-05 10:40:28 | start-impl-btn window-scan hwnd=524752 total-btns=99
2026-05-05 10:40:28 | start-impl-btn window-scan hwnd=68592 total-btns=38
2026-05-05 10:40:28 | start-impl-btn doc-scan hwnd=199580 doc-btns=42
2026-05-05 10:40:28 | start-impl-btn window-scan hwnd=199580 total-btns=45
2026-05-05 10:40:28 | start-impl-probe ide-windows=3
2026-05-05 10:40:29 | start-impl-btn doc-scan hwnd=524752 doc-btns=96
2026-05-05 10:40:29 | start-impl-btn window-scan hwnd=524752 total-btns=99
2026-05-05 10:40:29 | start-impl-btn window-scan hwnd=68592 total-btns=38
2026-05-05 10:40:29 | start-impl-btn doc-scan hwnd=199580 doc-btns=42
2026-05-05 10:40:29 | start-impl-btn window-scan hwnd=199580 total-btns=45
2026-05-05 10:40:29 | start-impl-probe ide-windows=3
2026-05-05 10:40:29 | start-impl-btn doc-scan hwnd=524752 doc-btns=96
2026-05-05 10:40:30 | start-impl-btn window-scan hwnd=524752 total-btns=99
2026-05-05 10:40:30 | start-impl-btn doc-scan hwnd=68592 doc-btns=35
2026-05-05 10:40:30 | start-impl-btn window-scan hwnd=68592 total-btns=38
2026-05-05 10:40:30 | start-impl-btn doc-scan hwnd=199580 doc-btns=42
2026-05-05 10:40:30 | start-impl-btn window-scan hwnd=199580 total-btns=45
2026-05-05 10:40:30 | start-impl-probe ide-windows=3
2026-05-05 10:40:30 | start-impl-btn doc-scan hwnd=524752 doc-btns=96
2026-05-05 10:40:30 | start-impl-btn window-scan hwnd=524752 total-btns=99
2026-05-05 10:40:30 | start-impl-btn doc-scan hwnd=68592 doc-btns=35
2026-05-05 10:40:31 | start-impl-btn window-scan hwnd=68592 total-btns=38
2026-05-05 10:40:31 | start-impl-btn doc-scan hwnd=199580 doc-btns=42
2026-05-05 10:40:31 | start-impl-btn window-scan hwnd=199580 total-btns=45
2026-05-05 10:40:31 | start-impl-probe ide-windows=3
2026-05-05 10:40:31 | start-impl-btn doc-scan hwnd=524752 doc-btns=96
2026-05-05 10:40:31 | start-impl-btn window-scan hwnd=524752 total-btns=99
2026-05-05 10:40:31 | start-impl-btn doc-scan hwnd=68592 doc-btns=35
2026-05-05 10:40:31 | start-impl-btn window-scan hwnd=68592 total-btns=38
2026-05-05 10:40:32 | start-impl-btn doc-scan hwnd=199580 doc-btns=42
2026-05-05 10:40:32 | start-impl-btn window-scan hwnd=199580 total-btns=45
2026-05-05 10:40:32 | start-impl-probe ide-windows=3
2026-05-05 10:40:32 | start-impl-btn doc-scan hwnd=524752 doc-btns=96
2026-05-05 10:40:32 | start-impl-btn window-scan hwnd=524752 total-btns=99
2026-05-05 10:40:32 | start-impl-btn doc-scan hwnd=68592 doc-btns=35
2026-05-05 10:40:32 | start-impl-btn window-scan hwnd=68592 total-btns=38
2026-05-05 10:40:32 | start-impl-btn doc-scan hwnd=199580 doc-btns=42
2026-05-05 10:40:32 | start-impl-btn window-scan hwnd=199580 total-btns=45
2026-05-05 10:40:33 | start-impl-probe ide-windows=3
2026-05-05 10:40:33 | start-impl-btn doc-scan hwnd=524752 doc-btns=96
2026-05-05 10:40:33 | start-impl-btn window-scan hwnd=524752 total-btns=99
2026-05-05 10:40:33 | start-impl-btn doc-scan hwnd=68592 doc-btns=35
2026-05-05 10:40:33 | start-impl-btn window-scan hwnd=68592 total-btns=38
2026-05-05 10:40:33 | start-impl-btn doc-scan hwnd=199580 doc-btns=42
2026-05-05 10:40:33 | start-impl-btn window-scan hwnd=199580 total-btns=45
2026-05-05 10:40:34 | start-impl-probe ide-windows=3
2026-05-05 10:40:34 | start-impl-btn doc-scan hwnd=524752 doc-btns=96
2026-05-05 10:40:34 | start-impl-btn window-scan hwnd=524752 total-btns=99
2026-05-05 10:40:34 | start-impl-btn doc-scan hwnd=68592 doc-btns=35
2026-05-05 10:40:34 | start-impl-btn window-scan hwnd=68592 total-btns=38
2026-05-05 10:40:34 | start-impl-btn doc-scan hwnd=199580 doc-btns=42
2026-05-05 10:40:34 | start-impl-btn window-scan hwnd=199580 total-btns=45
2026-05-05 10:40:35 | start-impl-probe ide-windows=3
2026-05-05 10:40:35 | start-impl-btn doc-scan hwnd=524752 doc-btns=96
2026-05-05 10:40:35 | start-impl-btn window-scan hwnd=524752 total-btns=99
2026-05-05 10:40:35 | start-impl-btn doc-scan hwnd=68592 doc-btns=35
2026-05-05 10:40:35 | start-impl-btn window-scan hwnd=68592 total-btns=38
2026-05-05 10:40:35 | start-impl-btn doc-scan hwnd=199580 doc-btns=42
2026-05-05 10:40:35 | start-impl-btn window-scan hwnd=199580 total-btns=45
2026-05-05 10:40:36 | start-impl-probe ide-windows=3
2026-05-05 10:40:36 | start-impl-btn doc-scan hwnd=524752 doc-btns=96
2026-05-05 10:40:36 | start-impl-btn window-scan hwnd=524752 total-btns=99
2026-05-05 10:40:36 | start-impl-btn doc-scan hwnd=68592 doc-btns=35
2026-05-05 10:40:36 | start-impl-btn window-scan hwnd=68592 total-btns=38
2026-05-05 10:40:36 | start-impl-btn doc-scan hwnd=199580 doc-btns=42
2026-05-05 10:40:36 | start-impl-btn window-scan hwnd=199580 total-btns=45
2026-05-05 10:40:37 | start-impl-probe ide-windows=3
2026-05-05 10:40:37 | start-impl-btn doc-scan hwnd=524752 doc-btns=96
2026-05-05 10:40:37 | start-impl-btn window-scan hwnd=524752 total-btns=99
2026-05-05 10:40:37 | start-impl-btn doc-scan hwnd=68592 doc-btns=35
2026-05-05 10:40:37 | start-impl-btn window-scan hwnd=68592 total-btns=38
2026-05-05 10:40:37 | start-impl-btn doc-scan hwnd=199580 doc-btns=42
2026-05-05 10:40:37 | start-impl-btn window-scan hwnd=199580 total-btns=45
2026-05-05 10:40:37 | start-impl-probe ide-windows=3
2026-05-05 10:40:38 | start-impl-btn doc-scan hwnd=524752 doc-btns=96
2026-05-05 10:40:38 | start-impl-btn window-scan hwnd=524752 total-btns=99
2026-05-05 10:40:38 | start-impl-btn doc-scan hwnd=68592 doc-btns=35
2026-05-05 10:40:38 | start-impl-btn window-scan hwnd=68592 total-btns=38
2026-05-05 10:40:38 | start-impl-btn doc-scan hwnd=199580 doc-btns=42
2026-05-05 10:40:38 | start-impl-btn window-scan hwnd=199580 total-btns=45
2026-05-05 10:40:38 | start-impl-probe ide-windows=3
2026-05-05 10:40:38 | start-impl-btn doc-scan hwnd=524752 doc-btns=96
2026-05-05 10:40:39 | start-impl-btn window-scan hwnd=524752 total-btns=99
2026-05-05 10:40:39 | start-impl-btn doc-scan hwnd=68592 doc-btns=35
2026-05-05 10:40:39 | start-impl-btn window-scan hwnd=68592 total-btns=38
2026-05-05 10:40:39 | start-impl-btn doc-scan hwnd=199580 doc-btns=42
2026-05-05 10:40:39 | start-impl-btn window-scan hwnd=199580 total-btns=45
2026-05-05 10:40:39 | start-impl-probe ide-windows=3
2026-05-05 10:40:39 | start-impl-btn doc-scan hwnd=524752 doc-btns=96
2026-05-05 10:40:40 | start-impl-btn window-scan hwnd=524752 total-btns=99
2026-05-05 10:40:40 | start-impl-btn doc-scan hwnd=68592 doc-btns=35
2026-05-05 10:40:40 | start-impl-btn window-scan hwnd=68592 total-btns=38
2026-05-05 10:40:40 | start-impl-btn doc-scan hwnd=199580 doc-btns=42
2026-05-05 10:40:40 | start-impl-btn window-scan hwnd=199580 total-btns=45
2026-05-05 10:40:40 | start-impl-probe ide-windows=3
2026-05-05 10:40:40 | start-impl-btn doc-scan hwnd=524752 doc-btns=96
2026-05-05 10:40:40 | start-impl-btn window-scan hwnd=524752 total-btns=99
2026-05-05 10:40:41 | start-impl-btn doc-scan hwnd=68592 doc-btns=35
2026-05-05 10:40:41 | start-impl-btn window-scan hwnd=68592 total-btns=38
2026-05-05 10:40:41 | start-impl-btn doc-scan hwnd=199580 doc-btns=42
2026-05-05 10:40:41 | start-impl-btn window-scan hwnd=199580 total-btns=45
2026-05-05 10:40:41 | start-impl-probe ide-windows=3
2026-05-05 10:40:41 | start-impl-btn doc-scan hwnd=524752 doc-btns=96
2026-05-05 10:40:41 | start-impl-btn window-scan hwnd=524752 total-btns=99
2026-05-05 10:40:41 | start-impl-btn doc-scan hwnd=68592 doc-btns=35
2026-05-05 10:40:41 | start-impl-btn window-scan hwnd=68592 total-btns=38
2026-05-05 10:40:42 | start-impl-btn doc-scan hwnd=199580 doc-btns=42
2026-05-05 10:40:42 | start-impl-btn window-scan hwnd=199580 total-btns=45
2026-05-05 10:40:42 | start-impl-probe ide-windows=3
2026-05-05 10:40:42 | start-impl-btn doc-scan hwnd=524752 doc-btns=96
2026-05-05 10:40:42 | start-impl-btn window-scan hwnd=524752 total-btns=99
2026-05-05 10:40:42 | start-impl-btn doc-scan hwnd=68592 doc-btns=35
2026-05-05 10:40:42 | start-impl-btn window-scan hwnd=68592 total-btns=38
2026-05-05 10:40:43 | start-impl-btn doc-scan hwnd=199580 doc-btns=42
2026-05-05 10:40:43 | start-impl-btn window-scan hwnd=199580 total-btns=45
2026-05-05 10:40:43 | start-impl-probe ide-windows=3
2026-05-05 10:40:43 | start-impl-btn doc-scan hwnd=524752 doc-btns=96
2026-05-05 10:40:43 | start-impl-btn window-scan hwnd=524752 total-btns=99
2026-05-05 10:40:43 | start-impl-btn doc-scan hwnd=68592 doc-btns=35
2026-05-05 10:40:43 | start-impl-btn window-scan hwnd=68592 total-btns=38
2026-05-05 10:40:43 | start-impl-btn doc-scan hwnd=199580 doc-btns=42
2026-05-05 10:40:43 | start-impl-btn window-scan hwnd=199580 total-btns=45
2026-05-05 10:40:44 | start-impl-probe ide-windows=3
2026-05-05 10:40:44 | start-impl-btn doc-scan hwnd=524752 doc-btns=96
2026-05-05 10:40:44 | start-impl-btn window-scan hwnd=524752 total-btns=99
2026-05-05 10:40:44 | start-impl-btn doc-scan hwnd=68592 doc-btns=35
2026-05-05 10:40:44 | start-impl-btn window-scan hwnd=68592 total-btns=38
2026-05-05 10:40:44 | start-impl-btn doc-scan hwnd=199580 doc-btns=42
2026-05-05 10:40:44 | start-impl-btn window-scan hwnd=199580 total-btns=45
2026-05-05 10:40:45 | start-impl-probe ide-windows=3
2026-05-05 10:40:45 | start-impl-btn doc-scan hwnd=524752 doc-btns=96
2026-05-05 10:40:45 | start-impl-btn window-scan hwnd=524752 total-btns=99
2026-05-05 10:40:45 | start-impl-btn doc-scan hwnd=68592 doc-btns=35
2026-05-05 10:40:45 | start-impl-btn window-scan hwnd=68592 total-btns=38
2026-05-05 10:40:45 | start-impl-btn doc-scan hwnd=199580 doc-btns=42
2026-05-05 10:40:45 | start-impl-btn window-scan hwnd=199580 total-btns=45
2026-05-05 10:40:46 | start-impl-probe ide-windows=3
2026-05-05 10:40:46 | start-impl-btn doc-scan hwnd=524752 doc-btns=96
2026-05-05 10:40:46 | start-impl-btn window-scan hwnd=524752 total-btns=99
2026-05-05 10:40:46 | start-impl-btn doc-scan hwnd=68592 doc-btns=35
2026-05-05 10:40:46 | start-impl-btn window-scan hwnd=68592 total-btns=38
2026-05-05 10:40:46 | start-impl-btn doc-scan hwnd=199580 doc-btns=42
2026-05-05 10:40:46 | start-impl-btn window-scan hwnd=199580 total-btns=45
2026-05-05 10:40:47 | start-impl-probe ide-windows=3
2026-05-05 10:40:47 | start-impl-btn doc-scan hwnd=524752 doc-btns=96
2026-05-05 10:40:47 | start-impl-btn window-scan hwnd=524752 total-btns=99
2026-05-05 10:40:47 | start-impl-btn doc-scan hwnd=68592 doc-btns=35
2026-05-05 10:40:47 | start-impl-btn window-scan hwnd=68592 total-btns=38
2026-05-05 10:40:47 | start-impl-btn doc-scan hwnd=199580 doc-btns=42
2026-05-05 10:40:47 | start-impl-btn window-scan hwnd=199580 total-btns=45
2026-05-05 10:40:47 | start-impl-probe ide-windows=3
2026-05-05 10:40:48 | start-impl-btn doc-scan hwnd=524752 doc-btns=96
2026-05-05 10:40:48 | start-impl-btn window-scan hwnd=524752 total-btns=99
2026-05-05 10:40:48 | start-impl-btn doc-scan hwnd=68592 doc-btns=35
2026-05-05 10:40:48 | start-impl-btn window-scan hwnd=68592 total-btns=38
2026-05-05 10:40:48 | start-impl-btn doc-scan hwnd=199580 doc-btns=42
2026-05-05 10:40:48 | start-impl-btn window-scan hwnd=199580 total-btns=45
2026-05-05 10:40:48 | start-impl-probe ide-windows=3
2026-05-05 10:40:48 | start-impl-btn doc-scan hwnd=524752 doc-btns=96
2026-05-05 10:40:49 | start-impl-btn window-scan hwnd=524752 total-btns=99
2026-05-05 10:40:49 | start-impl-btn doc-scan hwnd=68592 doc-btns=35
2026-05-05 10:40:49 | start-impl-btn window-scan hwnd=68592 total-btns=38
2026-05-05 10:40:49 | start-impl-btn doc-scan hwnd=199580 doc-btns=42
2026-05-05 10:40:49 | start-impl-btn window-scan hwnd=199580 total-btns=45
2026-05-05 10:40:49 | start-impl-probe ide-windows=3
2026-05-05 10:40:49 | start-impl-btn doc-scan hwnd=524752 doc-btns=96
2026-05-05 10:40:49 | start-impl-btn window-scan hwnd=524752 total-btns=99
2026-05-05 10:40:50 | start-impl-btn doc-scan hwnd=68592 doc-btns=35
2026-05-05 10:40:50 | start-impl-btn window-scan hwnd=68592 total-btns=38
2026-05-05 10:40:50 | start-impl-btn doc-scan hwnd=199580 doc-btns=42
2026-05-05 10:40:50 | start-impl-btn window-scan hwnd=199580 total-btns=45
2026-05-05 10:40:50 | start-impl-probe ide-windows=3
2026-05-05 10:40:50 | start-impl-btn doc-scan hwnd=524752 doc-btns=96
2026-05-05 10:40:50 | start-impl-btn window-scan hwnd=524752 total-btns=99
2026-05-05 10:40:51 | start-impl-btn doc-scan hwnd=68592 doc-btns=35
2026-05-05 10:40:51 | start-impl-btn window-scan hwnd=68592 total-btns=38
2026-05-05 10:40:51 | start-impl-btn doc-scan hwnd=199580 doc-btns=42
2026-05-05 10:40:51 | start-impl-btn window-scan hwnd=199580 total-btns=45
2026-05-05 10:40:51 | start-impl-probe ide-windows=3
2026-05-05 10:40:51 | start-impl-btn doc-scan hwnd=524752 doc-btns=96
2026-05-05 10:40:51 | start-impl-btn window-scan hwnd=524752 total-btns=99
2026-05-05 10:40:51 | start-impl-btn doc-scan hwnd=68592 doc-btns=35
2026-05-05 10:40:51 | start-impl-btn window-scan hwnd=68592 total-btns=38
2026-05-05 10:40:51 | start-impl-btn doc-scan hwnd=199580 doc-btns=42
2026-05-05 10:40:51 | start-impl-btn window-scan hwnd=199580 total-btns=45
2026-05-05 10:40:52 | start-impl-probe ide-windows=3
2026-05-05 10:40:52 | start-impl-btn doc-scan hwnd=524752 doc-btns=96
2026-05-05 10:40:52 | start-impl-btn window-scan hwnd=524752 total-btns=99
2026-05-05 10:40:52 | start-impl-btn doc-scan hwnd=68592 doc-btns=35
2026-05-05 10:40:52 | start-impl-btn window-scan hwnd=68592 total-btns=38
2026-05-05 10:40:52 | start-impl-btn doc-scan hwnd=199580 doc-btns=42
2026-05-05 10:40:53 | start-impl-btn window-scan hwnd=199580 total-btns=45
2026-05-05 10:40:53 | start-impl-probe ide-windows=3
2026-05-05 10:40:53 | start-impl-btn doc-scan hwnd=524752 doc-btns=96
2026-05-05 10:40:53 | start-impl-btn window-scan hwnd=524752 total-btns=99
2026-05-05 10:40:53 | start-impl-btn doc-scan hwnd=68592 doc-btns=35
2026-05-05 10:40:53 | start-impl-btn window-scan hwnd=68592 total-btns=38
2026-05-05 10:40:53 | start-impl-btn doc-scan hwnd=199580 doc-btns=42
2026-05-05 10:40:53 | start-impl-btn window-scan hwnd=199580 total-btns=45
2026-05-05 10:40:54 | start-impl-probe ide-windows=3
2026-05-05 10:40:54 | start-impl-btn doc-scan hwnd=524752 doc-btns=96
2026-05-05 10:40:54 | start-impl-btn window-scan hwnd=524752 total-btns=99
2026-05-05 10:40:54 | start-impl-btn doc-scan hwnd=68592 doc-btns=35
2026-05-05 10:40:54 | start-impl-btn window-scan hwnd=68592 total-btns=38
2026-05-05 10:40:54 | start-impl-btn doc-scan hwnd=199580 doc-btns=42
2026-05-05 10:40:54 | start-impl-btn window-scan hwnd=199580 total-btns=45
2026-05-05 10:40:55 | start-impl-probe ide-windows=3
2026-05-05 10:40:55 | start-impl-btn doc-scan hwnd=524752 doc-btns=96
2026-05-05 10:40:55 | start-impl-btn window-scan hwnd=524752 total-btns=99
2026-05-05 10:40:55 | start-impl-btn doc-scan hwnd=68592 doc-btns=35
2026-05-05 10:40:55 | start-impl-btn window-scan hwnd=68592 total-btns=38
2026-05-05 10:40:55 | start-impl-btn doc-scan hwnd=199580 doc-btns=42
2026-05-05 10:40:55 | start-impl-btn window-scan hwnd=199580 total-btns=45
2026-05-05 10:40:56 | start-impl-probe ide-windows=3
2026-05-05 10:40:56 | start-impl-btn doc-scan hwnd=524752 doc-btns=96
2026-05-05 10:40:56 | start-impl-btn window-scan hwnd=524752 total-btns=99
2026-05-05 10:40:56 | start-impl-btn doc-scan hwnd=68592 doc-btns=35
2026-05-05 10:40:56 | start-impl-btn window-scan hwnd=68592 total-btns=38
2026-05-05 10:40:56 | start-impl-btn doc-scan hwnd=199580 doc-btns=42
2026-05-05 10:40:56 | start-impl-btn window-scan hwnd=199580 total-btns=45
2026-05-05 10:40:57 | start-impl-probe ide-windows=3
2026-05-05 10:40:57 | start-impl-btn doc-scan hwnd=524752 doc-btns=96
2026-05-05 10:40:57 | start-impl-btn doc-scan hwnd=68592 doc-btns=35
2026-05-05 10:40:57 | start-impl-btn window-scan hwnd=68592 total-btns=38
2026-05-05 10:40:57 | start-impl-btn doc-scan hwnd=199580 doc-btns=42
2026-05-05 10:40:57 | start-impl-btn window-scan hwnd=199580 total-btns=45
2026-05-05 10:40:57 | start-impl-probe ide-windows=3
2026-05-05 10:40:58 | start-impl-btn window-scan hwnd=524752 total-btns=99
2026-05-05 10:40:58 | start-impl-btn doc-scan hwnd=68592 doc-btns=35
2026-05-05 10:40:58 | start-impl-btn window-scan hwnd=68592 total-btns=38
2026-05-05 10:40:58 | start-impl-btn doc-scan hwnd=199580 doc-btns=42
2026-05-05 10:40:58 | start-impl-btn window-scan hwnd=199580 total-btns=45
2026-05-05 10:40:58 | start-impl-probe ide-windows=3
2026-05-05 10:40:58 | start-impl-btn doc-scan hwnd=524752 doc-btns=96
2026-05-05 10:40:58 | start-impl-btn window-scan hwnd=524752 total-btns=99
2026-05-05 10:40:59 | start-impl-btn doc-scan hwnd=68592 doc-btns=35
2026-05-05 10:40:59 | start-impl-btn window-scan hwnd=68592 total-btns=38
2026-05-05 10:40:59 | start-impl-btn doc-scan hwnd=199580 doc-btns=42
2026-05-05 10:40:59 | start-impl-btn window-scan hwnd=199580 total-btns=45
2026-05-05 10:40:59 | start-impl-probe ide-windows=3
2026-05-05 10:40:59 | start-impl-btn doc-scan hwnd=524752 doc-btns=96
2026-05-05 10:40:59 | start-impl-btn window-scan hwnd=524752 total-btns=99
2026-05-05 10:40:59 | start-impl-btn doc-scan hwnd=68592 doc-btns=35
2026-05-05 10:40:59 | start-impl-btn window-scan hwnd=68592 total-btns=38
2026-05-05 10:41:00 | start-impl-btn doc-scan hwnd=199580 doc-btns=42
2026-05-05 10:41:00 | start-impl-btn window-scan hwnd=199580 total-btns=45
2026-05-05 10:41:00 | start-impl-probe ide-windows=3
2026-05-05 10:41:00 | start-impl-btn doc-scan hwnd=524752 doc-btns=96
2026-05-05 10:41:00 | start-impl-btn window-scan hwnd=524752 total-btns=99
2026-05-05 10:41:00 | start-impl-btn doc-scan hwnd=68592 doc-btns=35
2026-05-05 10:41:00 | start-impl-btn window-scan hwnd=68592 total-btns=38
2026-05-05 10:41:01 | start-impl-btn doc-scan hwnd=199580 doc-btns=42
2026-05-05 10:41:01 | start-impl-btn window-scan hwnd=199580 total-btns=45
2026-05-05 10:41:01 | start-impl-probe ide-windows=3
2026-05-05 10:41:01 | start-impl-btn doc-scan hwnd=524752 doc-btns=96
2026-05-05 10:41:01 | start-impl-btn window-scan hwnd=524752 total-btns=99
2026-05-05 10:41:01 | start-impl-btn doc-scan hwnd=68592 doc-btns=35
2026-05-05 10:41:01 | start-impl-btn window-scan hwnd=68592 total-btns=38
2026-05-05 10:41:02 | start-impl-btn doc-scan hwnd=199580 doc-btns=42
2026-05-05 10:41:02 | start-impl-btn window-scan hwnd=199580 total-btns=45
2026-05-05 10:41:02 | start-impl-probe ide-windows=3
2026-05-05 10:41:02 | start-impl-btn doc-scan hwnd=524752 doc-btns=96
2026-05-05 10:41:02 | start-impl-btn window-scan hwnd=524752 total-btns=99
2026-05-05 10:41:02 | start-impl-btn doc-scan hwnd=68592 doc-btns=35
2026-05-05 10:41:02 | start-impl-btn window-scan hwnd=68592 total-btns=38
2026-05-05 10:41:02 | start-impl-btn doc-scan hwnd=199580 doc-btns=42
2026-05-05 10:41:02 | start-impl-btn window-scan hwnd=199580 total-btns=45
2026-05-05 10:41:03 | start-impl-probe ide-windows=3
2026-05-05 10:41:03 | start-impl-btn doc-scan hwnd=524752 doc-btns=96
2026-05-05 10:41:03 | start-impl-btn window-scan hwnd=524752 total-btns=99
2026-05-05 10:41:03 | start-impl-btn doc-scan hwnd=68592 doc-btns=35
2026-05-05 10:41:03 | start-impl-btn window-scan hwnd=68592 total-btns=38
2026-05-05 10:41:03 | start-impl-btn doc-scan hwnd=199580 doc-btns=42
2026-05-05 10:41:03 | start-impl-btn window-scan hwnd=199580 total-btns=45
2026-05-05 10:41:04 | start-impl-probe ide-windows=3
2026-05-05 10:41:04 | start-impl-btn doc-scan hwnd=524752 doc-btns=96
2026-05-05 10:41:04 | start-impl-btn window-scan hwnd=524752 total-btns=99
2026-05-05 10:41:04 | start-impl-btn doc-scan hwnd=68592 doc-btns=35
2026-05-05 10:41:04 | start-impl-btn window-scan hwnd=68592 total-btns=38
2026-05-05 10:41:04 | start-impl-btn doc-scan hwnd=199580 doc-btns=42
2026-05-05 10:41:04 | start-impl-btn window-scan hwnd=199580 total-btns=45
2026-05-05 10:41:05 | start-impl-probe ide-windows=3
2026-05-05 10:41:05 | start-impl-btn doc-scan hwnd=524752 doc-btns=96
2026-05-05 10:41:05 | start-impl-btn window-scan hwnd=524752 total-btns=99
2026-05-05 10:41:05 | start-impl-btn doc-scan hwnd=68592 doc-btns=35
2026-05-05 10:41:05 | start-impl-btn window-scan hwnd=68592 total-btns=38
2026-05-05 10:41:05 | start-impl-btn doc-scan hwnd=199580 doc-btns=42
2026-05-05 10:41:05 | start-impl-btn window-scan hwnd=199580 total-btns=45
2026-05-05 10:41:06 | start-impl-probe ide-windows=3
2026-05-05 10:41:06 | start-impl-btn window-scan hwnd=524752 total-btns=99
2026-05-05 10:41:06 | start-impl-btn doc-scan hwnd=68592 doc-btns=35
2026-05-05 10:41:06 | start-impl-btn window-scan hwnd=68592 total-btns=38
2026-05-05 10:41:06 | start-impl-btn doc-scan hwnd=199580 doc-btns=42
2026-05-05 10:41:06 | start-impl-btn window-scan hwnd=199580 total-btns=45
2026-05-05 10:41:06 | start-impl-probe ide-windows=3
2026-05-05 10:41:07 | start-impl-btn doc-scan hwnd=524752 doc-btns=96
2026-05-05 10:41:07 | start-impl-btn window-scan hwnd=524752 total-btns=99
2026-05-05 10:41:07 | start-impl-btn doc-scan hwnd=68592 doc-btns=35
2026-05-05 10:41:07 | start-impl-btn window-scan hwnd=68592 total-btns=38
2026-05-05 10:41:07 | start-impl-btn doc-scan hwnd=199580 doc-btns=42
2026-05-05 10:41:07 | start-impl-btn window-scan hwnd=199580 total-btns=45
2026-05-05 10:41:07 | start-impl-probe ide-windows=3
2026-05-05 10:41:07 | start-impl-btn doc-scan hwnd=524752 doc-btns=96
2026-05-05 10:41:08 | start-impl-btn window-scan hwnd=524752 total-btns=99
2026-05-05 10:41:08 | start-impl-btn doc-scan hwnd=68592 doc-btns=35
2026-05-05 10:41:08 | start-impl-btn window-scan hwnd=68592 total-btns=38
2026-05-05 10:41:08 | start-impl-btn doc-scan hwnd=199580 doc-btns=42
2026-05-05 10:41:08 | start-impl-btn window-scan hwnd=199580 total-btns=45
2026-05-05 10:41:08 | start-impl-probe ide-windows=3
2026-05-05 10:41:08 | start-impl-btn doc-scan hwnd=524752 doc-btns=96
2026-05-05 10:41:08 | start-impl-btn window-scan hwnd=524752 total-btns=99
2026-05-05 10:41:08 | start-impl-btn doc-scan hwnd=68592 doc-btns=35
2026-05-05 10:41:09 | start-impl-btn doc-scan hwnd=199580 doc-btns=42
2026-05-05 10:41:09 | start-impl-btn window-scan hwnd=199580 total-btns=45
2026-05-05 10:41:09 | start-impl-probe ide-windows=3
2026-05-05 10:41:09 | start-impl-btn doc-scan hwnd=524752 doc-btns=96
2026-05-05 10:41:09 | start-impl-btn window-scan hwnd=524752 total-btns=99
2026-05-05 10:41:09 | start-impl-btn doc-scan hwnd=68592 doc-btns=35
2026-05-05 10:41:09 | start-impl-btn window-scan hwnd=68592 total-btns=38
2026-05-05 10:41:10 | start-impl-btn doc-scan hwnd=199580 doc-btns=42
2026-05-05 10:41:10 | start-impl-btn window-scan hwnd=199580 total-btns=45
2026-05-05 10:41:10 | start-impl-probe ide-windows=3
2026-05-05 10:41:10 | start-impl-btn doc-scan hwnd=524752 doc-btns=96
2026-05-05 10:41:10 | start-impl-btn window-scan hwnd=524752 total-btns=99
2026-05-05 10:41:10 | start-impl-btn doc-scan hwnd=68592 doc-btns=35
2026-05-05 10:41:10 | start-impl-btn window-scan hwnd=68592 total-btns=38
2026-05-05 10:41:10 | start-impl-btn doc-scan hwnd=199580 doc-btns=42
2026-05-05 10:41:11 | start-impl-btn window-scan hwnd=199580 total-btns=45
2026-05-05 10:41:11 | start-impl-probe ide-windows=3
2026-05-05 10:41:11 | start-impl-btn doc-scan hwnd=524752 doc-btns=96
2026-05-05 10:41:11 | start-impl-btn window-scan hwnd=524752 total-btns=99
2026-05-05 10:41:11 | start-impl-btn doc-scan hwnd=68592 doc-btns=35
2026-05-05 10:41:11 | start-impl-btn window-scan hwnd=68592 total-btns=38
2026-05-05 10:41:11 | start-impl-btn doc-scan hwnd=199580 doc-btns=42
2026-05-05 10:41:11 | start-impl-btn window-scan hwnd=199580 total-btns=45
2026-05-05 10:41:12 | start-impl-probe ide-windows=3
2026-05-05 10:41:12 | start-impl-btn doc-scan hwnd=524752 doc-btns=96
2026-05-05 10:41:12 | start-impl-btn window-scan hwnd=524752 total-btns=99
2026-05-05 10:41:12 | start-impl-btn doc-scan hwnd=68592 doc-btns=35
2026-05-05 10:41:12 | start-impl-btn window-scan hwnd=68592 total-btns=38
2026-05-05 10:41:12 | start-impl-btn doc-scan hwnd=199580 doc-btns=42
2026-05-05 10:41:12 | start-impl-btn window-scan hwnd=199580 total-btns=45
2026-05-05 10:41:13 | start-impl-probe ide-windows=3
2026-05-05 10:41:13 | start-impl-btn doc-scan hwnd=524752 doc-btns=96
2026-05-05 10:41:13 | start-impl-btn window-scan hwnd=524752 total-btns=99
2026-05-05 10:41:13 | start-impl-btn doc-scan hwnd=68592 doc-btns=35
2026-05-05 10:41:13 | start-impl-btn window-scan hwnd=68592 total-btns=38
2026-05-05 10:41:13 | start-impl-btn doc-scan hwnd=199580 doc-btns=42
2026-05-05 10:41:13 | start-impl-btn window-scan hwnd=199580 total-btns=45
2026-05-05 10:41:14 | start-impl-probe ide-windows=3
2026-05-05 10:41:14 | start-impl-btn doc-scan hwnd=524752 doc-btns=96
2026-05-05 10:41:14 | start-impl-btn window-scan hwnd=524752 total-btns=99
2026-05-05 10:41:14 | start-impl-btn doc-scan hwnd=68592 doc-btns=35
2026-05-05 10:41:14 | start-impl-btn window-scan hwnd=68592 total-btns=38
2026-05-05 10:41:14 | start-impl-btn doc-scan hwnd=199580 doc-btns=42
2026-05-05 10:41:14 | start-impl-btn window-scan hwnd=199580 total-btns=45
2026-05-05 10:41:15 | start-impl-probe ide-windows=3
2026-05-05 10:41:15 | start-impl-btn doc-scan hwnd=524752 doc-btns=96
2026-05-05 10:41:15 | start-impl-btn window-scan hwnd=524752 total-btns=99
2026-05-05 10:41:15 | start-impl-btn doc-scan hwnd=68592 doc-btns=35
2026-05-05 10:41:15 | start-impl-btn window-scan hwnd=68592 total-btns=38
2026-05-05 10:41:15 | start-impl-btn doc-scan hwnd=199580 doc-btns=42
2026-05-05 10:41:15 | start-impl-btn window-scan hwnd=199580 total-btns=45
2026-05-05 10:41:16 | start-impl-probe ide-windows=3
2026-05-05 10:41:16 | start-impl-btn doc-scan hwnd=524752 doc-btns=96
2026-05-05 10:41:16 | start-impl-btn window-scan hwnd=524752 total-btns=99
2026-05-05 10:41:16 | start-impl-btn doc-scan hwnd=68592 doc-btns=35
2026-05-05 10:41:16 | start-impl-btn window-scan hwnd=68592 total-btns=38
2026-05-05 10:41:16 | start-impl-btn doc-scan hwnd=199580 doc-btns=42
2026-05-05 10:41:16 | start-impl-btn window-scan hwnd=199580 total-btns=45
2026-05-05 10:41:16 | start-impl-probe ide-windows=3
2026-05-05 10:41:17 | start-impl-btn doc-scan hwnd=524752 doc-btns=96
2026-05-05 10:41:17 | start-impl-btn window-scan hwnd=524752 total-btns=99
2026-05-05 10:41:17 | start-impl-btn doc-scan hwnd=68592 doc-btns=35
2026-05-05 10:41:17 | start-impl-btn window-scan hwnd=68592 total-btns=38
2026-05-05 10:41:17 | start-impl-btn doc-scan hwnd=199580 doc-btns=42
2026-05-05 10:41:17 | start-impl-btn window-scan hwnd=199580 total-btns=45
2026-05-05 10:41:17 | start-impl-probe ide-windows=3
2026-05-05 10:41:17 | start-impl-btn doc-scan hwnd=524752 doc-btns=96
2026-05-05 10:41:18 | start-impl-btn window-scan hwnd=524752 total-btns=99
2026-05-05 10:41:18 | start-impl-btn doc-scan hwnd=68592 doc-btns=35
2026-05-05 10:41:18 | start-impl-btn window-scan hwnd=68592 total-btns=38
2026-05-05 10:41:18 | start-impl-btn doc-scan hwnd=199580 doc-btns=42
2026-05-05 10:41:18 | start-impl-btn window-scan hwnd=199580 total-btns=45
2026-05-05 10:41:18 | start-impl-probe ide-windows=3
2026-05-05 10:41:18 | start-impl-btn doc-scan hwnd=524752 doc-btns=96
2026-05-05 10:41:18 | start-impl-btn window-scan hwnd=524752 total-btns=99
2026-05-05 10:41:18 | start-impl-btn doc-scan hwnd=68592 doc-btns=35
2026-05-05 10:41:19 | start-impl-btn window-scan hwnd=68592 total-btns=38
2026-05-05 10:41:19 | start-impl-btn doc-scan hwnd=199580 doc-btns=42
2026-05-05 10:41:19 | start-impl-btn window-scan hwnd=199580 total-btns=45
2026-05-05 10:41:19 | start-impl-probe ide-windows=3
2026-05-05 10:41:19 | start-impl-btn doc-scan hwnd=524752 doc-btns=96
2026-05-05 10:41:19 | start-impl-btn window-scan hwnd=524752 total-btns=99
2026-05-05 10:41:19 | start-impl-btn doc-scan hwnd=68592 doc-btns=35
2026-05-05 10:41:19 | start-impl-btn window-scan hwnd=68592 total-btns=38
2026-05-05 10:41:19 | start-impl-btn doc-scan hwnd=199580 doc-btns=42
2026-05-05 10:41:19 | start-impl-btn window-scan hwnd=199580 total-btns=45
2026-05-05 10:41:20 | start-impl-probe ide-windows=3
2026-05-05 10:41:20 | start-impl-btn doc-scan hwnd=524752 doc-btns=96
2026-05-05 10:41:20 | start-impl-btn window-scan hwnd=524752 total-btns=99
2026-05-05 10:41:20 | start-impl-btn doc-scan hwnd=68592 doc-btns=35
2026-05-05 10:41:20 | start-impl-btn window-scan hwnd=68592 total-btns=38
2026-05-05 10:41:20 | start-impl-btn doc-scan hwnd=199580 doc-btns=42
2026-05-05 10:41:20 | start-impl-btn window-scan hwnd=199580 total-btns=45
2026-05-05 10:41:21 | start-impl-probe ide-windows=3
2026-05-05 10:41:21 | start-impl-btn doc-scan hwnd=524752 doc-btns=96
2026-05-05 10:41:21 | start-impl-btn window-scan hwnd=524752 total-btns=99
2026-05-05 10:41:21 | start-impl-btn doc-scan hwnd=68592 doc-btns=35
2026-05-05 10:41:21 | start-impl-btn window-scan hwnd=68592 total-btns=38
2026-05-05 10:41:21 | start-impl-btn doc-scan hwnd=199580 doc-btns=42
2026-05-05 10:41:21 | start-impl-btn window-scan hwnd=199580 total-btns=45
2026-05-05 10:41:22 | start-impl-probe ide-windows=3
2026-05-05 10:41:22 | start-impl-btn doc-scan hwnd=524752 doc-btns=96
2026-05-05 10:41:22 | start-impl-btn window-scan hwnd=524752 total-btns=99
2026-05-05 10:41:22 | start-impl-btn doc-scan hwnd=68592 doc-btns=35
2026-05-05 10:41:22 | start-impl-btn window-scan hwnd=68592 total-btns=38
2026-05-05 10:41:22 | start-impl-btn doc-scan hwnd=199580 doc-btns=42
2026-05-05 10:41:22 | start-impl-btn window-scan hwnd=199580 total-btns=45
2026-05-05 10:41:23 | start-impl-probe ide-windows=3
2026-05-05 10:41:23 | start-impl-btn doc-scan hwnd=524752 doc-btns=96
2026-05-05 10:41:23 | start-impl-btn window-scan hwnd=524752 total-btns=99
2026-05-05 10:41:23 | start-impl-btn doc-scan hwnd=68592 doc-btns=35
2026-05-05 10:41:23 | start-impl-btn window-scan hwnd=68592 total-btns=38
2026-05-05 10:41:23 | start-impl-btn doc-scan hwnd=199580 doc-btns=42
2026-05-05 10:41:23 | start-impl-btn window-scan hwnd=199580 total-btns=45
2026-05-05 10:41:24 | start-impl-probe ide-windows=3
2026-05-05 10:41:24 | start-impl-btn doc-scan hwnd=524752 doc-btns=96
2026-05-05 10:41:24 | start-impl-btn window-scan hwnd=524752 total-btns=99
2026-05-05 10:41:24 | start-impl-btn doc-scan hwnd=68592 doc-btns=35
2026-05-05 10:41:24 | start-impl-btn window-scan hwnd=68592 total-btns=38
2026-05-05 10:41:24 | start-impl-btn doc-scan hwnd=199580 doc-btns=42
2026-05-05 10:41:24 | start-impl-btn window-scan hwnd=199580 total-btns=45
2026-05-05 10:41:25 | start-impl-probe ide-windows=3
2026-05-05 10:41:25 | start-impl-btn doc-scan hwnd=524752 doc-btns=96
2026-05-05 10:41:25 | start-impl-btn doc-scan hwnd=68592 doc-btns=35
2026-05-05 10:41:25 | start-impl-btn window-scan hwnd=68592 total-btns=38
2026-05-05 10:41:25 | start-impl-btn doc-scan hwnd=199580 doc-btns=42
2026-05-05 10:41:25 | start-impl-btn window-scan hwnd=199580 total-btns=45
2026-05-05 10:41:26 | start-impl-probe ide-windows=3
2026-05-05 10:41:26 | start-impl-btn doc-scan hwnd=524752 doc-btns=96
2026-05-05 10:41:26 | start-impl-btn window-scan hwnd=524752 total-btns=99
2026-05-05 10:41:26 | start-impl-btn doc-scan hwnd=68592 doc-btns=35
2026-05-05 10:41:26 | start-impl-btn window-scan hwnd=68592 total-btns=38
2026-05-05 10:41:26 | start-impl-btn doc-scan hwnd=199580 doc-btns=42
2026-05-05 10:41:26 | start-impl-btn window-scan hwnd=199580 total-btns=45
2026-05-05 10:41:26 | start-impl-probe ide-windows=3
2026-05-05 10:41:26 | start-impl-btn doc-scan hwnd=524752 doc-btns=96
2026-05-05 10:41:27 | start-impl-btn doc-scan hwnd=68592 doc-btns=35
2026-05-05 10:41:27 | start-impl-btn window-scan hwnd=68592 total-btns=38
2026-05-05 10:41:27 | start-impl-btn doc-scan hwnd=199580 doc-btns=42
2026-05-05 10:41:27 | start-impl-btn window-scan hwnd=199580 total-btns=45
2026-05-05 10:41:27 | start-impl-probe ide-windows=3
2026-05-05 10:41:27 | start-impl-btn doc-scan hwnd=524752 doc-btns=96
2026-05-05 10:41:27 | start-impl-btn window-scan hwnd=524752 total-btns=99
2026-05-05 10:41:28 | start-impl-btn doc-scan hwnd=68592 doc-btns=35
2026-05-05 10:41:28 | start-impl-btn window-scan hwnd=68592 total-btns=38
2026-05-05 10:41:28 | start-impl-btn doc-scan hwnd=199580 doc-btns=42
2026-05-05 10:41:28 | start-impl-btn window-scan hwnd=199580 total-btns=45
2026-05-05 10:41:28 | start-impl-probe ide-windows=3
2026-05-05 10:41:28 | start-impl-btn doc-scan hwnd=524752 doc-btns=96
2026-05-05 10:41:28 | start-impl-btn window-scan hwnd=524752 total-btns=99
2026-05-05 10:41:28 | start-impl-btn doc-scan hwnd=68592 doc-btns=35
2026-05-05 10:41:29 | start-impl-btn window-scan hwnd=68592 total-btns=38
2026-05-05 10:41:29 | start-impl-btn doc-scan hwnd=199580 doc-btns=42
2026-05-05 10:41:29 | start-impl-btn window-scan hwnd=199580 total-btns=45
2026-05-05 10:41:29 | start-impl-probe ide-windows=3
2026-05-05 10:41:29 | start-impl-btn doc-scan hwnd=524752 doc-btns=96
2026-05-05 10:41:29 | start-impl-btn window-scan hwnd=524752 total-btns=99
2026-05-05 10:41:29 | start-impl-btn doc-scan hwnd=68592 doc-btns=35
2026-05-05 10:41:29 | start-impl-btn window-scan hwnd=68592 total-btns=38
2026-05-05 10:41:29 | start-impl-btn doc-scan hwnd=199580 doc-btns=42
2026-05-05 10:41:30 | start-impl-btn window-scan hwnd=199580 total-btns=45
2026-05-05 10:41:30 | start-impl-probe ide-windows=3
2026-05-05 10:41:30 | start-impl-btn doc-scan hwnd=524752 doc-btns=96
2026-05-05 10:41:30 | start-impl-btn window-scan hwnd=524752 total-btns=99
2026-05-05 10:41:30 | start-impl-btn doc-scan hwnd=68592 doc-btns=35
2026-05-05 10:41:30 | start-impl-btn window-scan hwnd=68592 total-btns=38
2026-05-05 10:41:30 | start-impl-btn doc-scan hwnd=199580 doc-btns=42
2026-05-05 10:41:30 | start-impl-btn window-scan hwnd=199580 total-btns=45
2026-05-05 10:41:31 | start-impl-probe ide-windows=3
2026-05-05 10:41:31 | start-impl-btn doc-scan hwnd=524752 doc-btns=96
2026-05-05 10:41:31 | start-impl-btn window-scan hwnd=524752 total-btns=99
2026-05-05 10:41:31 | start-impl-btn doc-scan hwnd=68592 doc-btns=35
2026-05-05 10:41:31 | start-impl-btn window-scan hwnd=68592 total-btns=38
2026-05-05 10:41:31 | start-impl-btn doc-scan hwnd=199580 doc-btns=42
2026-05-05 10:41:31 | start-impl-btn window-scan hwnd=199580 total-btns=45
2026-05-05 10:41:32 | start-impl-probe ide-windows=3
2026-05-05 10:41:32 | start-impl-btn doc-scan hwnd=524752 doc-btns=96
2026-05-05 10:41:32 | start-impl-btn window-scan hwnd=524752 total-btns=99
2026-05-05 10:41:32 | start-impl-btn doc-scan hwnd=68592 doc-btns=35
2026-05-05 10:41:32 | start-impl-btn window-scan hwnd=68592 total-btns=38
2026-05-05 10:41:32 | start-impl-btn doc-scan hwnd=199580 doc-btns=42
2026-05-05 10:41:32 | start-impl-btn window-scan hwnd=199580 total-btns=45
2026-05-05 10:41:33 | start-impl-probe ide-windows=3
2026-05-05 10:41:33 | start-impl-btn doc-scan hwnd=524752 doc-btns=96
2026-05-05 10:41:33 | start-impl-btn window-scan hwnd=524752 total-btns=99
2026-05-05 10:41:33 | start-impl-btn doc-scan hwnd=68592 doc-btns=35
2026-05-05 10:41:33 | start-impl-btn window-scan hwnd=68592 total-btns=38
2026-05-05 10:41:33 | start-impl-btn doc-scan hwnd=199580 doc-btns=42
2026-05-05 10:41:33 | start-impl-btn window-scan hwnd=199580 total-btns=45
2026-05-05 10:41:34 | start-impl-probe ide-windows=3
2026-05-05 10:41:34 | start-impl-btn doc-scan hwnd=524752 doc-btns=96
2026-05-05 10:41:34 | start-impl-btn window-scan hwnd=524752 total-btns=99
2026-05-05 10:41:34 | start-impl-btn window-scan hwnd=68592 total-btns=38
2026-05-05 10:41:34 | start-impl-btn doc-scan hwnd=199580 doc-btns=42
2026-05-05 10:41:34 | start-impl-btn window-scan hwnd=199580 total-btns=45
2026-05-05 10:41:35 | start-impl-probe ide-windows=3
2026-05-05 10:41:35 | start-impl-btn doc-scan hwnd=524752 doc-btns=96
2026-05-05 10:41:35 | start-impl-btn window-scan hwnd=524752 total-btns=99
2026-05-05 10:41:35 | start-impl-btn doc-scan hwnd=68592 doc-btns=35
2026-05-05 10:41:35 | start-impl-btn window-scan hwnd=68592 total-btns=38
2026-05-05 10:41:35 | start-impl-btn doc-scan hwnd=199580 doc-btns=42
2026-05-05 10:41:35 | start-impl-btn window-scan hwnd=199580 total-btns=45
2026-05-05 10:41:35 | start-impl-probe ide-windows=3
2026-05-05 10:41:36 | start-impl-btn doc-scan hwnd=524752 doc-btns=96
2026-05-05 10:41:36 | start-impl-btn window-scan hwnd=524752 total-btns=99
2026-05-05 10:41:36 | start-impl-btn doc-scan hwnd=68592 doc-btns=35
2026-05-05 10:41:36 | start-impl-btn window-scan hwnd=68592 total-btns=38
2026-05-05 10:41:36 | start-impl-btn doc-scan hwnd=199580 doc-btns=42
2026-05-05 10:41:36 | start-impl-btn window-scan hwnd=199580 total-btns=45
2026-05-05 10:41:36 | start-impl-probe ide-windows=3
2026-05-05 10:41:37 | start-impl-btn doc-scan hwnd=524752 doc-btns=96
2026-05-05 10:41:37 | start-impl-btn window-scan hwnd=524752 total-btns=99
2026-05-05 10:41:37 | start-impl-btn doc-scan hwnd=68592 doc-btns=35
2026-05-05 10:41:37 | start-impl-btn window-scan hwnd=68592 total-btns=38
2026-05-05 10:41:37 | start-impl-btn doc-scan hwnd=199580 doc-btns=42
2026-05-05 10:41:37 | start-impl-btn window-scan hwnd=199580 total-btns=45
2026-05-05 10:41:37 | start-impl-probe ide-windows=3
2026-05-05 10:41:37 | start-impl-btn doc-scan hwnd=524752 doc-btns=96
2026-05-05 10:41:37 | start-impl-btn window-scan hwnd=524752 total-btns=99
2026-05-05 10:41:38 | start-impl-btn doc-scan hwnd=68592 doc-btns=35
2026-05-05 10:41:38 | start-impl-btn window-scan hwnd=68592 total-btns=38
2026-05-05 10:41:38 | start-impl-btn doc-scan hwnd=199580 doc-btns=42
2026-05-05 10:41:38 | start-impl-btn window-scan hwnd=199580 total-btns=45
2026-05-05 10:41:38 | start-impl-probe ide-windows=3
2026-05-05 10:41:38 | start-impl-btn doc-scan hwnd=524752 doc-btns=96
2026-05-05 10:41:38 | start-impl-btn window-scan hwnd=524752 total-btns=99
2026-05-05 10:41:38 | start-impl-btn doc-scan hwnd=68592 doc-btns=35
2026-05-05 10:41:39 | start-impl-btn window-scan hwnd=68592 total-btns=38
2026-05-05 10:41:39 | start-impl-btn doc-scan hwnd=199580 doc-btns=42
2026-05-05 10:41:39 | start-impl-btn window-scan hwnd=199580 total-btns=45
2026-05-05 10:41:39 | start-impl-probe ide-windows=3
2026-05-05 10:41:39 | start-impl-btn doc-scan hwnd=524752 doc-btns=96
2026-05-05 10:41:39 | start-impl-btn window-scan hwnd=524752 total-btns=99
2026-05-05 10:41:39 | start-impl-btn doc-scan hwnd=68592 doc-btns=35
2026-05-05 10:41:39 | start-impl-btn window-scan hwnd=68592 total-btns=38
2026-05-05 10:41:39 | start-impl-btn doc-scan hwnd=199580 doc-btns=42
2026-05-05 10:41:40 | start-impl-btn window-scan hwnd=199580 total-btns=45
2026-05-05 10:41:40 | start-impl-probe ide-windows=3
2026-05-05 10:41:40 | start-impl-btn doc-scan hwnd=524752 doc-btns=96
2026-05-05 10:41:40 | start-impl-btn window-scan hwnd=524752 total-btns=99
2026-05-05 10:41:40 | start-impl-btn doc-scan hwnd=68592 doc-btns=35
2026-05-05 10:41:40 | start-impl-btn window-scan hwnd=68592 total-btns=38
2026-05-05 10:41:40 | start-impl-btn doc-scan hwnd=199580 doc-btns=42
2026-05-05 10:41:40 | start-impl-btn window-scan hwnd=199580 total-btns=45
2026-05-05 10:41:41 | start-impl-probe ide-windows=3
2026-05-05 10:41:41 | start-impl-btn doc-scan hwnd=524752 doc-btns=96
2026-05-05 10:41:41 | start-impl-btn window-scan hwnd=524752 total-btns=99
2026-05-05 10:41:41 | start-impl-btn doc-scan hwnd=68592 doc-btns=35
2026-05-05 10:41:41 | start-impl-btn window-scan hwnd=68592 total-btns=38
2026-05-05 10:41:41 | start-impl-btn doc-scan hwnd=199580 doc-btns=42
2026-05-05 10:41:41 | start-impl-btn window-scan hwnd=199580 total-btns=45
2026-05-05 10:41:42 | start-impl-probe ide-windows=3
2026-05-05 10:41:42 | start-impl-btn doc-scan hwnd=524752 doc-btns=96
2026-05-05 10:41:42 | start-impl-btn window-scan hwnd=524752 total-btns=99
2026-05-05 10:41:42 | start-impl-btn doc-scan hwnd=68592 doc-btns=35
2026-05-05 10:41:42 | start-impl-btn window-scan hwnd=68592 total-btns=38
2026-05-05 10:41:42 | start-impl-btn doc-scan hwnd=199580 doc-btns=42
2026-05-05 10:41:42 | start-impl-btn window-scan hwnd=199580 total-btns=45
2026-05-05 10:41:43 | start-impl-probe ide-windows=3
2026-05-05 10:41:43 | start-impl-btn doc-scan hwnd=524752 doc-btns=96
2026-05-05 10:41:43 | start-impl-btn window-scan hwnd=524752 total-btns=99
2026-05-05 10:41:43 | start-impl-btn doc-scan hwnd=68592 doc-btns=35
2026-05-05 10:41:43 | start-impl-btn window-scan hwnd=68592 total-btns=38
2026-05-05 10:41:43 | start-impl-btn doc-scan hwnd=199580 doc-btns=42
2026-05-05 10:41:43 | start-impl-btn window-scan hwnd=199580 total-btns=45
2026-05-05 10:41:44 | start-impl-probe ide-windows=3
2026-05-05 10:41:44 | start-impl-btn doc-scan hwnd=524752 doc-btns=96
2026-05-05 10:41:44 | start-impl-btn window-scan hwnd=524752 total-btns=99
2026-05-05 10:41:44 | start-impl-btn doc-scan hwnd=68592 doc-btns=35
2026-05-05 10:41:44 | start-impl-btn window-scan hwnd=68592 total-btns=38
2026-05-05 10:41:44 | start-impl-btn doc-scan hwnd=199580 doc-btns=42
2026-05-05 10:41:44 | start-impl-btn window-scan hwnd=199580 total-btns=45
2026-05-05 10:41:45 | start-impl-probe ide-windows=3
2026-05-05 10:41:45 | start-impl-btn doc-scan hwnd=524752 doc-btns=96
2026-05-05 10:41:45 | start-impl-btn window-scan hwnd=524752 total-btns=99
2026-05-05 10:41:45 | start-impl-btn doc-scan hwnd=68592 doc-btns=35
2026-05-05 10:41:45 | start-impl-btn window-scan hwnd=68592 total-btns=38
2026-05-05 10:41:45 | start-impl-btn doc-scan hwnd=199580 doc-btns=42
2026-05-05 10:41:45 | start-impl-btn window-scan hwnd=199580 total-btns=45
2026-05-05 10:41:45 | start-impl-probe ide-windows=3
2026-05-05 10:41:46 | start-impl-btn doc-scan hwnd=524752 doc-btns=96
2026-05-05 10:41:46 | start-impl-btn window-scan hwnd=524752 total-btns=99
2026-05-05 10:41:46 | start-impl-btn doc-scan hwnd=68592 doc-btns=35
2026-05-05 10:41:46 | start-impl-btn window-scan hwnd=68592 total-btns=38
2026-05-05 10:41:46 | start-impl-btn doc-scan hwnd=199580 doc-btns=42
2026-05-05 10:41:46 | start-impl-btn window-scan hwnd=199580 total-btns=45
2026-05-05 10:41:46 | start-impl-probe ide-windows=3
2026-05-05 10:41:46 | start-impl-btn doc-scan hwnd=524752 doc-btns=96
2026-05-05 10:41:47 | start-impl-btn window-scan hwnd=524752 total-btns=99
2026-05-05 10:41:47 | start-impl-btn doc-scan hwnd=68592 doc-btns=35
2026-05-05 10:41:47 | start-impl-btn window-scan hwnd=68592 total-btns=38
2026-05-05 10:41:47 | start-impl-btn doc-scan hwnd=199580 doc-btns=42
2026-05-05 10:41:47 | start-impl-btn window-scan hwnd=199580 total-btns=45
2026-05-05 10:41:47 | start-impl-probe ide-windows=3
2026-05-05 10:41:47 | start-impl-btn doc-scan hwnd=524752 doc-btns=96
2026-05-05 10:41:47 | start-impl-btn window-scan hwnd=524752 total-btns=99
2026-05-05 10:41:48 | start-impl-btn doc-scan hwnd=68592 doc-btns=35
2026-05-05 10:41:48 | start-impl-btn window-scan hwnd=68592 total-btns=38
2026-05-05 10:41:48 | start-impl-btn doc-scan hwnd=199580 doc-btns=42
2026-05-05 10:41:48 | start-impl-btn window-scan hwnd=199580 total-btns=45
2026-05-05 10:41:48 | start-impl-probe ide-windows=3
2026-05-05 10:41:48 | start-impl-btn doc-scan hwnd=524752 doc-btns=96
2026-05-05 10:41:48 | start-impl-btn window-scan hwnd=524752 total-btns=99
2026-05-05 10:41:48 | start-impl-btn doc-scan hwnd=68592 doc-btns=35
2026-05-05 10:41:48 | start-impl-btn window-scan hwnd=68592 total-btns=38
2026-05-05 10:41:48 | start-impl-btn doc-scan hwnd=199580 doc-btns=42
2026-05-05 10:41:48 | start-impl-btn window-scan hwnd=199580 total-btns=45
2026-05-05 10:41:49 | start-impl-probe ide-windows=3
2026-05-05 10:41:49 | start-impl-btn doc-scan hwnd=524752 doc-btns=96
2026-05-05 10:41:49 | start-impl-btn window-scan hwnd=524752 total-btns=99
2026-05-05 10:41:49 | start-impl-btn doc-scan hwnd=68592 doc-btns=35
2026-05-05 10:41:49 | start-impl-btn doc-scan hwnd=199580 doc-btns=42
2026-05-05 10:41:49 | start-impl-btn window-scan hwnd=199580 total-btns=45
2026-05-05 10:41:50 | start-impl-probe ide-windows=3
2026-05-05 10:41:50 | start-impl-btn doc-scan hwnd=524752 doc-btns=96
2026-05-05 10:41:50 | start-impl-btn window-scan hwnd=524752 total-btns=99
2026-05-05 10:41:50 | start-impl-btn doc-scan hwnd=68592 doc-btns=35
2026-05-05 10:41:50 | start-impl-btn window-scan hwnd=68592 total-btns=38
2026-05-05 10:41:50 | start-impl-btn doc-scan hwnd=199580 doc-btns=42
2026-05-05 10:41:50 | start-impl-btn window-scan hwnd=199580 total-btns=45
2026-05-05 10:41:51 | start-impl-probe ide-windows=3
2026-05-05 10:41:51 | start-impl-btn doc-scan hwnd=524752 doc-btns=96
2026-05-05 10:41:51 | start-impl-btn window-scan hwnd=524752 total-btns=99
2026-05-05 10:41:51 | start-impl-btn doc-scan hwnd=68592 doc-btns=35
2026-05-05 10:41:51 | start-impl-btn window-scan hwnd=68592 total-btns=38
2026-05-05 10:41:51 | start-impl-btn doc-scan hwnd=199580 doc-btns=42
2026-05-05 10:41:51 | start-impl-btn window-scan hwnd=199580 total-btns=45
2026-05-05 10:41:52 | start-impl-probe ide-windows=3
2026-05-05 10:41:52 | start-impl-btn doc-scan hwnd=524752 doc-btns=96
2026-05-05 10:41:52 | start-impl-btn window-scan hwnd=524752 total-btns=99
2026-05-05 10:41:52 | start-impl-btn doc-scan hwnd=68592 doc-btns=35
2026-05-05 10:41:52 | start-impl-btn window-scan hwnd=68592 total-btns=38
2026-05-05 10:41:52 | start-impl-btn doc-scan hwnd=199580 doc-btns=42
2026-05-05 10:41:52 | start-impl-btn window-scan hwnd=199580 total-btns=45
2026-05-05 10:41:53 | start-impl-probe ide-windows=3
2026-05-05 10:41:53 | start-impl-btn doc-scan hwnd=524752 doc-btns=96
2026-05-05 10:41:53 | start-impl-btn window-scan hwnd=524752 total-btns=99
2026-05-05 10:41:53 | start-impl-btn doc-scan hwnd=68592 doc-btns=35
2026-05-05 10:41:53 | start-impl-btn window-scan hwnd=68592 total-btns=38
2026-05-05 10:41:53 | start-impl-btn doc-scan hwnd=199580 doc-btns=42
2026-05-05 10:41:53 | start-impl-btn window-scan hwnd=199580 total-btns=45
2026-05-05 10:41:54 | start-impl-probe ide-windows=3
2026-05-05 10:41:54 | start-impl-btn doc-scan hwnd=524752 doc-btns=96
2026-05-05 10:41:54 | start-impl-btn window-scan hwnd=524752 total-btns=99
2026-05-05 10:41:54 | start-impl-btn doc-scan hwnd=68592 doc-btns=35
2026-05-05 10:41:54 | start-impl-btn window-scan hwnd=68592 total-btns=38
2026-05-05 10:41:54 | start-impl-btn doc-scan hwnd=199580 doc-btns=42
2026-05-05 10:41:54 | start-impl-btn window-scan hwnd=199580 total-btns=45
2026-05-05 10:41:55 | start-impl-probe ide-windows=3
2026-05-05 10:41:55 | start-impl-btn doc-scan hwnd=524752 doc-btns=96
2026-05-05 10:41:55 | start-impl-btn window-scan hwnd=524752 total-btns=99
2026-05-05 10:41:55 | start-impl-btn doc-scan hwnd=68592 doc-btns=35
2026-05-05 10:41:55 | start-impl-btn window-scan hwnd=68592 total-btns=38
2026-05-05 10:41:55 | start-impl-btn doc-scan hwnd=199580 doc-btns=42
2026-05-05 10:41:55 | start-impl-btn window-scan hwnd=199580 total-btns=45
2026-05-05 10:41:55 | start-impl-probe ide-windows=3
2026-05-05 10:41:56 | start-impl-btn doc-scan hwnd=524752 doc-btns=96
2026-05-05 10:41:56 | start-impl-btn doc-scan hwnd=68592 doc-btns=35
2026-05-05 10:41:56 | start-impl-btn window-scan hwnd=68592 total-btns=38
2026-05-05 10:41:56 | start-impl-btn doc-scan hwnd=199580 doc-btns=42
2026-05-05 10:41:56 | start-impl-btn window-scan hwnd=199580 total-btns=45
2026-05-05 10:41:56 | start-impl-probe ide-windows=3
2026-05-05 10:41:56 | start-impl-btn doc-scan hwnd=524752 doc-btns=96
2026-05-05 10:41:57 | start-impl-btn window-scan hwnd=524752 total-btns=99
2026-05-05 10:41:57 | start-impl-btn doc-scan hwnd=68592 doc-btns=35
2026-05-05 10:41:57 | start-impl-btn window-scan hwnd=68592 total-btns=38
2026-05-05 10:41:57 | start-impl-btn doc-scan hwnd=199580 doc-btns=42
2026-05-05 10:41:57 | start-impl-btn window-scan hwnd=199580 total-btns=45
2026-05-05 10:41:57 | start-impl-probe ide-windows=3
2026-05-05 10:41:57 | start-impl-btn doc-scan hwnd=524752 doc-btns=96
2026-05-05 10:41:57 | start-impl-btn window-scan hwnd=524752 total-btns=99
2026-05-05 10:41:58 | start-impl-btn doc-scan hwnd=68592 doc-btns=35
2026-05-05 10:41:58 | start-impl-btn window-scan hwnd=68592 total-btns=38
2026-05-05 10:41:58 | start-impl-btn doc-scan hwnd=199580 doc-btns=42
2026-05-05 10:41:58 | start-impl-btn window-scan hwnd=199580 total-btns=45
2026-05-05 10:41:58 | start-impl-probe ide-windows=3
2026-05-05 10:41:58 | start-impl-btn doc-scan hwnd=524752 doc-btns=96
2026-05-05 10:41:58 | start-impl-btn window-scan hwnd=524752 total-btns=99
2026-05-05 10:41:58 | start-impl-btn doc-scan hwnd=68592 doc-btns=35
2026-05-05 10:41:58 | start-impl-btn window-scan hwnd=68592 total-btns=38
2026-05-05 10:41:58 | start-impl-btn doc-scan hwnd=199580 doc-btns=42
2026-05-05 10:41:59 | start-impl-btn window-scan hwnd=199580 total-btns=45
2026-05-05 10:41:59 | start-impl-probe ide-windows=3
2026-05-05 10:41:59 | start-impl-btn doc-scan hwnd=524752 doc-btns=96
2026-05-05 10:41:59 | start-impl-btn window-scan hwnd=524752 total-btns=99
2026-05-05 10:41:59 | start-impl-btn doc-scan hwnd=68592 doc-btns=35
2026-05-05 10:41:59 | start-impl-btn window-scan hwnd=68592 total-btns=38
2026-05-05 10:41:59 | start-impl-btn doc-scan hwnd=199580 doc-btns=42
2026-05-05 10:41:59 | start-impl-btn window-scan hwnd=199580 total-btns=45
2026-05-05 10:42:00 | start-impl-probe ide-windows=3
2026-05-05 10:42:00 | start-impl-btn doc-scan hwnd=524752 doc-btns=96
2026-05-05 10:42:00 | start-impl-btn window-scan hwnd=524752 total-btns=99
2026-05-05 10:42:00 | start-impl-btn window-scan hwnd=68592 total-btns=38
2026-05-05 10:42:00 | start-impl-btn doc-scan hwnd=199580 doc-btns=42
2026-05-05 10:42:00 | start-impl-btn window-scan hwnd=199580 total-btns=45
2026-05-05 10:42:01 | start-impl-probe ide-windows=3
2026-05-05 10:42:01 | start-impl-btn doc-scan hwnd=524752 doc-btns=96
2026-05-05 10:42:01 | start-impl-btn window-scan hwnd=524752 total-btns=99
2026-05-05 10:42:01 | start-impl-btn doc-scan hwnd=68592 doc-btns=35
2026-05-05 10:42:01 | start-impl-btn window-scan hwnd=68592 total-btns=38
2026-05-05 10:42:01 | start-impl-btn doc-scan hwnd=199580 doc-btns=42
2026-05-05 10:42:01 | start-impl-btn window-scan hwnd=199580 total-btns=45
2026-05-05 10:42:02 | start-impl-probe ide-windows=3
2026-05-05 10:42:02 | start-impl-btn doc-scan hwnd=524752 doc-btns=96
2026-05-05 10:42:02 | start-impl-btn window-scan hwnd=524752 total-btns=99
2026-05-05 10:42:02 | start-impl-btn doc-scan hwnd=68592 doc-btns=35
2026-05-05 10:42:02 | start-impl-btn window-scan hwnd=68592 total-btns=38
2026-05-05 10:42:02 | start-impl-btn window-scan hwnd=199580 total-btns=45
2026-05-05 10:42:03 | start-impl-probe ide-windows=3
2026-05-05 10:42:03 | start-impl-btn doc-scan hwnd=524752 doc-btns=96
2026-05-05 10:42:03 | start-impl-btn window-scan hwnd=524752 total-btns=99
2026-05-05 10:42:03 | start-impl-btn doc-scan hwnd=68592 doc-btns=35
2026-05-05 10:42:03 | start-impl-btn window-scan hwnd=68592 total-btns=38
2026-05-05 10:42:03 | start-impl-btn doc-scan hwnd=199580 doc-btns=42
2026-05-05 10:42:03 | start-impl-btn window-scan hwnd=199580 total-btns=45
2026-05-05 10:42:04 | start-impl-probe ide-windows=3
2026-05-05 10:42:04 | start-impl-btn doc-scan hwnd=524752 doc-btns=96
2026-05-05 10:42:04 | start-impl-btn doc-scan hwnd=68592 doc-btns=35
2026-05-05 10:42:04 | start-impl-btn window-scan hwnd=68592 total-btns=38
2026-05-05 10:42:04 | start-impl-btn doc-scan hwnd=199580 doc-btns=42
2026-05-05 10:42:04 | start-impl-btn window-scan hwnd=199580 total-btns=45
2026-05-05 10:42:05 | start-impl-probe ide-windows=3
2026-05-05 10:42:05 | start-impl-btn doc-scan hwnd=524752 doc-btns=96
2026-05-05 10:42:05 | start-impl-btn window-scan hwnd=524752 total-btns=99
2026-05-05 10:42:05 | start-impl-btn doc-scan hwnd=68592 doc-btns=35
2026-05-05 10:42:05 | start-impl-btn window-scan hwnd=68592 total-btns=38
2026-05-05 10:42:05 | start-impl-btn doc-scan hwnd=199580 doc-btns=42
2026-05-05 10:42:05 | start-impl-btn window-scan hwnd=199580 total-btns=45
2026-05-05 10:42:05 | start-impl-probe ide-windows=3
2026-05-05 10:42:06 | start-impl-btn doc-scan hwnd=524752 doc-btns=96
2026-05-05 10:42:06 | start-impl-btn window-scan hwnd=524752 total-btns=99
2026-05-05 10:42:06 | start-impl-btn doc-scan hwnd=68592 doc-btns=35
2026-05-05 10:42:06 | start-impl-btn window-scan hwnd=68592 total-btns=38
2026-05-05 10:42:06 | start-impl-btn doc-scan hwnd=199580 doc-btns=42
2026-05-05 10:42:06 | start-impl-btn window-scan hwnd=199580 total-btns=45
2026-05-05 10:42:06 | start-impl-probe ide-windows=3
2026-05-05 10:42:06 | start-impl-btn doc-scan hwnd=524752 doc-btns=96
2026-05-05 10:42:06 | start-impl-btn window-scan hwnd=524752 total-btns=99
2026-05-05 10:42:07 | start-impl-btn doc-scan hwnd=68592 doc-btns=35
2026-05-05 10:42:07 | start-impl-btn window-scan hwnd=68592 total-btns=38
2026-05-05 10:42:07 | start-impl-btn doc-scan hwnd=199580 doc-btns=42
2026-05-05 10:42:07 | start-impl-btn window-scan hwnd=199580 total-btns=45
2026-05-05 10:42:07 | start-impl-probe ide-windows=3
2026-05-05 10:42:07 | start-impl-btn doc-scan hwnd=524752 doc-btns=96
2026-05-05 10:42:07 | start-impl-btn window-scan hwnd=524752 total-btns=99
2026-05-05 10:42:07 | start-impl-btn doc-scan hwnd=68592 doc-btns=35
2026-05-05 10:42:07 | start-impl-btn window-scan hwnd=68592 total-btns=38
2026-05-05 10:42:08 | start-impl-btn doc-scan hwnd=199580 doc-btns=42
2026-05-05 10:42:08 | start-impl-btn window-scan hwnd=199580 total-btns=45
2026-05-05 10:42:08 | start-impl-probe ide-windows=3
2026-05-05 10:42:08 | start-impl-btn window-scan hwnd=524752 total-btns=99
2026-05-05 10:42:08 | start-impl-btn doc-scan hwnd=68592 doc-btns=35
2026-05-05 10:42:08 | start-impl-btn window-scan hwnd=68592 total-btns=38
2026-05-05 10:42:09 | start-impl-btn doc-scan hwnd=199580 doc-btns=42
2026-05-05 10:42:09 | start-impl-btn window-scan hwnd=199580 total-btns=45
2026-05-05 10:42:09 | start-impl-probe ide-windows=3
2026-05-05 10:42:09 | start-impl-btn doc-scan hwnd=524752 doc-btns=96
2026-05-05 10:42:09 | start-impl-btn window-scan hwnd=524752 total-btns=99
2026-05-05 10:42:09 | start-impl-btn doc-scan hwnd=68592 doc-btns=35
2026-05-05 10:42:09 | start-impl-btn window-scan hwnd=68592 total-btns=38
2026-05-05 10:42:09 | start-impl-btn doc-scan hwnd=199580 doc-btns=42
2026-05-05 10:42:10 | start-impl-probe ide-windows=3
2026-05-05 10:42:10 | start-impl-btn doc-scan hwnd=524752 doc-btns=96
2026-05-05 10:42:10 | start-impl-btn doc-scan hwnd=68592 doc-btns=35
2026-05-05 10:42:10 | start-impl-btn window-scan hwnd=68592 total-btns=38
2026-05-05 10:42:10 | start-impl-btn doc-scan hwnd=199580 doc-btns=42
2026-05-05 10:42:10 | start-impl-btn window-scan hwnd=199580 total-btns=45
2026-05-05 10:42:11 | start-impl-probe ide-windows=3
2026-05-05 10:42:11 | start-impl-btn doc-scan hwnd=524752 doc-btns=96
2026-05-05 10:42:11 | start-impl-btn window-scan hwnd=524752 total-btns=99
2026-05-05 10:42:11 | start-impl-btn doc-scan hwnd=68592 doc-btns=35
2026-05-05 10:42:11 | start-impl-btn window-scan hwnd=68592 total-btns=38
2026-05-05 10:42:11 | start-impl-btn doc-scan hwnd=199580 doc-btns=42
2026-05-05 10:42:11 | start-impl-btn window-scan hwnd=199580 total-btns=45
2026-05-05 10:42:12 | start-impl-probe ide-windows=3
2026-05-05 10:42:12 | start-impl-btn doc-scan hwnd=524752 doc-btns=96
2026-05-05 10:42:12 | start-impl-btn window-scan hwnd=524752 total-btns=99
2026-05-05 10:42:12 | start-impl-btn doc-scan hwnd=68592 doc-btns=35
2026-05-05 10:42:12 | start-impl-btn window-scan hwnd=68592 total-btns=38
2026-05-05 10:42:12 | start-impl-btn doc-scan hwnd=199580 doc-btns=42
2026-05-05 10:42:12 | start-impl-btn window-scan hwnd=199580 total-btns=45
2026-05-05 10:42:13 | start-impl-probe ide-windows=3
2026-05-05 10:42:13 | start-impl-btn doc-scan hwnd=524752 doc-btns=96
2026-05-05 10:42:13 | start-impl-btn window-scan hwnd=524752 total-btns=99
2026-05-05 10:42:13 | start-impl-btn doc-scan hwnd=68592 doc-btns=35
2026-05-05 10:42:13 | start-impl-btn window-scan hwnd=68592 total-btns=38
2026-05-05 10:42:13 | start-impl-btn doc-scan hwnd=199580 doc-btns=42
2026-05-05 10:42:13 | start-impl-btn window-scan hwnd=199580 total-btns=45
2026-05-05 10:42:14 | start-impl-probe ide-windows=3
2026-05-05 10:42:14 | start-impl-btn doc-scan hwnd=524752 doc-btns=96
2026-05-05 10:42:14 | start-impl-btn window-scan hwnd=524752 total-btns=99
2026-05-05 10:42:14 | start-impl-btn doc-scan hwnd=68592 doc-btns=35
2026-05-05 10:42:14 | start-impl-btn window-scan hwnd=68592 total-btns=38
2026-05-05 10:42:14 | start-impl-btn doc-scan hwnd=199580 doc-btns=42
2026-05-05 10:42:14 | start-impl-btn window-scan hwnd=199580 total-btns=45
2026-05-05 10:42:14 | start-impl-probe ide-windows=3
2026-05-05 10:42:15 | start-impl-btn doc-scan hwnd=524752 doc-btns=96
2026-05-05 10:42:15 | start-impl-btn window-scan hwnd=524752 total-btns=99
2026-05-05 10:42:15 | start-impl-btn doc-scan hwnd=68592 doc-btns=35
2026-05-05 10:42:15 | start-impl-btn window-scan hwnd=68592 total-btns=38
2026-05-05 10:42:15 | start-impl-btn doc-scan hwnd=199580 doc-btns=42
2026-05-05 10:42:15 | start-impl-btn window-scan hwnd=199580 total-btns=45
2026-05-05 10:42:15 | start-impl-probe ide-windows=3
2026-05-05 10:42:15 | start-impl-btn doc-scan hwnd=524752 doc-btns=96
2026-05-05 10:42:16 | start-impl-btn window-scan hwnd=524752 total-btns=99
2026-05-05 10:42:16 | start-impl-btn doc-scan hwnd=68592 doc-btns=35
2026-05-05 10:42:16 | start-impl-btn window-scan hwnd=68592 total-btns=38
2026-05-05 10:42:16 | start-impl-btn doc-scan hwnd=199580 doc-btns=42
2026-05-05 10:42:16 | start-impl-btn window-scan hwnd=199580 total-btns=45
2026-05-05 10:42:16 | start-impl-probe ide-windows=3
2026-05-05 10:42:16 | start-impl-btn window-scan hwnd=524752 total-btns=99
2026-05-05 10:42:17 | start-impl-btn doc-scan hwnd=68592 doc-btns=35
2026-05-05 10:42:17 | start-impl-btn window-scan hwnd=68592 total-btns=38
2026-05-05 10:42:17 | start-impl-btn doc-scan hwnd=199580 doc-btns=42
2026-05-05 10:42:17 | start-impl-btn window-scan hwnd=199580 total-btns=45
2026-05-05 10:42:17 | start-impl-probe ide-windows=3
2026-05-05 10:42:17 | start-impl-btn doc-scan hwnd=524752 doc-btns=96
2026-05-05 10:42:17 | start-impl-btn window-scan hwnd=524752 total-btns=99
2026-05-05 10:42:17 | start-impl-btn doc-scan hwnd=68592 doc-btns=35
2026-05-05 10:42:17 | start-impl-btn window-scan hwnd=68592 total-btns=38
2026-05-05 10:42:17 | start-impl-btn doc-scan hwnd=199580 doc-btns=42
2026-05-05 10:42:18 | start-impl-btn window-scan hwnd=199580 total-btns=45
2026-05-05 10:42:18 | start-impl-probe ide-windows=3
2026-05-05 10:42:18 | start-impl-btn doc-scan hwnd=524752 doc-btns=96
2026-05-05 10:42:18 | start-impl-btn window-scan hwnd=524752 total-btns=99
2026-05-05 10:42:18 | start-impl-btn doc-scan hwnd=68592 doc-btns=35
2026-05-05 10:42:18 | start-impl-btn window-scan hwnd=68592 total-btns=38
2026-05-05 10:42:18 | start-impl-btn doc-scan hwnd=199580 doc-btns=42
2026-05-05 10:42:19 | start-impl-btn window-scan hwnd=199580 total-btns=45
2026-05-05 10:42:19 | start-impl-probe ide-windows=3
2026-05-05 10:42:19 | start-impl-btn doc-scan hwnd=524752 doc-btns=96
2026-05-05 10:42:19 | start-impl-btn window-scan hwnd=524752 total-btns=99
2026-05-05 10:42:19 | start-impl-btn doc-scan hwnd=68592 doc-btns=35
2026-05-05 10:42:19 | start-impl-btn window-scan hwnd=68592 total-btns=38
2026-05-05 10:42:19 | start-impl-btn doc-scan hwnd=199580 doc-btns=42
2026-05-05 10:42:19 | start-impl-btn window-scan hwnd=199580 total-btns=45
2026-05-05 10:42:20 | start-impl-probe ide-windows=3
2026-05-05 10:42:20 | start-impl-btn doc-scan hwnd=524752 doc-btns=96
2026-05-05 10:42:20 | start-impl-btn window-scan hwnd=524752 total-btns=99
2026-05-05 10:42:20 | start-impl-btn doc-scan hwnd=68592 doc-btns=35
2026-05-05 10:42:20 | start-impl-btn window-scan hwnd=68592 total-btns=38
2026-05-05 10:42:20 | start-impl-btn doc-scan hwnd=199580 doc-btns=42
2026-05-05 10:42:20 | start-impl-btn window-scan hwnd=199580 total-btns=45
2026-05-05 10:42:21 | start-impl-probe ide-windows=3
2026-05-05 10:42:21 | start-impl-btn doc-scan hwnd=524752 doc-btns=96
2026-05-05 10:42:21 | start-impl-btn window-scan hwnd=524752 total-btns=99
2026-05-05 10:42:21 | start-impl-btn doc-scan hwnd=68592 doc-btns=35
2026-05-05 10:42:21 | start-impl-btn window-scan hwnd=68592 total-btns=38
2026-05-05 10:42:21 | start-impl-btn doc-scan hwnd=199580 doc-btns=42
2026-05-05 10:42:21 | start-impl-btn window-scan hwnd=199580 total-btns=45
2026-05-05 10:42:22 | start-impl-probe ide-windows=3
2026-05-05 10:42:22 | start-impl-btn doc-scan hwnd=524752 doc-btns=96
2026-05-05 10:42:22 | start-impl-btn window-scan hwnd=524752 total-btns=99
2026-05-05 10:42:22 | start-impl-btn doc-scan hwnd=68592 doc-btns=35
2026-05-05 10:42:22 | start-impl-btn window-scan hwnd=68592 total-btns=38
2026-05-05 10:42:22 | start-impl-btn doc-scan hwnd=199580 doc-btns=42
2026-05-05 10:42:22 | start-impl-btn window-scan hwnd=199580 total-btns=45
2026-05-05 10:42:23 | start-impl-probe ide-windows=3
2026-05-05 10:42:23 | start-impl-btn doc-scan hwnd=524752 doc-btns=96
2026-05-05 10:42:23 | start-impl-btn window-scan hwnd=524752 total-btns=99
2026-05-05 10:42:23 | start-impl-btn doc-scan hwnd=68592 doc-btns=35
2026-05-05 10:42:23 | start-impl-btn window-scan hwnd=68592 total-btns=38
2026-05-05 10:42:23 | start-impl-btn doc-scan hwnd=199580 doc-btns=42
2026-05-05 10:42:23 | start-impl-btn window-scan hwnd=199580 total-btns=45
2026-05-05 10:42:24 | start-impl-probe ide-windows=3
2026-05-05 10:42:24 | start-impl-btn doc-scan hwnd=524752 doc-btns=96
2026-05-05 10:42:24 | start-impl-btn window-scan hwnd=524752 total-btns=99
2026-05-05 10:42:24 | start-impl-btn doc-scan hwnd=68592 doc-btns=35
2026-05-05 10:42:24 | start-impl-btn window-scan hwnd=68592 total-btns=38
2026-05-05 10:42:24 | start-impl-btn window-scan hwnd=199580 total-btns=45
2026-05-05 10:42:24 | start-impl-probe ide-windows=3
2026-05-05 10:42:25 | start-impl-btn doc-scan hwnd=524752 doc-btns=96
2026-05-05 10:42:25 | start-impl-btn window-scan hwnd=524752 total-btns=99
2026-05-05 10:42:25 | start-impl-btn doc-scan hwnd=68592 doc-btns=35
2026-05-05 10:42:25 | start-impl-btn window-scan hwnd=68592 total-btns=38
2026-05-05 10:42:25 | start-impl-btn doc-scan hwnd=199580 doc-btns=42
2026-05-05 10:42:25 | start-impl-btn window-scan hwnd=199580 total-btns=45
2026-05-05 10:42:25 | start-impl-probe ide-windows=3
2026-05-05 10:42:25 | start-impl-btn doc-scan hwnd=524752 doc-btns=96
2026-05-05 10:42:26 | start-impl-btn window-scan hwnd=524752 total-btns=99
2026-05-05 10:42:26 | start-impl-btn doc-scan hwnd=68592 doc-btns=35
2026-05-05 10:42:26 | start-impl-btn doc-scan hwnd=199580 doc-btns=42
2026-05-05 10:42:26 | start-impl-btn window-scan hwnd=199580 total-btns=45
2026-05-05 10:42:26 | start-impl-probe ide-windows=3
2026-05-05 10:42:26 | start-impl-btn doc-scan hwnd=524752 doc-btns=96
2026-05-05 10:42:26 | start-impl-btn window-scan hwnd=524752 total-btns=99
2026-05-05 10:42:27 | start-impl-btn doc-scan hwnd=68592 doc-btns=35
2026-05-05 10:42:27 | start-impl-btn window-scan hwnd=68592 total-btns=38
2026-05-05 10:42:27 | start-impl-btn doc-scan hwnd=199580 doc-btns=42
2026-05-05 10:42:27 | start-impl-btn window-scan hwnd=199580 total-btns=45
2026-05-05 10:42:27 | start-impl-probe ide-windows=3
2026-05-05 10:42:27 | start-impl-btn doc-scan hwnd=524752 doc-btns=96
2026-05-05 10:42:27 | start-impl-btn window-scan hwnd=524752 total-btns=99
2026-05-05 10:42:27 | start-impl-btn doc-scan hwnd=68592 doc-btns=35
2026-05-05 10:42:27 | start-impl-btn window-scan hwnd=68592 total-btns=38
2026-05-05 10:42:27 | start-impl-btn doc-scan hwnd=199580 doc-btns=42
2026-05-05 10:42:28 | start-impl-btn window-scan hwnd=199580 total-btns=45
2026-05-05 10:42:28 | start-impl-probe ide-windows=3
2026-05-05 10:42:28 | start-impl-btn doc-scan hwnd=524752 doc-btns=96
2026-05-05 10:42:28 | start-impl-btn window-scan hwnd=524752 total-btns=99
2026-05-05 10:42:28 | start-impl-btn doc-scan hwnd=68592 doc-btns=35
2026-05-05 10:42:28 | start-impl-btn window-scan hwnd=68592 total-btns=38
2026-05-05 10:42:28 | start-impl-btn doc-scan hwnd=199580 doc-btns=42
2026-05-05 10:42:28 | start-impl-btn window-scan hwnd=199580 total-btns=45
2026-05-05 10:42:29 | start-impl-probe ide-windows=3
2026-05-05 10:42:29 | start-impl-btn doc-scan hwnd=524752 doc-btns=96
2026-05-05 10:42:29 | start-impl-btn window-scan hwnd=524752 total-btns=99
2026-05-05 10:42:29 | start-impl-btn doc-scan hwnd=68592 doc-btns=35
2026-05-05 10:42:29 | start-impl-btn window-scan hwnd=68592 total-btns=38
2026-05-05 10:42:29 | start-impl-btn doc-scan hwnd=199580 doc-btns=42
2026-05-05 10:42:29 | start-impl-btn window-scan hwnd=199580 total-btns=45
2026-05-05 10:42:30 | start-impl-probe ide-windows=3
2026-05-05 10:42:30 | start-impl-btn doc-scan hwnd=524752 doc-btns=96
2026-05-05 10:42:30 | start-impl-btn window-scan hwnd=524752 total-btns=99
2026-05-05 10:42:30 | start-impl-btn doc-scan hwnd=68592 doc-btns=35
2026-05-05 10:42:30 | start-impl-btn window-scan hwnd=68592 total-btns=38
2026-05-05 10:42:30 | start-impl-btn doc-scan hwnd=199580 doc-btns=42
2026-05-05 10:42:30 | start-impl-btn window-scan hwnd=199580 total-btns=45
2026-05-05 10:42:31 | start-impl-probe ide-windows=3
2026-05-05 10:42:31 | start-impl-btn doc-scan hwnd=524752 doc-btns=96
2026-05-05 10:42:31 | start-impl-btn window-scan hwnd=524752 total-btns=99
2026-05-05 10:42:31 | start-impl-btn doc-scan hwnd=68592 doc-btns=35
2026-05-05 10:42:31 | start-impl-btn window-scan hwnd=68592 total-btns=38
2026-05-05 10:42:31 | start-impl-btn doc-scan hwnd=199580 doc-btns=42
2026-05-05 10:42:31 | start-impl-btn window-scan hwnd=199580 total-btns=45
2026-05-05 10:42:32 | start-impl-probe ide-windows=3
2026-05-05 10:42:32 | start-impl-btn doc-scan hwnd=524752 doc-btns=96
2026-05-05 10:42:32 | start-impl-btn window-scan hwnd=524752 total-btns=99
2026-05-05 10:42:32 | start-impl-btn doc-scan hwnd=68592 doc-btns=35
2026-05-05 10:42:32 | start-impl-btn window-scan hwnd=68592 total-btns=38
2026-05-05 10:42:32 | start-impl-btn window-scan hwnd=199580 total-btns=45
2026-05-05 10:42:33 | start-impl-probe ide-windows=3
2026-05-05 10:42:33 | start-impl-btn doc-scan hwnd=524752 doc-btns=96
2026-05-05 10:42:33 | start-impl-btn window-scan hwnd=524752 total-btns=99
2026-05-05 10:42:33 | start-impl-btn doc-scan hwnd=68592 doc-btns=35
2026-05-05 10:42:33 | start-impl-btn window-scan hwnd=68592 total-btns=38
2026-05-05 10:42:33 | start-impl-btn doc-scan hwnd=199580 doc-btns=42
2026-05-05 10:42:33 | start-impl-btn window-scan hwnd=199580 total-btns=45
2026-05-05 10:42:33 | start-impl-probe ide-windows=3
2026-05-05 10:42:34 | start-impl-btn doc-scan hwnd=524752 doc-btns=96
2026-05-05 10:42:34 | start-impl-btn window-scan hwnd=524752 total-btns=99
2026-05-05 10:42:34 | start-impl-btn doc-scan hwnd=68592 doc-btns=35
2026-05-05 10:42:34 | start-impl-btn window-scan hwnd=68592 total-btns=38
2026-05-05 10:42:34 | start-impl-btn window-scan hwnd=199580 total-btns=45
2026-05-05 10:42:34 | start-impl-probe ide-windows=3
2026-05-05 10:42:34 | start-impl-btn doc-scan hwnd=524752 doc-btns=96
2026-05-05 10:42:35 | start-impl-btn window-scan hwnd=524752 total-btns=99
2026-05-05 10:42:35 | start-impl-btn doc-scan hwnd=68592 doc-btns=35
2026-05-05 10:42:35 | start-impl-btn window-scan hwnd=68592 total-btns=38
2026-05-05 10:42:35 | start-impl-btn doc-scan hwnd=199580 doc-btns=42
2026-05-05 10:42:35 | start-impl-btn window-scan hwnd=199580 total-btns=45
2026-05-05 10:42:35 | start-impl-probe ide-windows=3
2026-05-05 10:42:35 | start-impl-btn doc-scan hwnd=524752 doc-btns=96
2026-05-05 10:42:35 | start-impl-btn window-scan hwnd=524752 total-btns=99
2026-05-05 10:42:36 | start-impl-btn doc-scan hwnd=68592 doc-btns=35
2026-05-05 10:42:36 | start-impl-btn window-scan hwnd=68592 total-btns=38
2026-05-05 10:42:36 | start-impl-btn doc-scan hwnd=199580 doc-btns=42
2026-05-05 10:42:36 | start-impl-btn window-scan hwnd=199580 total-btns=45
2026-05-05 10:42:36 | start-impl-probe ide-windows=3
2026-05-05 10:42:36 | start-impl-btn doc-scan hwnd=524752 doc-btns=96
2026-05-05 10:42:36 | start-impl-btn window-scan hwnd=524752 total-btns=99
2026-05-05 10:42:36 | start-impl-btn doc-scan hwnd=68592 doc-btns=35
2026-05-05 10:42:37 | start-impl-btn window-scan hwnd=68592 total-btns=38
2026-05-05 10:42:37 | start-impl-btn doc-scan hwnd=199580 doc-btns=42
2026-05-05 10:42:37 | start-impl-btn window-scan hwnd=199580 total-btns=45
2026-05-05 10:42:37 | start-impl-probe ide-windows=3
2026-05-05 10:42:37 | start-impl-btn doc-scan hwnd=524752 doc-btns=96
2026-05-05 10:42:37 | start-impl-btn window-scan hwnd=524752 total-btns=99
2026-05-05 10:42:37 | start-impl-btn doc-scan hwnd=68592 doc-btns=35
2026-05-05 10:42:38 | start-impl-btn doc-scan hwnd=199580 doc-btns=42
2026-05-05 10:42:38 | start-impl-btn window-scan hwnd=199580 total-btns=45
2026-05-05 10:42:38 | start-impl-probe ide-windows=3
2026-05-05 10:42:38 | start-impl-btn doc-scan hwnd=524752 doc-btns=96
2026-05-05 10:42:38 | start-impl-btn window-scan hwnd=524752 total-btns=99
2026-05-05 10:42:38 | start-impl-btn doc-scan hwnd=68592 doc-btns=35
2026-05-05 10:42:38 | start-impl-btn window-scan hwnd=68592 total-btns=38
2026-05-05 10:42:38 | start-impl-btn doc-scan hwnd=199580 doc-btns=42
2026-05-05 10:42:38 | start-impl-btn window-scan hwnd=199580 total-btns=45
2026-05-05 10:42:39 | start-impl-probe ide-windows=3
2026-05-05 10:42:39 | start-impl-btn doc-scan hwnd=524752 doc-btns=96
2026-05-05 10:42:39 | start-impl-btn window-scan hwnd=524752 total-btns=99
2026-05-05 10:42:39 | start-impl-btn doc-scan hwnd=68592 doc-btns=35
2026-05-05 10:42:39 | start-impl-btn window-scan hwnd=68592 total-btns=38
2026-05-05 10:42:39 | start-impl-btn doc-scan hwnd=199580 doc-btns=42
2026-05-05 10:42:39 | start-impl-btn window-scan hwnd=199580 total-btns=45
2026-05-05 10:42:40 | start-impl-probe ide-windows=3
2026-05-05 10:42:40 | start-impl-btn doc-scan hwnd=524752 doc-btns=96
2026-05-05 10:42:40 | start-impl-btn window-scan hwnd=524752 total-btns=99
2026-05-05 10:42:40 | start-impl-btn doc-scan hwnd=68592 doc-btns=35
2026-05-05 10:42:40 | start-impl-btn window-scan hwnd=68592 total-btns=38
2026-05-05 10:42:40 | start-impl-btn doc-scan hwnd=199580 doc-btns=42
2026-05-05 10:42:40 | start-impl-btn window-scan hwnd=199580 total-btns=45
2026-05-05 10:42:41 | start-impl-probe ide-windows=3
2026-05-05 10:42:41 | start-impl-btn doc-scan hwnd=524752 doc-btns=96
2026-05-05 10:42:41 | start-impl-btn window-scan hwnd=524752 total-btns=99
2026-05-05 10:42:41 | start-impl-btn doc-scan hwnd=68592 doc-btns=35
2026-05-05 10:42:41 | start-impl-btn window-scan hwnd=68592 total-btns=38
2026-05-05 10:42:41 | start-impl-btn doc-scan hwnd=199580 doc-btns=42
2026-05-05 10:42:41 | start-impl-btn window-scan hwnd=199580 total-btns=45
2026-05-05 10:42:42 | start-impl-probe ide-windows=3
2026-05-05 10:42:42 | start-impl-btn doc-scan hwnd=524752 doc-btns=96
2026-05-05 10:42:42 | start-impl-btn window-scan hwnd=524752 total-btns=99
2026-05-05 10:42:42 | start-impl-btn doc-scan hwnd=68592 doc-btns=35
2026-05-05 10:42:42 | start-impl-btn window-scan hwnd=68592 total-btns=38
2026-05-05 10:42:42 | start-impl-btn doc-scan hwnd=199580 doc-btns=42
2026-05-05 10:42:42 | start-impl-btn window-scan hwnd=199580 total-btns=45
2026-05-05 10:42:43 | start-impl-probe ide-windows=3
2026-05-05 10:42:43 | start-impl-btn doc-scan hwnd=524752 doc-btns=96
2026-05-05 10:42:43 | start-impl-btn window-scan hwnd=524752 total-btns=99
2026-05-05 10:42:43 | start-impl-btn doc-scan hwnd=68592 doc-btns=35
2026-05-05 10:42:43 | start-impl-btn window-scan hwnd=68592 total-btns=38
2026-05-05 10:42:43 | start-impl-btn doc-scan hwnd=199580 doc-btns=42
2026-05-05 10:42:43 | start-impl-btn window-scan hwnd=199580 total-btns=45
2026-05-05 10:42:43 | start-impl-probe ide-windows=3
2026-05-05 10:42:44 | start-impl-btn doc-scan hwnd=524752 doc-btns=96
2026-05-05 10:42:44 | start-impl-btn window-scan hwnd=524752 total-btns=99
2026-05-05 10:42:44 | start-impl-btn doc-scan hwnd=68592 doc-btns=35
2026-05-05 10:42:44 | start-impl-btn window-scan hwnd=68592 total-btns=38
2026-05-05 10:42:44 | start-impl-btn doc-scan hwnd=199580 doc-btns=42
2026-05-05 10:42:44 | start-impl-btn window-scan hwnd=199580 total-btns=45
2026-05-05 10:42:44 | start-impl-probe ide-windows=3
2026-05-05 10:42:44 | start-impl-btn doc-scan hwnd=524752 doc-btns=96
2026-05-05 10:42:45 | start-impl-btn window-scan hwnd=524752 total-btns=99
2026-05-05 10:42:45 | start-impl-btn doc-scan hwnd=68592 doc-btns=35
2026-05-05 10:42:45 | start-impl-btn window-scan hwnd=68592 total-btns=38
2026-05-05 10:42:45 | start-impl-btn doc-scan hwnd=199580 doc-btns=42
2026-05-05 10:42:45 | start-impl-btn window-scan hwnd=199580 total-btns=45
2026-05-05 10:42:45 | start-impl-probe ide-windows=3
2026-05-05 10:42:45 | start-impl-btn doc-scan hwnd=524752 doc-btns=96
2026-05-05 10:42:45 | start-impl-btn window-scan hwnd=524752 total-btns=99
2026-05-05 10:42:46 | start-impl-btn doc-scan hwnd=68592 doc-btns=35
2026-05-05 10:42:46 | start-impl-btn window-scan hwnd=68592 total-btns=38
2026-05-05 10:42:46 | start-impl-btn doc-scan hwnd=199580 doc-btns=42
2026-05-05 10:42:46 | start-impl-btn window-scan hwnd=199580 total-btns=45
2026-05-05 10:42:46 | start-impl-probe ide-windows=3
2026-05-05 10:42:46 | start-impl-btn doc-scan hwnd=524752 doc-btns=96
2026-05-05 10:42:46 | start-impl-btn window-scan hwnd=524752 total-btns=99
2026-05-05 10:42:46 | start-impl-btn doc-scan hwnd=68592 doc-btns=35
2026-05-05 10:42:46 | start-impl-btn window-scan hwnd=68592 total-btns=38
2026-05-05 10:42:46 | start-impl-btn doc-scan hwnd=199580 doc-btns=42
2026-05-05 10:42:47 | start-impl-btn window-scan hwnd=199580 total-btns=45
2026-05-05 10:42:47 | start-impl-probe ide-windows=3
2026-05-05 10:42:47 | start-impl-btn doc-scan hwnd=524752 doc-btns=96
2026-05-05 10:42:47 | start-impl-btn window-scan hwnd=524752 total-btns=99
2026-05-05 10:42:47 | start-impl-btn doc-scan hwnd=68592 doc-btns=35
2026-05-05 10:42:47 | start-impl-btn window-scan hwnd=68592 total-btns=38
2026-05-05 10:42:47 | start-impl-btn doc-scan hwnd=199580 doc-btns=42
2026-05-05 10:42:48 | start-impl-btn window-scan hwnd=199580 total-btns=45
2026-05-05 10:42:48 | start-impl-probe ide-windows=3
2026-05-05 10:42:48 | start-impl-btn doc-scan hwnd=524752 doc-btns=96
2026-05-05 10:42:48 | start-impl-btn window-scan hwnd=524752 total-btns=99
2026-05-05 10:42:48 | start-impl-btn doc-scan hwnd=68592 doc-btns=35
2026-05-05 10:42:48 | start-impl-btn window-scan hwnd=68592 total-btns=38
2026-05-05 10:42:48 | start-impl-btn doc-scan hwnd=199580 doc-btns=42
2026-05-05 10:42:48 | start-impl-btn window-scan hwnd=199580 total-btns=45
2026-05-05 10:42:49 | start-impl-probe ide-windows=3
2026-05-05 10:42:49 | start-impl-btn doc-scan hwnd=524752 doc-btns=96
2026-05-05 10:42:49 | start-impl-btn window-scan hwnd=524752 total-btns=99
2026-05-05 10:42:49 | start-impl-btn doc-scan hwnd=68592 doc-btns=35
2026-05-05 10:42:49 | start-impl-btn window-scan hwnd=68592 total-btns=38
2026-05-05 10:42:49 | start-impl-btn doc-scan hwnd=199580 doc-btns=42
2026-05-05 10:42:49 | start-impl-btn window-scan hwnd=199580 total-btns=45
2026-05-05 10:42:50 | start-impl-probe ide-windows=3
2026-05-05 10:42:50 | start-impl-btn doc-scan hwnd=524752 doc-btns=96
2026-05-05 10:42:50 | start-impl-btn window-scan hwnd=524752 total-btns=99
2026-05-05 10:42:50 | start-impl-btn doc-scan hwnd=68592 doc-btns=35
2026-05-05 10:42:50 | start-impl-btn window-scan hwnd=68592 total-btns=38
2026-05-05 10:42:50 | start-impl-btn doc-scan hwnd=199580 doc-btns=42
2026-05-05 10:42:50 | start-impl-btn window-scan hwnd=199580 total-btns=45
2026-05-05 10:42:51 | start-impl-probe ide-windows=3
2026-05-05 10:42:51 | start-impl-btn doc-scan hwnd=524752 doc-btns=96
2026-05-05 10:42:51 | start-impl-btn window-scan hwnd=524752 total-btns=99
2026-05-05 10:42:51 | start-impl-btn doc-scan hwnd=68592 doc-btns=35
2026-05-05 10:42:51 | start-impl-btn window-scan hwnd=68592 total-btns=38
2026-05-05 10:42:51 | start-impl-btn doc-scan hwnd=199580 doc-btns=42
2026-05-05 10:42:51 | start-impl-btn window-scan hwnd=199580 total-btns=45
2026-05-05 10:42:52 | start-impl-probe ide-windows=3
2026-05-05 10:42:52 | start-impl-btn doc-scan hwnd=524752 doc-btns=96
2026-05-05 10:42:52 | start-impl-btn window-scan hwnd=524752 total-btns=99
2026-05-05 10:42:52 | start-impl-btn doc-scan hwnd=68592 doc-btns=35
2026-05-05 10:42:52 | start-impl-btn window-scan hwnd=68592 total-btns=38
2026-05-05 10:42:52 | start-impl-btn doc-scan hwnd=199580 doc-btns=42
2026-05-05 10:42:52 | start-impl-btn window-scan hwnd=199580 total-btns=45
2026-05-05 10:42:53 | start-impl-probe ide-windows=3
2026-05-05 10:42:53 | start-impl-btn doc-scan hwnd=524752 doc-btns=96
2026-05-05 10:42:53 | start-impl-btn window-scan hwnd=524752 total-btns=99
2026-05-05 10:42:53 | start-impl-btn doc-scan hwnd=68592 doc-btns=35
2026-05-05 10:42:53 | start-impl-btn window-scan hwnd=68592 total-btns=38
2026-05-05 10:42:53 | start-impl-btn doc-scan hwnd=199580 doc-btns=42
2026-05-05 10:42:53 | start-impl-btn window-scan hwnd=199580 total-btns=45
2026-05-05 10:42:53 | start-impl-probe ide-windows=3
2026-05-05 10:42:54 | start-impl-btn doc-scan hwnd=524752 doc-btns=96
2026-05-05 10:42:54 | start-impl-btn window-scan hwnd=524752 total-btns=99
2026-05-05 10:42:54 | start-impl-btn doc-scan hwnd=68592 doc-btns=35
2026-05-05 10:42:54 | start-impl-btn window-scan hwnd=68592 total-btns=38
2026-05-05 10:42:54 | start-impl-btn doc-scan hwnd=199580 doc-btns=42
2026-05-05 10:42:54 | start-impl-btn window-scan hwnd=199580 total-btns=45
2026-05-05 10:42:54 | start-impl-probe ide-windows=3
2026-05-05 10:42:54 | start-impl-btn doc-scan hwnd=524752 doc-btns=96
2026-05-05 10:42:54 | start-impl-btn window-scan hwnd=524752 total-btns=99
2026-05-05 10:42:55 | start-impl-btn doc-scan hwnd=68592 doc-btns=35
2026-05-05 10:42:55 | start-impl-btn window-scan hwnd=68592 total-btns=38
2026-05-05 10:42:55 | start-impl-btn doc-scan hwnd=199580 doc-btns=42
2026-05-05 10:42:55 | start-impl-btn window-scan hwnd=199580 total-btns=45
2026-05-05 10:42:55 | start-impl-probe ide-windows=3
2026-05-05 10:42:55 | start-impl-btn doc-scan hwnd=524752 doc-btns=96
2026-05-05 10:42:55 | start-impl-btn window-scan hwnd=524752 total-btns=99
2026-05-05 10:42:55 | start-impl-btn doc-scan hwnd=68592 doc-btns=35
2026-05-05 10:42:55 | start-impl-btn window-scan hwnd=68592 total-btns=38
2026-05-05 10:42:56 | start-impl-btn doc-scan hwnd=199580 doc-btns=42
2026-05-05 10:42:56 | start-impl-btn window-scan hwnd=199580 total-btns=45
2026-05-05 10:42:56 | start-impl-probe ide-windows=3
2026-05-05 10:42:56 | start-impl-btn doc-scan hwnd=524752 doc-btns=96
2026-05-05 10:42:56 | start-impl-btn window-scan hwnd=524752 total-btns=99
2026-05-05 10:42:56 | start-impl-btn doc-scan hwnd=68592 doc-btns=35
2026-05-05 10:42:56 | start-impl-btn window-scan hwnd=68592 total-btns=38
2026-05-05 10:42:56 | start-impl-btn doc-scan hwnd=199580 doc-btns=42
2026-05-05 10:42:57 | start-impl-btn window-scan hwnd=199580 total-btns=45
2026-05-05 10:42:57 | start-impl-probe ide-windows=3
2026-05-05 10:42:57 | start-impl-btn doc-scan hwnd=524752 doc-btns=96
2026-05-05 10:42:57 | start-impl-btn window-scan hwnd=524752 total-btns=99
2026-05-05 10:42:57 | start-impl-btn doc-scan hwnd=68592 doc-btns=35
2026-05-05 10:42:57 | start-impl-btn window-scan hwnd=68592 total-btns=38
2026-05-05 10:42:57 | start-impl-btn doc-scan hwnd=199580 doc-btns=42
2026-05-05 10:42:57 | start-impl-btn window-scan hwnd=199580 total-btns=45
2026-05-05 10:42:58 | start-impl-probe ide-windows=3
2026-05-05 10:42:58 | start-impl-btn doc-scan hwnd=524752 doc-btns=96
2026-05-05 10:42:58 | start-impl-btn window-scan hwnd=524752 total-btns=99
2026-05-05 10:42:58 | start-impl-btn doc-scan hwnd=68592 doc-btns=35
2026-05-05 10:42:58 | start-impl-btn window-scan hwnd=68592 total-btns=38
2026-05-05 10:42:58 | start-impl-btn doc-scan hwnd=199580 doc-btns=42
2026-05-05 10:42:58 | start-impl-btn window-scan hwnd=199580 total-btns=45
2026-05-05 10:42:59 | start-impl-probe ide-windows=3
2026-05-05 10:42:59 | start-impl-btn doc-scan hwnd=524752 doc-btns=96
2026-05-05 10:42:59 | start-impl-btn window-scan hwnd=524752 total-btns=99
2026-05-05 10:42:59 | start-impl-btn doc-scan hwnd=68592 doc-btns=35
2026-05-05 10:42:59 | start-impl-btn window-scan hwnd=68592 total-btns=38
2026-05-05 10:42:59 | start-impl-btn doc-scan hwnd=199580 doc-btns=42
2026-05-05 10:42:59 | start-impl-btn window-scan hwnd=199580 total-btns=45
2026-05-05 10:43:00 | start-impl-probe ide-windows=3
2026-05-05 10:43:00 | start-impl-btn doc-scan hwnd=524752 doc-btns=96
2026-05-05 10:43:00 | start-impl-btn window-scan hwnd=524752 total-btns=99
2026-05-05 10:43:00 | start-impl-btn doc-scan hwnd=68592 doc-btns=35
2026-05-05 10:43:00 | start-impl-btn window-scan hwnd=68592 total-btns=38
2026-05-05 10:43:00 | start-impl-btn doc-scan hwnd=199580 doc-btns=42
2026-05-05 10:43:00 | start-impl-btn window-scan hwnd=199580 total-btns=45
2026-05-05 10:43:01 | start-impl-probe ide-windows=3
2026-05-05 10:43:01 | start-impl-btn doc-scan hwnd=524752 doc-btns=96
2026-05-05 10:43:01 | start-impl-btn window-scan hwnd=524752 total-btns=99
2026-05-05 10:43:01 | start-impl-btn doc-scan hwnd=68592 doc-btns=35
2026-05-05 10:43:01 | start-impl-btn window-scan hwnd=68592 total-btns=38
2026-05-05 10:43:01 | start-impl-btn doc-scan hwnd=199580 doc-btns=42
2026-05-05 10:43:01 | start-impl-btn window-scan hwnd=199580 total-btns=45
2026-05-05 10:43:02 | start-impl-probe ide-windows=3
2026-05-05 10:43:02 | start-impl-btn doc-scan hwnd=524752 doc-btns=96
2026-05-05 10:43:02 | start-impl-btn window-scan hwnd=524752 total-btns=99
2026-05-05 10:43:02 | start-impl-btn doc-scan hwnd=68592 doc-btns=35
2026-05-05 10:43:02 | start-impl-btn window-scan hwnd=68592 total-btns=38
2026-05-05 10:43:02 | start-impl-btn doc-scan hwnd=199580 doc-btns=42
2026-05-05 10:43:02 | start-impl-btn window-scan hwnd=199580 total-btns=45
2026-05-05 10:43:02 | start-impl-probe ide-windows=3
2026-05-05 10:43:03 | start-impl-btn doc-scan hwnd=524752 doc-btns=96
2026-05-05 10:43:03 | start-impl-btn window-scan hwnd=524752 total-btns=99
2026-05-05 10:43:03 | start-impl-btn doc-scan hwnd=68592 doc-btns=35
2026-05-05 10:43:03 | start-impl-btn window-scan hwnd=68592 total-btns=38
2026-05-05 10:43:03 | start-impl-btn doc-scan hwnd=199580 doc-btns=42
2026-05-05 10:43:03 | start-impl-btn window-scan hwnd=199580 total-btns=45
2026-05-05 10:43:03 | start-impl-probe ide-windows=3
2026-05-05 10:43:03 | start-impl-btn doc-scan hwnd=524752 doc-btns=96
2026-05-05 10:43:04 | start-impl-btn window-scan hwnd=524752 total-btns=99
2026-05-05 10:43:04 | start-impl-btn doc-scan hwnd=68592 doc-btns=35
2026-05-05 10:43:04 | start-impl-btn window-scan hwnd=68592 total-btns=38
2026-05-05 10:43:04 | start-impl-btn doc-scan hwnd=199580 doc-btns=42
2026-05-05 10:43:04 | start-impl-btn window-scan hwnd=199580 total-btns=45
2026-05-05 10:43:04 | start-impl-probe ide-windows=3
2026-05-05 10:43:04 | start-impl-btn window-scan hwnd=524752 total-btns=99
2026-05-05 10:43:05 | start-impl-btn doc-scan hwnd=68592 doc-btns=35
2026-05-05 10:43:05 | start-impl-btn window-scan hwnd=68592 total-btns=38
2026-05-05 10:43:05 | start-impl-btn doc-scan hwnd=199580 doc-btns=42
2026-05-05 10:43:05 | start-impl-btn window-scan hwnd=199580 total-btns=45
2026-05-05 10:43:05 | start-impl-probe ide-windows=3
2026-05-05 10:43:05 | start-impl-btn doc-scan hwnd=524752 doc-btns=96
2026-05-05 10:43:05 | start-impl-btn window-scan hwnd=524752 total-btns=99
2026-05-05 10:43:05 | start-impl-btn doc-scan hwnd=68592 doc-btns=35
2026-05-05 10:43:05 | start-impl-btn window-scan hwnd=68592 total-btns=38
2026-05-05 10:43:06 | start-impl-btn doc-scan hwnd=199580 doc-btns=42
2026-05-05 10:43:06 | start-impl-btn window-scan hwnd=199580 total-btns=45
2026-05-05 10:43:06 | start-impl-probe ide-windows=3
2026-05-05 10:43:06 | start-impl-btn doc-scan hwnd=524752 doc-btns=96
2026-05-05 10:43:06 | start-impl-btn window-scan hwnd=524752 total-btns=99
2026-05-05 10:43:06 | start-impl-btn doc-scan hwnd=68592 doc-btns=35
2026-05-05 10:43:06 | start-impl-btn window-scan hwnd=68592 total-btns=38
2026-05-05 10:43:06 | start-impl-btn doc-scan hwnd=199580 doc-btns=42
2026-05-05 10:43:07 | start-impl-btn window-scan hwnd=199580 total-btns=45
2026-05-05 10:43:07 | start-impl-probe ide-windows=3
2026-05-05 10:43:07 | start-impl-btn doc-scan hwnd=524752 doc-btns=96
2026-05-05 10:43:07 | start-impl-btn window-scan hwnd=524752 total-btns=99
2026-05-05 10:43:07 | start-impl-btn doc-scan hwnd=68592 doc-btns=35
2026-05-05 10:43:07 | start-impl-btn window-scan hwnd=68592 total-btns=38
2026-05-05 10:43:07 | start-impl-btn window-scan hwnd=199580 total-btns=45
2026-05-05 10:43:08 | start-impl-probe ide-windows=3
2026-05-05 10:43:08 | start-impl-btn doc-scan hwnd=524752 doc-btns=96
2026-05-05 10:43:08 | start-impl-btn window-scan hwnd=524752 total-btns=99
2026-05-05 10:43:08 | start-impl-btn doc-scan hwnd=68592 doc-btns=35
2026-05-05 10:43:08 | start-impl-btn window-scan hwnd=68592 total-btns=38
2026-05-05 10:43:08 | start-impl-btn window-scan hwnd=199580 total-btns=45
2026-05-05 10:43:09 | start-impl-probe ide-windows=3
2026-05-05 10:43:09 | start-impl-btn doc-scan hwnd=524752 doc-btns=96
2026-05-05 10:43:09 | start-impl-btn window-scan hwnd=524752 total-btns=99
2026-05-05 10:43:09 | start-impl-btn doc-scan hwnd=68592 doc-btns=35
2026-05-05 10:43:09 | start-impl-btn window-scan hwnd=68592 total-btns=38
2026-05-05 10:43:09 | start-impl-btn doc-scan hwnd=199580 doc-btns=42
2026-05-05 10:43:09 | start-impl-btn window-scan hwnd=199580 total-btns=45
2026-05-05 10:43:10 | start-impl-probe ide-windows=3
2026-05-05 10:43:10 | start-impl-btn doc-scan hwnd=524752 doc-btns=96
2026-05-05 10:43:10 | start-impl-btn window-scan hwnd=524752 total-btns=99
2026-05-05 10:43:10 | start-impl-btn doc-scan hwnd=68592 doc-btns=35
2026-05-05 10:43:10 | start-impl-btn window-scan hwnd=68592 total-btns=38
2026-05-05 10:43:10 | start-impl-btn doc-scan hwnd=199580 doc-btns=42
2026-05-05 10:43:10 | start-impl-btn window-scan hwnd=199580 total-btns=45
2026-05-05 10:43:11 | start-impl-probe ide-windows=3
2026-05-05 10:43:11 | start-impl-btn doc-scan hwnd=524752 doc-btns=96
2026-05-05 10:43:11 | start-impl-btn window-scan hwnd=524752 total-btns=99
2026-05-05 10:43:11 | start-impl-btn doc-scan hwnd=68592 doc-btns=35
2026-05-05 10:43:11 | start-impl-btn window-scan hwnd=68592 total-btns=38
2026-05-05 10:43:11 | start-impl-btn doc-scan hwnd=199580 doc-btns=42
2026-05-05 10:43:11 | start-impl-btn window-scan hwnd=199580 total-btns=45
2026-05-05 10:43:12 | start-impl-probe ide-windows=3
2026-05-05 10:43:12 | start-impl-btn doc-scan hwnd=524752 doc-btns=96
2026-05-05 10:43:12 | start-impl-btn window-scan hwnd=524752 total-btns=99
2026-05-05 10:43:12 | start-impl-btn doc-scan hwnd=68592 doc-btns=35
2026-05-05 10:43:12 | start-impl-btn window-scan hwnd=68592 total-btns=38
2026-05-05 10:43:12 | start-impl-btn doc-scan hwnd=199580 doc-btns=42
2026-05-05 10:43:12 | start-impl-btn window-scan hwnd=199580 total-btns=45
2026-05-05 10:43:12 | start-impl-probe ide-windows=3
2026-05-05 10:43:13 | start-impl-btn doc-scan hwnd=524752 doc-btns=96
2026-05-05 10:43:13 | start-impl-btn window-scan hwnd=524752 total-btns=99
2026-05-05 10:43:13 | start-impl-btn doc-scan hwnd=68592 doc-btns=35
2026-05-05 10:43:13 | start-impl-btn window-scan hwnd=68592 total-btns=38
2026-05-05 10:43:13 | start-impl-btn doc-scan hwnd=199580 doc-btns=42
2026-05-05 10:43:13 | start-impl-btn window-scan hwnd=199580 total-btns=45
2026-05-05 10:43:13 | start-impl-probe ide-windows=3
2026-05-05 10:43:13 | start-impl-btn doc-scan hwnd=524752 doc-btns=96
2026-05-05 10:43:14 | start-impl-btn window-scan hwnd=524752 total-btns=99
2026-05-05 10:43:14 | start-impl-btn doc-scan hwnd=68592 doc-btns=35
2026-05-05 10:43:14 | start-impl-btn window-scan hwnd=68592 total-btns=38
2026-05-05 10:43:14 | start-impl-btn doc-scan hwnd=199580 doc-btns=42
2026-05-05 10:43:14 | start-impl-btn window-scan hwnd=199580 total-btns=45
2026-05-05 10:43:14 | start-impl-probe ide-windows=3
2026-05-05 10:43:14 | start-impl-btn doc-scan hwnd=524752 doc-btns=96
2026-05-05 10:43:14 | start-impl-btn window-scan hwnd=524752 total-btns=99
2026-05-05 10:43:15 | start-impl-btn doc-scan hwnd=68592 doc-btns=35
2026-05-05 10:43:15 | start-impl-btn window-scan hwnd=68592 total-btns=38
2026-05-05 10:43:15 | start-impl-btn doc-scan hwnd=199580 doc-btns=42
2026-05-05 10:43:15 | start-impl-btn window-scan hwnd=199580 total-btns=45
2026-05-05 10:43:15 | start-impl-probe ide-windows=3
2026-05-05 10:43:15 | start-impl-btn doc-scan hwnd=524752 doc-btns=96
2026-05-05 10:43:15 | start-impl-btn window-scan hwnd=524752 total-btns=99
2026-05-05 10:43:15 | start-impl-btn doc-scan hwnd=68592 doc-btns=35
2026-05-05 10:43:15 | start-impl-btn window-scan hwnd=68592 total-btns=38
2026-05-05 10:43:16 | start-impl-btn doc-scan hwnd=199580 doc-btns=42
2026-05-05 10:43:16 | start-impl-btn window-scan hwnd=199580 total-btns=45
2026-05-05 10:43:16 | start-impl-probe ide-windows=3
2026-05-05 10:43:16 | start-impl-btn doc-scan hwnd=524752 doc-btns=96
2026-05-05 10:43:16 | start-impl-btn window-scan hwnd=524752 total-btns=99
2026-05-05 10:43:16 | start-impl-btn window-scan hwnd=68592 total-btns=38
2026-05-05 10:43:16 | start-impl-btn doc-scan hwnd=199580 doc-btns=42
2026-05-05 10:43:16 | start-impl-btn window-scan hwnd=199580 total-btns=45
2026-05-05 10:43:17 | start-impl-probe ide-windows=3
2026-05-05 10:43:17 | start-impl-btn doc-scan hwnd=524752 doc-btns=96
2026-05-05 10:43:17 | start-impl-btn window-scan hwnd=524752 total-btns=99
2026-05-05 10:43:17 | start-impl-btn doc-scan hwnd=68592 doc-btns=35
2026-05-05 10:43:17 | start-impl-btn window-scan hwnd=68592 total-btns=38
2026-05-05 10:43:18 | start-impl-btn doc-scan hwnd=199580 doc-btns=42
2026-05-05 10:43:18 | start-impl-btn window-scan hwnd=199580 total-btns=45
2026-05-05 10:43:18 | start-impl-probe ide-windows=3
2026-05-05 10:43:18 | start-impl-btn doc-scan hwnd=68592 doc-btns=35
2026-05-05 10:43:18 | start-impl-btn window-scan hwnd=68592 total-btns=38
2026-05-05 10:43:18 | start-impl-btn doc-scan hwnd=524752 doc-btns=96
2026-05-05 10:43:18 | start-impl-btn window-scan hwnd=524752 total-btns=99
2026-05-05 10:43:18 | start-impl-btn doc-scan hwnd=199580 doc-btns=42
2026-05-05 10:43:18 | start-impl-btn window-scan hwnd=199580 total-btns=45
2026-05-05 10:43:19 | start-impl-probe ide-windows=3
2026-05-05 10:43:19 | start-impl-btn doc-scan hwnd=68592 doc-btns=35
2026-05-05 10:43:19 | start-impl-btn window-scan hwnd=68592 total-btns=38
2026-05-05 10:43:19 | start-impl-btn doc-scan hwnd=524752 doc-btns=96
2026-05-05 10:43:19 | start-impl-btn window-scan hwnd=524752 total-btns=99
2026-05-05 10:43:19 | start-impl-btn doc-scan hwnd=199580 doc-btns=42
2026-05-05 10:43:19 | start-impl-btn window-scan hwnd=199580 total-btns=45
2026-05-05 10:43:20 | start-impl-probe ide-windows=3
2026-05-05 10:43:20 | start-impl-btn doc-scan hwnd=68592 doc-btns=35
2026-05-05 10:43:20 | start-impl-btn window-scan hwnd=68592 total-btns=38
2026-05-05 10:43:20 | start-impl-btn doc-scan hwnd=524752 doc-btns=96
2026-05-05 10:43:20 | start-impl-btn window-scan hwnd=524752 total-btns=99
2026-05-05 10:43:20 | start-impl-btn doc-scan hwnd=199580 doc-btns=42
2026-05-05 10:43:20 | start-impl-btn window-scan hwnd=199580 total-btns=45
2026-05-05 10:43:21 | start-impl-probe ide-windows=3
2026-05-05 10:43:21 | start-impl-btn doc-scan hwnd=68592 doc-btns=35
2026-05-05 10:43:21 | start-impl-btn window-scan hwnd=68592 total-btns=38
2026-05-05 10:43:21 | start-impl-btn doc-scan hwnd=524752 doc-btns=96
2026-05-05 10:43:21 | start-impl-btn window-scan hwnd=524752 total-btns=99
2026-05-05 10:43:21 | start-impl-btn window-scan hwnd=199580 total-btns=45
2026-05-05 10:43:22 | start-impl-probe ide-windows=3
2026-05-05 10:43:22 | start-impl-btn doc-scan hwnd=68592 doc-btns=35
2026-05-05 10:43:22 | start-impl-btn window-scan hwnd=68592 total-btns=38
2026-05-05 10:43:22 | start-impl-btn doc-scan hwnd=524752 doc-btns=96
2026-05-05 10:43:22 | start-impl-btn window-scan hwnd=524752 total-btns=99
2026-05-05 10:43:22 | start-impl-btn doc-scan hwnd=199580 doc-btns=42
2026-05-05 10:43:22 | start-impl-btn window-scan hwnd=199580 total-btns=45
2026-05-05 10:43:22 | start-impl-probe ide-windows=3
2026-05-05 10:43:23 | start-impl-btn doc-scan hwnd=68592 doc-btns=35
2026-05-05 10:43:23 | start-impl-btn window-scan hwnd=68592 total-btns=38
2026-05-05 10:43:23 | start-impl-btn doc-scan hwnd=524752 doc-btns=96
2026-05-05 10:43:23 | start-impl-btn window-scan hwnd=524752 total-btns=99
2026-05-05 10:43:23 | start-impl-btn doc-scan hwnd=199580 doc-btns=42
2026-05-05 10:43:23 | start-impl-btn window-scan hwnd=199580 total-btns=45
2026-05-05 10:43:23 | start-impl-probe ide-windows=3
2026-05-05 10:43:23 | start-impl-btn doc-scan hwnd=68592 doc-btns=35
2026-05-05 10:43:23 | start-impl-btn window-scan hwnd=68592 total-btns=38
2026-05-05 10:43:24 | start-impl-btn doc-scan hwnd=524752 doc-btns=96
2026-05-05 10:43:24 | start-impl-btn window-scan hwnd=524752 total-btns=99
2026-05-05 10:43:24 | start-impl-btn doc-scan hwnd=199580 doc-btns=42
2026-05-05 10:43:24 | start-impl-btn window-scan hwnd=199580 total-btns=45
2026-05-05 10:43:24 | start-impl-probe ide-windows=3
2026-05-05 10:43:24 | start-impl-btn doc-scan hwnd=68592 doc-btns=35
2026-05-05 10:43:24 | start-impl-btn window-scan hwnd=68592 total-btns=38
2026-05-05 10:43:24 | start-impl-btn doc-scan hwnd=524752 doc-btns=96
2026-05-05 10:43:24 | start-impl-btn window-scan hwnd=524752 total-btns=99
2026-05-05 10:43:25 | start-impl-btn doc-scan hwnd=199580 doc-btns=42
2026-05-05 10:43:25 | start-impl-btn window-scan hwnd=199580 total-btns=45
2026-05-05 10:43:25 | start-impl-probe ide-windows=3
2026-05-05 10:43:25 | start-impl-btn doc-scan hwnd=68592 doc-btns=35
2026-05-05 10:43:25 | start-impl-btn window-scan hwnd=68592 total-btns=38
2026-05-05 10:43:25 | start-impl-btn doc-scan hwnd=524752 doc-btns=96
2026-05-05 10:43:25 | start-impl-btn window-scan hwnd=524752 total-btns=99
2026-05-05 10:43:25 | start-impl-btn doc-scan hwnd=199580 doc-btns=42
2026-05-05 10:43:26 | start-impl-btn window-scan hwnd=199580 total-btns=45
2026-05-05 10:43:26 | start-impl-probe ide-windows=3
2026-05-05 10:43:26 | start-impl-btn window-scan hwnd=68592 total-btns=38
2026-05-05 10:43:26 | start-impl-btn doc-scan hwnd=524752 doc-btns=96
2026-05-05 10:43:26 | start-impl-btn window-scan hwnd=524752 total-btns=99
2026-05-05 10:43:26 | start-impl-btn doc-scan hwnd=199580 doc-btns=42
2026-05-05 10:43:27 | start-impl-btn window-scan hwnd=199580 total-btns=45
2026-05-05 10:43:27 | start-impl-probe ide-windows=3
2026-05-05 10:43:27 | start-impl-btn doc-scan hwnd=68592 doc-btns=35
2026-05-05 10:43:27 | start-impl-btn window-scan hwnd=68592 total-btns=38
2026-05-05 10:43:27 | start-impl-btn doc-scan hwnd=524752 doc-btns=96
2026-05-05 10:43:27 | start-impl-btn window-scan hwnd=524752 total-btns=99
2026-05-05 10:43:27 | start-impl-btn doc-scan hwnd=199580 doc-btns=42
2026-05-05 10:43:27 | start-impl-btn window-scan hwnd=199580 total-btns=45
2026-05-05 10:43:28 | start-impl-probe ide-windows=3
2026-05-05 10:43:28 | start-impl-btn doc-scan hwnd=68592 doc-btns=35
2026-05-05 10:43:28 | start-impl-btn window-scan hwnd=68592 total-btns=38
2026-05-05 10:43:28 | start-impl-btn doc-scan hwnd=524752 doc-btns=96
2026-05-05 10:43:28 | start-impl-btn window-scan hwnd=524752 total-btns=99
2026-05-05 10:43:28 | start-impl-btn doc-scan hwnd=199580 doc-btns=42
2026-05-05 10:43:28 | start-impl-btn window-scan hwnd=199580 total-btns=45
2026-05-05 10:43:29 | start-impl-probe ide-windows=3
2026-05-05 10:43:29 | start-impl-btn doc-scan hwnd=68592 doc-btns=35
2026-05-05 10:43:29 | start-impl-btn window-scan hwnd=68592 total-btns=38
2026-05-05 10:43:29 | start-impl-btn doc-scan hwnd=524752 doc-btns=96
2026-05-05 10:43:29 | start-impl-btn window-scan hwnd=524752 total-btns=99
2026-05-05 10:43:29 | start-impl-btn doc-scan hwnd=199580 doc-btns=42
2026-05-05 10:43:29 | start-impl-btn window-scan hwnd=199580 total-btns=45
2026-05-05 10:43:30 | start-impl-probe ide-windows=3
2026-05-05 10:43:30 | start-impl-btn doc-scan hwnd=68592 doc-btns=35
2026-05-05 10:43:30 | start-impl-btn window-scan hwnd=68592 total-btns=38
2026-05-05 10:43:30 | start-impl-btn doc-scan hwnd=524752 doc-btns=96
2026-05-05 10:43:30 | start-impl-btn window-scan hwnd=524752 total-btns=99
2026-05-05 10:43:30 | start-impl-btn doc-scan hwnd=199580 doc-btns=42
2026-05-05 10:43:30 | start-impl-btn window-scan hwnd=199580 total-btns=45
2026-05-05 10:43:31 | start-impl-probe ide-windows=3
2026-05-05 10:43:31 | start-impl-btn doc-scan hwnd=68592 doc-btns=35
2026-05-05 10:43:31 | start-impl-btn window-scan hwnd=68592 total-btns=38
2026-05-05 10:43:31 | start-impl-btn doc-scan hwnd=524752 doc-btns=96
2026-05-05 10:43:31 | start-impl-btn window-scan hwnd=524752 total-btns=99
2026-05-05 10:43:31 | start-impl-btn doc-scan hwnd=199580 doc-btns=42
2026-05-05 10:43:31 | start-impl-btn window-scan hwnd=199580 total-btns=45
2026-05-05 10:43:32 | start-impl-probe ide-windows=3
2026-05-05 10:43:32 | start-impl-btn doc-scan hwnd=68592 doc-btns=35
2026-05-05 10:43:32 | start-impl-btn window-scan hwnd=68592 total-btns=38
2026-05-05 10:43:32 | start-impl-btn doc-scan hwnd=524752 doc-btns=96
2026-05-05 10:43:32 | start-impl-btn window-scan hwnd=524752 total-btns=99
2026-05-05 10:43:32 | start-impl-btn doc-scan hwnd=199580 doc-btns=42
2026-05-05 10:43:32 | start-impl-btn window-scan hwnd=199580 total-btns=45
2026-05-05 10:43:32 | start-impl-probe ide-windows=3
2026-05-05 10:43:32 | start-impl-btn doc-scan hwnd=68592 doc-btns=35
2026-05-05 10:43:33 | start-impl-btn window-scan hwnd=68592 total-btns=38
2026-05-05 10:43:33 | start-impl-btn doc-scan hwnd=524752 doc-btns=96
2026-05-05 10:43:33 | start-impl-btn window-scan hwnd=524752 total-btns=99
2026-05-05 10:43:33 | start-impl-btn doc-scan hwnd=199580 doc-btns=42
2026-05-05 10:43:33 | start-impl-btn window-scan hwnd=199580 total-btns=45
2026-05-05 10:43:33 | start-impl-probe ide-windows=3
2026-05-05 10:43:33 | start-impl-btn doc-scan hwnd=68592 doc-btns=35
2026-05-05 10:43:33 | start-impl-btn window-scan hwnd=68592 total-btns=38
2026-05-05 10:43:33 | start-impl-btn doc-scan hwnd=524752 doc-btns=96
2026-05-05 10:43:34 | start-impl-btn window-scan hwnd=524752 total-btns=99
2026-05-05 10:43:34 | start-impl-btn doc-scan hwnd=199580 doc-btns=42
2026-05-05 10:43:34 | start-impl-btn window-scan hwnd=199580 total-btns=45
2026-05-05 10:43:34 | start-impl-probe ide-windows=3
2026-05-05 10:43:34 | start-impl-btn doc-scan hwnd=68592 doc-btns=35
2026-05-05 10:43:34 | start-impl-btn window-scan hwnd=68592 total-btns=38
2026-05-05 10:43:34 | start-impl-btn doc-scan hwnd=524752 doc-btns=96
2026-05-05 10:43:34 | start-impl-btn window-scan hwnd=524752 total-btns=99
2026-05-05 10:43:35 | start-impl-btn doc-scan hwnd=199580 doc-btns=42
2026-05-05 10:43:35 | start-impl-btn window-scan hwnd=199580 total-btns=45
2026-05-05 10:43:35 | start-impl-probe ide-windows=3
2026-05-05 10:43:35 | start-impl-btn doc-scan hwnd=68592 doc-btns=35
2026-05-05 10:43:35 | start-impl-btn window-scan hwnd=68592 total-btns=38
2026-05-05 10:43:35 | start-impl-btn doc-scan hwnd=524752 doc-btns=96
2026-05-05 10:43:35 | start-impl-btn window-scan hwnd=524752 total-btns=99
2026-05-05 10:43:35 | start-impl-btn doc-scan hwnd=199580 doc-btns=42
2026-05-05 10:43:35 | start-impl-btn window-scan hwnd=199580 total-btns=45
2026-05-05 10:43:36 | start-impl-probe ide-windows=3
2026-05-05 10:43:36 | start-impl-btn doc-scan hwnd=68592 doc-btns=35
2026-05-05 10:43:36 | start-impl-btn window-scan hwnd=68592 total-btns=38
2026-05-05 10:43:36 | start-impl-btn doc-scan hwnd=524752 doc-btns=96
2026-05-05 10:43:36 | start-impl-btn window-scan hwnd=524752 total-btns=99
2026-05-05 10:43:36 | start-impl-btn doc-scan hwnd=199580 doc-btns=42
2026-05-05 10:43:36 | start-impl-btn window-scan hwnd=199580 total-btns=45
2026-05-05 10:43:37 | start-impl-probe ide-windows=3
2026-05-05 10:43:37 | start-impl-btn doc-scan hwnd=68592 doc-btns=35
2026-05-05 10:43:37 | start-impl-btn window-scan hwnd=68592 total-btns=38
2026-05-05 10:43:37 | start-impl-btn doc-scan hwnd=524752 doc-btns=96
2026-05-05 10:43:37 | start-impl-btn window-scan hwnd=524752 total-btns=99
2026-05-05 10:43:37 | start-impl-btn doc-scan hwnd=199580 doc-btns=42
2026-05-05 10:43:37 | start-impl-btn window-scan hwnd=199580 total-btns=45
2026-05-05 10:43:38 | start-impl-probe ide-windows=3
2026-05-05 10:43:38 | start-impl-btn doc-scan hwnd=68592 doc-btns=35
2026-05-05 10:43:38 | start-impl-btn window-scan hwnd=68592 total-btns=38
2026-05-05 10:43:38 | start-impl-btn doc-scan hwnd=524752 doc-btns=96
2026-05-05 10:43:38 | start-impl-btn window-scan hwnd=524752 total-btns=99
2026-05-05 10:43:38 | start-impl-btn doc-scan hwnd=199580 doc-btns=42
2026-05-05 10:43:38 | start-impl-btn window-scan hwnd=199580 total-btns=45
2026-05-05 10:43:39 | start-impl-probe ide-windows=3
2026-05-05 10:43:39 | start-impl-btn doc-scan hwnd=68592 doc-btns=35
2026-05-05 10:43:39 | start-impl-btn window-scan hwnd=68592 total-btns=38
2026-05-05 10:43:39 | start-impl-btn doc-scan hwnd=524752 doc-btns=96
2026-05-05 10:43:39 | start-impl-btn window-scan hwnd=524752 total-btns=99
2026-05-05 10:43:39 | start-impl-btn doc-scan hwnd=199580 doc-btns=42
2026-05-05 10:43:39 | start-impl-btn window-scan hwnd=199580 total-btns=45
2026-05-05 10:43:40 | start-impl-probe ide-windows=3
2026-05-05 10:43:40 | start-impl-btn doc-scan hwnd=68592 doc-btns=35
2026-05-05 10:43:40 | start-impl-btn window-scan hwnd=68592 total-btns=38
2026-05-05 10:43:40 | start-impl-btn doc-scan hwnd=524752 doc-btns=96
2026-05-05 10:43:40 | start-impl-btn window-scan hwnd=524752 total-btns=99
2026-05-05 10:43:40 | start-impl-btn doc-scan hwnd=199580 doc-btns=42
2026-05-05 10:43:40 | start-impl-btn window-scan hwnd=199580 total-btns=45
2026-05-05 10:43:41 | start-impl-probe ide-windows=3
2026-05-05 10:43:41 | start-impl-btn doc-scan hwnd=68592 doc-btns=35
2026-05-05 10:43:41 | start-impl-btn window-scan hwnd=68592 total-btns=38
2026-05-05 10:43:41 | start-impl-btn doc-scan hwnd=524752 doc-btns=96
2026-05-05 10:43:41 | start-impl-btn window-scan hwnd=524752 total-btns=99
2026-05-05 10:43:41 | start-impl-btn doc-scan hwnd=199580 doc-btns=42
2026-05-05 10:43:41 | start-impl-btn window-scan hwnd=199580 total-btns=45
2026-05-05 10:43:42 | start-impl-probe ide-windows=3
2026-05-05 10:43:42 | start-impl-btn doc-scan hwnd=68592 doc-btns=35
2026-05-05 10:43:42 | start-impl-btn window-scan hwnd=68592 total-btns=38
2026-05-05 10:43:42 | start-impl-btn doc-scan hwnd=524752 doc-btns=96
2026-05-05 10:43:42 | start-impl-btn window-scan hwnd=524752 total-btns=99
2026-05-05 10:43:42 | start-impl-btn doc-scan hwnd=199580 doc-btns=42
2026-05-05 10:43:42 | start-impl-btn window-scan hwnd=199580 total-btns=45
2026-05-05 10:43:42 | start-impl-probe ide-windows=3
2026-05-05 10:43:42 | start-impl-btn doc-scan hwnd=68592 doc-btns=35
2026-05-05 10:43:42 | start-impl-btn window-scan hwnd=68592 total-btns=38
2026-05-05 10:43:43 | start-impl-btn doc-scan hwnd=524752 doc-btns=96
2026-05-05 10:43:43 | start-impl-btn doc-scan hwnd=199580 doc-btns=42
2026-05-05 10:43:43 | start-impl-btn window-scan hwnd=199580 total-btns=45
2026-05-05 10:43:43 | start-impl-probe ide-windows=3
2026-05-05 10:43:43 | start-impl-btn doc-scan hwnd=68592 doc-btns=35
2026-05-05 10:43:43 | start-impl-btn window-scan hwnd=68592 total-btns=38
2026-05-05 10:43:43 | start-impl-btn doc-scan hwnd=524752 doc-btns=96
2026-05-05 10:43:44 | start-impl-btn window-scan hwnd=524752 total-btns=99
2026-05-05 10:43:44 | start-impl-btn doc-scan hwnd=199580 doc-btns=42
2026-05-05 10:43:44 | start-impl-btn window-scan hwnd=199580 total-btns=45
2026-05-05 10:43:44 | start-impl-probe ide-windows=3
2026-05-05 10:43:44 | start-impl-btn doc-scan hwnd=68592 doc-btns=35
2026-05-05 10:43:44 | start-impl-btn window-scan hwnd=68592 total-btns=38
2026-05-05 10:43:44 | start-impl-btn doc-scan hwnd=524752 doc-btns=96
2026-05-05 10:43:44 | start-impl-btn window-scan hwnd=524752 total-btns=99
2026-05-05 10:43:44 | start-impl-btn doc-scan hwnd=199580 doc-btns=42
2026-05-05 10:43:45 | start-impl-btn window-scan hwnd=199580 total-btns=45
2026-05-05 10:43:45 | start-impl-probe ide-windows=3
2026-05-05 10:43:45 | start-impl-btn doc-scan hwnd=68592 doc-btns=35
2026-05-05 10:43:45 | start-impl-btn window-scan hwnd=68592 total-btns=38
2026-05-05 10:43:45 | start-impl-btn doc-scan hwnd=524752 doc-btns=96
2026-05-05 10:43:45 | start-impl-btn window-scan hwnd=524752 total-btns=99
2026-05-05 10:43:45 | start-impl-btn doc-scan hwnd=199580 doc-btns=42
2026-05-05 10:43:46 | start-impl-probe ide-windows=3
2026-05-05 10:43:46 | start-impl-btn doc-scan hwnd=68592 doc-btns=35
2026-05-05 10:43:46 | start-impl-btn window-scan hwnd=68592 total-btns=38
2026-05-05 10:43:46 | start-impl-btn doc-scan hwnd=524752 doc-btns=96
2026-05-05 10:43:46 | start-impl-btn window-scan hwnd=524752 total-btns=99
2026-05-05 10:43:46 | start-impl-btn doc-scan hwnd=199580 doc-btns=42
2026-05-05 10:43:46 | start-impl-btn window-scan hwnd=199580 total-btns=45
2026-05-05 10:43:47 | start-impl-probe ide-windows=3
2026-05-05 10:43:47 | start-impl-btn doc-scan hwnd=68592 doc-btns=35
2026-05-05 10:43:47 | start-impl-btn window-scan hwnd=68592 total-btns=38
2026-05-05 10:43:47 | start-impl-btn doc-scan hwnd=524752 doc-btns=96
2026-05-05 10:43:47 | start-impl-btn window-scan hwnd=524752 total-btns=99
2026-05-05 10:43:47 | start-impl-btn doc-scan hwnd=199580 doc-btns=42
2026-05-05 10:43:47 | start-impl-btn window-scan hwnd=199580 total-btns=45
2026-05-05 10:43:48 | start-impl-probe ide-windows=3
2026-05-05 10:43:48 | start-impl-btn doc-scan hwnd=68592 doc-btns=35
2026-05-05 10:43:48 | start-impl-btn window-scan hwnd=68592 total-btns=38
2026-05-05 10:43:48 | start-impl-btn doc-scan hwnd=524752 doc-btns=96
2026-05-05 10:43:48 | start-impl-btn window-scan hwnd=524752 total-btns=99
2026-05-05 10:43:48 | start-impl-btn doc-scan hwnd=199580 doc-btns=42
2026-05-05 10:43:48 | start-impl-btn window-scan hwnd=199580 total-btns=45
2026-05-05 10:43:49 | start-impl-probe ide-windows=3
2026-05-05 10:43:49 | start-impl-btn doc-scan hwnd=68592 doc-btns=35
2026-05-05 10:43:49 | start-impl-btn window-scan hwnd=68592 total-btns=38
2026-05-05 10:43:49 | start-impl-btn doc-scan hwnd=524752 doc-btns=96
2026-05-05 10:43:49 | start-impl-btn window-scan hwnd=524752 total-btns=99
2026-05-05 10:43:49 | start-impl-btn doc-scan hwnd=199580 doc-btns=42
2026-05-05 10:43:49 | start-impl-btn window-scan hwnd=199580 total-btns=45
2026-05-05 10:43:50 | start-impl-probe ide-windows=3
2026-05-05 10:43:50 | start-impl-btn doc-scan hwnd=68592 doc-btns=35
2026-05-05 10:43:50 | start-impl-btn window-scan hwnd=68592 total-btns=38
2026-05-05 10:43:50 | start-impl-btn doc-scan hwnd=524752 doc-btns=96
2026-05-05 10:43:50 | start-impl-btn window-scan hwnd=524752 total-btns=99
2026-05-05 10:43:50 | start-impl-btn doc-scan hwnd=199580 doc-btns=42
2026-05-05 10:43:50 | start-impl-btn window-scan hwnd=199580 total-btns=45
2026-05-05 10:43:51 | start-impl-probe ide-windows=3
2026-05-05 10:43:51 | start-impl-btn doc-scan hwnd=68592 doc-btns=35
2026-05-05 10:43:51 | start-impl-btn window-scan hwnd=68592 total-btns=38
2026-05-05 10:43:51 | start-impl-btn doc-scan hwnd=524752 doc-btns=96
2026-05-05 10:43:51 | start-impl-btn window-scan hwnd=524752 total-btns=99
2026-05-05 10:43:51 | start-impl-btn doc-scan hwnd=199580 doc-btns=42
2026-05-05 10:43:51 | start-impl-btn window-scan hwnd=199580 total-btns=45
2026-05-05 10:43:51 | start-impl-probe ide-windows=3
2026-05-05 10:43:52 | start-impl-btn doc-scan hwnd=68592 doc-btns=35
2026-05-05 10:43:52 | start-impl-btn window-scan hwnd=68592 total-btns=38
2026-05-05 10:43:52 | start-impl-btn doc-scan hwnd=524752 doc-btns=96
2026-05-05 10:43:52 | start-impl-btn window-scan hwnd=524752 total-btns=99
2026-05-05 10:43:52 | start-impl-btn doc-scan hwnd=199580 doc-btns=42
2026-05-05 10:43:52 | start-impl-btn window-scan hwnd=199580 total-btns=45
2026-05-05 10:43:52 | start-impl-probe ide-windows=3
2026-05-05 10:43:52 | start-impl-btn doc-scan hwnd=68592 doc-btns=35
2026-05-05 10:43:52 | start-impl-btn window-scan hwnd=68592 total-btns=38
2026-05-05 10:43:53 | start-impl-btn doc-scan hwnd=524752 doc-btns=96
2026-05-05 10:43:53 | start-impl-btn window-scan hwnd=524752 total-btns=99
2026-05-05 10:43:53 | start-impl-btn doc-scan hwnd=199580 doc-btns=42
2026-05-05 10:43:53 | start-impl-btn window-scan hwnd=199580 total-btns=45
2026-05-05 10:43:53 | start-impl-probe ide-windows=3
2026-05-05 10:43:53 | start-impl-btn doc-scan hwnd=68592 doc-btns=35
2026-05-05 10:43:53 | start-impl-btn window-scan hwnd=68592 total-btns=38
2026-05-05 10:43:53 | start-impl-btn doc-scan hwnd=524752 doc-btns=96
2026-05-05 10:43:54 | start-impl-btn window-scan hwnd=524752 total-btns=99
2026-05-05 10:43:54 | start-impl-btn doc-scan hwnd=199580 doc-btns=42
2026-05-05 10:43:54 | start-impl-btn window-scan hwnd=199580 total-btns=45
2026-05-05 10:43:54 | start-impl-probe ide-windows=3
2026-05-05 10:43:54 | start-impl-btn doc-scan hwnd=68592 doc-btns=35
2026-05-05 10:43:54 | start-impl-btn window-scan hwnd=68592 total-btns=38
2026-05-05 10:43:54 | start-impl-btn doc-scan hwnd=524752 doc-btns=96
2026-05-05 10:43:54 | start-impl-btn window-scan hwnd=524752 total-btns=99
2026-05-05 10:43:54 | start-impl-btn doc-scan hwnd=199580 doc-btns=42
2026-05-05 10:43:54 | start-impl-btn window-scan hwnd=199580 total-btns=45
2026-05-05 10:43:55 | start-impl-probe ide-windows=3
2026-05-05 10:43:55 | start-impl-btn doc-scan hwnd=68592 doc-btns=35
2026-05-05 10:43:55 | start-impl-btn window-scan hwnd=68592 total-btns=38
2026-05-05 10:43:55 | start-impl-btn doc-scan hwnd=524752 doc-btns=96
2026-05-05 10:43:55 | start-impl-btn window-scan hwnd=524752 total-btns=99
2026-05-05 10:43:55 | start-impl-btn doc-scan hwnd=199580 doc-btns=42
2026-05-05 10:43:55 | start-impl-btn window-scan hwnd=199580 total-btns=45
2026-05-05 10:43:56 | start-impl-probe ide-windows=3
2026-05-05 10:43:56 | start-impl-btn doc-scan hwnd=68592 doc-btns=35
2026-05-05 10:43:56 | start-impl-btn window-scan hwnd=68592 total-btns=38
2026-05-05 10:43:56 | start-impl-btn doc-scan hwnd=524752 doc-btns=96
2026-05-05 10:43:56 | start-impl-btn window-scan hwnd=524752 total-btns=99
2026-05-05 10:43:56 | start-impl-btn doc-scan hwnd=199580 doc-btns=42
2026-05-05 10:43:56 | start-impl-btn window-scan hwnd=199580 total-btns=45
2026-05-05 10:43:57 | start-impl-probe ide-windows=3
2026-05-05 10:43:57 | start-impl-btn doc-scan hwnd=68592 doc-btns=35
2026-05-05 10:43:57 | start-impl-btn window-scan hwnd=68592 total-btns=38
2026-05-05 10:43:57 | start-impl-btn doc-scan hwnd=524752 doc-btns=96
2026-05-05 10:43:57 | start-impl-btn window-scan hwnd=524752 total-btns=99
2026-05-05 10:43:57 | start-impl-btn doc-scan hwnd=199580 doc-btns=42
2026-05-05 10:43:57 | start-impl-btn window-scan hwnd=199580 total-btns=45
2026-05-05 10:43:58 | start-impl-probe ide-windows=3
2026-05-05 10:43:58 | start-impl-btn doc-scan hwnd=68592 doc-btns=35
2026-05-05 10:43:58 | start-impl-btn window-scan hwnd=68592 total-btns=38
2026-05-05 10:43:58 | start-impl-btn doc-scan hwnd=524752 doc-btns=96
2026-05-05 10:43:58 | start-impl-btn window-scan hwnd=524752 total-btns=99
2026-05-05 10:43:58 | start-impl-btn doc-scan hwnd=199580 doc-btns=42
2026-05-05 10:43:58 | start-impl-btn window-scan hwnd=199580 total-btns=45
2026-05-05 10:43:59 | start-impl-probe ide-windows=3
2026-05-05 10:43:59 | start-impl-btn doc-scan hwnd=68592 doc-btns=35
2026-05-05 10:43:59 | start-impl-btn window-scan hwnd=68592 total-btns=38
2026-05-05 10:43:59 | start-impl-btn doc-scan hwnd=524752 doc-btns=96
2026-05-05 10:43:59 | start-impl-btn window-scan hwnd=524752 total-btns=99
2026-05-05 10:43:59 | start-impl-btn doc-scan hwnd=199580 doc-btns=42
2026-05-05 10:43:59 | start-impl-btn window-scan hwnd=199580 total-btns=45
2026-05-05 10:44:00 | start-impl-probe ide-windows=3
2026-05-05 10:44:00 | start-impl-btn doc-scan hwnd=68592 doc-btns=35
2026-05-05 10:44:00 | start-impl-btn window-scan hwnd=68592 total-btns=38
2026-05-05 10:44:00 | start-impl-btn doc-scan hwnd=524752 doc-btns=96
2026-05-05 10:44:00 | start-impl-btn window-scan hwnd=524752 total-btns=99
2026-05-05 10:44:00 | start-impl-btn doc-scan hwnd=199580 doc-btns=42
2026-05-05 10:44:00 | start-impl-btn window-scan hwnd=199580 total-btns=45
2026-05-05 10:44:01 | start-impl-probe ide-windows=3
2026-05-05 10:44:01 | start-impl-btn doc-scan hwnd=68592 doc-btns=35
2026-05-05 10:44:01 | start-impl-btn window-scan hwnd=68592 total-btns=38
2026-05-05 10:44:01 | start-impl-btn doc-scan hwnd=524752 doc-btns=96
2026-05-05 10:44:01 | start-impl-btn window-scan hwnd=524752 total-btns=99
2026-05-05 10:44:01 | start-impl-btn doc-scan hwnd=199580 doc-btns=42
2026-05-05 10:44:01 | start-impl-btn window-scan hwnd=199580 total-btns=45
2026-05-05 10:44:01 | start-impl-probe ide-windows=3
2026-05-05 10:44:01 | start-impl-btn doc-scan hwnd=68592 doc-btns=35
2026-05-05 10:44:02 | start-impl-btn window-scan hwnd=68592 total-btns=38
2026-05-05 10:44:02 | start-impl-btn doc-scan hwnd=524752 doc-btns=96
2026-05-05 10:44:02 | start-impl-btn window-scan hwnd=524752 total-btns=99
2026-05-05 10:44:02 | start-impl-btn doc-scan hwnd=199580 doc-btns=42
2026-05-05 10:44:02 | start-impl-btn window-scan hwnd=199580 total-btns=45
2026-05-05 10:44:02 | start-impl-probe ide-windows=3
2026-05-05 10:44:02 | start-impl-btn doc-scan hwnd=68592 doc-btns=35
2026-05-05 10:44:02 | start-impl-btn window-scan hwnd=68592 total-btns=38
2026-05-05 10:44:02 | start-impl-btn doc-scan hwnd=524752 doc-btns=96
2026-05-05 10:44:03 | start-impl-btn window-scan hwnd=524752 total-btns=99
2026-05-05 10:44:03 | start-impl-btn doc-scan hwnd=199580 doc-btns=42
2026-05-05 10:44:03 | start-impl-btn window-scan hwnd=199580 total-btns=45
2026-05-05 10:44:03 | start-impl-probe ide-windows=3
2026-05-05 10:44:03 | start-impl-btn doc-scan hwnd=68592 doc-btns=35
2026-05-05 10:44:03 | start-impl-btn window-scan hwnd=68592 total-btns=38
2026-05-05 10:44:03 | start-impl-btn doc-scan hwnd=524752 doc-btns=96
2026-05-05 10:44:03 | start-impl-btn window-scan hwnd=524752 total-btns=99
2026-05-05 10:44:04 | start-impl-btn doc-scan hwnd=199580 doc-btns=42
2026-05-05 10:44:04 | start-impl-btn window-scan hwnd=199580 total-btns=45
2026-05-05 10:44:04 | start-impl-probe ide-windows=3
2026-05-05 10:44:04 | start-impl-btn doc-scan hwnd=68592 doc-btns=35
2026-05-05 10:44:04 | start-impl-btn window-scan hwnd=68592 total-btns=38
2026-05-05 10:44:04 | start-impl-btn doc-scan hwnd=524752 doc-btns=96
2026-05-05 10:44:04 | start-impl-btn window-scan hwnd=524752 total-btns=99
2026-05-05 10:44:04 | start-impl-btn doc-scan hwnd=199580 doc-btns=42
2026-05-05 10:44:04 | start-impl-btn window-scan hwnd=199580 total-btns=45
2026-05-05 10:44:05 | start-impl-probe ide-windows=3
2026-05-05 10:44:05 | start-impl-btn doc-scan hwnd=68592 doc-btns=35
2026-05-05 10:44:05 | start-impl-btn window-scan hwnd=68592 total-btns=38
2026-05-05 10:44:05 | start-impl-btn doc-scan hwnd=524752 doc-btns=96
2026-05-05 10:44:05 | start-impl-btn window-scan hwnd=524752 total-btns=99
2026-05-05 10:44:05 | start-impl-btn doc-scan hwnd=199580 doc-btns=42
2026-05-05 10:44:05 | start-impl-btn window-scan hwnd=199580 total-btns=45
2026-05-05 10:44:06 | start-impl-probe ide-windows=3
2026-05-05 10:44:06 | start-impl-btn doc-scan hwnd=68592 doc-btns=35
2026-05-05 10:44:06 | start-impl-btn window-scan hwnd=68592 total-btns=38
2026-05-05 10:44:06 | start-impl-btn doc-scan hwnd=524752 doc-btns=96
2026-05-05 10:44:06 | start-impl-btn window-scan hwnd=524752 total-btns=99
2026-05-05 10:44:06 | start-impl-btn doc-scan hwnd=199580 doc-btns=42
2026-05-05 10:44:06 | start-impl-btn window-scan hwnd=199580 total-btns=45
2026-05-05 10:44:07 | start-impl-probe ide-windows=3
2026-05-05 10:44:07 | start-impl-btn doc-scan hwnd=68592 doc-btns=35
2026-05-05 10:44:07 | start-impl-btn window-scan hwnd=68592 total-btns=38
2026-05-05 10:44:07 | start-impl-btn doc-scan hwnd=524752 doc-btns=96
2026-05-05 10:44:07 | start-impl-btn window-scan hwnd=524752 total-btns=99
2026-05-05 10:44:07 | start-impl-btn doc-scan hwnd=199580 doc-btns=42
2026-05-05 10:44:07 | start-impl-btn window-scan hwnd=199580 total-btns=45
2026-05-05 10:44:08 | start-impl-probe ide-windows=3
2026-05-05 10:44:08 | start-impl-btn doc-scan hwnd=68592 doc-btns=35
2026-05-05 10:44:08 | start-impl-btn window-scan hwnd=68592 total-btns=38
2026-05-05 10:44:08 | start-impl-btn doc-scan hwnd=524752 doc-btns=96
2026-05-05 10:44:08 | start-impl-btn doc-scan hwnd=199580 doc-btns=42
2026-05-05 10:44:08 | start-impl-btn window-scan hwnd=199580 total-btns=45
2026-05-05 10:44:09 | start-impl-probe ide-windows=3
2026-05-05 10:44:09 | start-impl-btn doc-scan hwnd=68592 doc-btns=35
2026-05-05 10:44:09 | start-impl-btn window-scan hwnd=68592 total-btns=38
2026-05-05 10:44:09 | start-impl-btn doc-scan hwnd=524752 doc-btns=96
2026-05-05 10:44:09 | start-impl-btn window-scan hwnd=524752 total-btns=99
2026-05-05 10:44:09 | start-impl-btn doc-scan hwnd=199580 doc-btns=42
2026-05-05 10:44:09 | start-impl-btn window-scan hwnd=199580 total-btns=45
2026-05-05 10:44:10 | start-impl-probe ide-windows=3
2026-05-05 10:44:10 | start-impl-btn doc-scan hwnd=68592 doc-btns=35
2026-05-05 10:44:10 | start-impl-btn window-scan hwnd=68592 total-btns=38
2026-05-05 10:44:10 | start-impl-btn doc-scan hwnd=524752 doc-btns=96
2026-05-05 10:44:10 | start-impl-btn window-scan hwnd=524752 total-btns=99
2026-05-05 10:44:10 | start-impl-btn doc-scan hwnd=199580 doc-btns=42
2026-05-05 10:44:10 | start-impl-btn window-scan hwnd=199580 total-btns=45
2026-05-05 10:44:11 | start-impl-probe ide-windows=3
2026-05-05 10:44:11 | start-impl-btn doc-scan hwnd=68592 doc-btns=35
2026-05-05 10:44:11 | start-impl-btn doc-scan hwnd=524752 doc-btns=96
2026-05-05 10:44:11 | start-impl-btn window-scan hwnd=524752 total-btns=99
2026-05-05 10:44:11 | start-impl-btn doc-scan hwnd=199580 doc-btns=42
2026-05-05 10:44:11 | start-impl-btn window-scan hwnd=199580 total-btns=45
2026-05-05 10:44:11 | start-impl-probe ide-windows=3
2026-05-05 10:44:11 | start-impl-btn doc-scan hwnd=68592 doc-btns=35
2026-05-05 10:44:11 | start-impl-btn window-scan hwnd=68592 total-btns=38
2026-05-05 10:44:12 | start-impl-btn doc-scan hwnd=524752 doc-btns=96
2026-05-05 10:44:12 | start-impl-btn window-scan hwnd=524752 total-btns=99
2026-05-05 10:44:12 | start-impl-btn doc-scan hwnd=199580 doc-btns=42
2026-05-05 10:44:12 | start-impl-btn window-scan hwnd=199580 total-btns=45
2026-05-05 10:44:12 | start-impl-probe ide-windows=3
2026-05-05 10:44:12 | start-impl-btn doc-scan hwnd=68592 doc-btns=35
2026-05-05 10:44:12 | start-impl-btn window-scan hwnd=68592 total-btns=38
2026-05-05 10:44:12 | start-impl-btn doc-scan hwnd=524752 doc-btns=96
2026-05-05 10:44:12 | start-impl-btn window-scan hwnd=524752 total-btns=99
2026-05-05 10:44:13 | start-impl-btn doc-scan hwnd=199580 doc-btns=42
2026-05-05 10:44:13 | start-impl-btn window-scan hwnd=199580 total-btns=45
2026-05-05 10:44:13 | start-impl-probe ide-windows=3
2026-05-05 10:44:13 | start-impl-btn doc-scan hwnd=68592 doc-btns=35
2026-05-05 10:44:13 | start-impl-btn window-scan hwnd=68592 total-btns=38
2026-05-05 10:44:14 | start-impl-btn doc-scan hwnd=524752 doc-btns=96
2026-05-05 10:44:14 | start-impl-btn window-scan hwnd=524752 total-btns=99
2026-05-05 10:44:14 | start-impl-btn doc-scan hwnd=199580 doc-btns=42
2026-05-05 10:44:14 | start-impl-btn window-scan hwnd=199580 total-btns=45
2026-05-05 10:44:14 | start-impl-probe ide-windows=3
2026-05-05 10:44:14 | start-impl-btn doc-scan hwnd=68592 doc-btns=35
2026-05-05 10:44:14 | start-impl-btn window-scan hwnd=68592 total-btns=38
2026-05-05 10:44:14 | start-impl-btn doc-scan hwnd=524752 doc-btns=96
2026-05-05 10:44:14 | start-impl-btn window-scan hwnd=524752 total-btns=99
2026-05-05 10:44:14 | start-impl-btn doc-scan hwnd=199580 doc-btns=42
2026-05-05 10:44:15 | start-impl-btn window-scan hwnd=199580 total-btns=45
2026-05-05 10:44:15 | start-impl-probe ide-windows=3
2026-05-05 10:44:15 | start-impl-btn doc-scan hwnd=68592 doc-btns=35
2026-05-05 10:44:15 | start-impl-btn window-scan hwnd=68592 total-btns=38
2026-05-05 10:44:15 | start-impl-btn doc-scan hwnd=524752 doc-btns=96
2026-05-05 10:44:15 | start-impl-btn window-scan hwnd=524752 total-btns=99
2026-05-05 10:44:15 | start-impl-btn doc-scan hwnd=199580 doc-btns=42
2026-05-05 10:44:15 | start-impl-btn window-scan hwnd=199580 total-btns=45
2026-05-05 10:44:16 | start-impl-probe ide-windows=3
2026-05-05 10:44:16 | start-impl-btn doc-scan hwnd=68592 doc-btns=35
2026-05-05 10:44:16 | start-impl-btn window-scan hwnd=68592 total-btns=38
2026-05-05 10:44:16 | start-impl-btn doc-scan hwnd=524752 doc-btns=96
2026-05-05 10:44:16 | start-impl-btn window-scan hwnd=524752 total-btns=99
2026-05-05 10:44:16 | start-impl-btn doc-scan hwnd=199580 doc-btns=42
2026-05-05 10:44:16 | start-impl-btn window-scan hwnd=199580 total-btns=45
2026-05-05 10:44:17 | start-impl-probe ide-windows=3
2026-05-05 10:44:17 | start-impl-btn doc-scan hwnd=68592 doc-btns=35
2026-05-05 10:44:17 | start-impl-btn window-scan hwnd=68592 total-btns=38
2026-05-05 10:44:17 | start-impl-btn doc-scan hwnd=524752 doc-btns=96
2026-05-05 10:44:17 | start-impl-btn window-scan hwnd=524752 total-btns=99
2026-05-05 10:44:17 | start-impl-btn doc-scan hwnd=199580 doc-btns=42
2026-05-05 10:44:17 | start-impl-btn window-scan hwnd=199580 total-btns=45
2026-05-05 10:44:18 | start-impl-probe ide-windows=3
2026-05-05 10:44:18 | start-impl-btn doc-scan hwnd=68592 doc-btns=35
2026-05-05 10:44:18 | start-impl-btn window-scan hwnd=68592 total-btns=38
2026-05-05 10:44:18 | start-impl-btn doc-scan hwnd=524752 doc-btns=96
2026-05-05 10:44:18 | start-impl-btn window-scan hwnd=524752 total-btns=99
2026-05-05 10:44:18 | start-impl-btn doc-scan hwnd=199580 doc-btns=42
2026-05-05 10:44:18 | start-impl-btn window-scan hwnd=199580 total-btns=45
2026-05-05 10:44:19 | start-impl-probe ide-windows=3
2026-05-05 10:44:19 | start-impl-btn doc-scan hwnd=68592 doc-btns=35
2026-05-05 10:44:19 | start-impl-btn window-scan hwnd=68592 total-btns=38
2026-05-05 10:44:19 | start-impl-btn doc-scan hwnd=524752 doc-btns=96
2026-05-05 10:44:19 | start-impl-btn window-scan hwnd=524752 total-btns=99
2026-05-05 10:44:19 | start-impl-btn doc-scan hwnd=199580 doc-btns=42
2026-05-05 10:44:19 | start-impl-btn window-scan hwnd=199580 total-btns=45
2026-05-05 10:44:20 | start-impl-probe ide-windows=3
2026-05-05 10:44:20 | start-impl-btn doc-scan hwnd=68592 doc-btns=35
2026-05-05 10:44:20 | start-impl-btn window-scan hwnd=68592 total-btns=38
2026-05-05 10:44:20 | start-impl-btn doc-scan hwnd=524752 doc-btns=96
2026-05-05 10:44:20 | start-impl-btn window-scan hwnd=524752 total-btns=99
2026-05-05 10:44:20 | start-impl-btn doc-scan hwnd=199580 doc-btns=42
2026-05-05 10:44:20 | start-impl-btn window-scan hwnd=199580 total-btns=45
2026-05-05 10:44:20 | start-impl-probe ide-windows=3
2026-05-05 10:44:21 | start-impl-btn doc-scan hwnd=68592 doc-btns=35
2026-05-05 10:44:21 | start-impl-btn window-scan hwnd=68592 total-btns=38
2026-05-05 10:44:21 | start-impl-btn doc-scan hwnd=524752 doc-btns=96
2026-05-05 10:44:21 | start-impl-btn window-scan hwnd=524752 total-btns=99
2026-05-05 10:44:21 | start-impl-btn doc-scan hwnd=199580 doc-btns=42
2026-05-05 10:44:21 | start-impl-btn window-scan hwnd=199580 total-btns=45
2026-05-05 10:44:21 | start-impl-probe ide-windows=3
2026-05-05 10:44:21 | start-impl-btn doc-scan hwnd=68592 doc-btns=35
2026-05-05 10:44:21 | start-impl-btn window-scan hwnd=68592 total-btns=38
2026-05-05 10:44:21 | start-impl-btn doc-scan hwnd=524752 doc-btns=96
2026-05-05 10:44:22 | start-impl-btn window-scan hwnd=524752 total-btns=99
2026-05-05 10:44:22 | start-impl-btn doc-scan hwnd=199580 doc-btns=42
2026-05-05 10:44:22 | start-impl-btn window-scan hwnd=199580 total-btns=45
2026-05-05 10:44:22 | start-impl-probe ide-windows=3
2026-05-05 10:44:22 | start-impl-btn doc-scan hwnd=68592 doc-btns=35
2026-05-05 10:44:22 | start-impl-btn window-scan hwnd=68592 total-btns=38
2026-05-05 10:44:22 | start-impl-btn doc-scan hwnd=524752 doc-btns=96
2026-05-05 10:44:22 | start-impl-btn window-scan hwnd=524752 total-btns=99
2026-05-05 10:44:22 | start-impl-btn doc-scan hwnd=199580 doc-btns=42
2026-05-05 10:44:22 | start-impl-btn window-scan hwnd=199580 total-btns=45
2026-05-05 10:44:23 | start-impl-probe ide-windows=3
2026-05-05 10:44:23 | start-impl-btn doc-scan hwnd=68592 doc-btns=35
2026-05-05 10:44:23 | start-impl-btn window-scan hwnd=68592 total-btns=38
2026-05-05 10:44:23 | start-impl-btn doc-scan hwnd=524752 doc-btns=96
2026-05-05 10:44:23 | start-impl-btn window-scan hwnd=524752 total-btns=99
2026-05-05 10:44:23 | start-impl-btn doc-scan hwnd=199580 doc-btns=42
2026-05-05 10:44:23 | start-impl-btn window-scan hwnd=199580 total-btns=45
2026-05-05 10:44:24 | start-impl-probe ide-windows=3
2026-05-05 10:44:24 | start-impl-btn doc-scan hwnd=68592 doc-btns=35
2026-05-05 10:44:24 | start-impl-btn window-scan hwnd=68592 total-btns=38
2026-05-05 10:44:24 | start-impl-btn doc-scan hwnd=524752 doc-btns=96
2026-05-05 10:44:24 | start-impl-btn window-scan hwnd=524752 total-btns=99
2026-05-05 10:44:24 | start-impl-btn doc-scan hwnd=199580 doc-btns=42
2026-05-05 10:44:24 | start-impl-btn window-scan hwnd=199580 total-btns=45
2026-05-05 10:44:25 | start-impl-probe ide-windows=3
2026-05-05 10:44:25 | start-impl-btn doc-scan hwnd=68592 doc-btns=35
2026-05-05 10:44:25 | start-impl-btn window-scan hwnd=68592 total-btns=38
2026-05-05 10:44:25 | start-impl-btn doc-scan hwnd=524752 doc-btns=96
2026-05-05 10:44:25 | start-impl-btn window-scan hwnd=524752 total-btns=99
2026-05-05 10:44:25 | start-impl-btn doc-scan hwnd=199580 doc-btns=42
2026-05-05 10:44:25 | start-impl-btn window-scan hwnd=199580 total-btns=45
2026-05-05 10:44:26 | start-impl-probe ide-windows=3
2026-05-05 10:44:26 | start-impl-btn doc-scan hwnd=68592 doc-btns=35
2026-05-05 10:44:26 | start-impl-btn window-scan hwnd=68592 total-btns=38
2026-05-05 10:44:26 | start-impl-btn doc-scan hwnd=524752 doc-btns=96
2026-05-05 10:44:26 | start-impl-btn window-scan hwnd=524752 total-btns=99
2026-05-05 10:44:26 | start-impl-btn doc-scan hwnd=199580 doc-btns=42
2026-05-05 10:44:26 | start-impl-btn window-scan hwnd=199580 total-btns=45
2026-05-05 10:44:27 | start-impl-probe ide-windows=3
2026-05-05 10:44:27 | start-impl-btn doc-scan hwnd=68592 doc-btns=35
2026-05-05 10:44:27 | start-impl-btn window-scan hwnd=68592 total-btns=38
2026-05-05 10:44:27 | start-impl-btn doc-scan hwnd=524752 doc-btns=96
2026-05-05 10:44:27 | start-impl-btn window-scan hwnd=524752 total-btns=99
2026-05-05 10:44:27 | start-impl-btn doc-scan hwnd=199580 doc-btns=42
2026-05-05 10:44:27 | start-impl-btn window-scan hwnd=199580 total-btns=45
2026-05-05 10:44:28 | start-impl-probe ide-windows=3
2026-05-05 10:44:28 | start-impl-btn doc-scan hwnd=68592 doc-btns=35
2026-05-05 10:44:28 | start-impl-btn window-scan hwnd=68592 total-btns=38
2026-05-05 10:44:28 | start-impl-btn doc-scan hwnd=524752 doc-btns=96
2026-05-05 10:44:28 | start-impl-btn window-scan hwnd=524752 total-btns=99
2026-05-05 10:44:28 | start-impl-btn doc-scan hwnd=199580 doc-btns=42
2026-05-05 10:44:28 | start-impl-btn window-scan hwnd=199580 total-btns=45
2026-05-05 10:44:29 | start-impl-probe ide-windows=3
2026-05-05 10:44:29 | start-impl-btn doc-scan hwnd=68592 doc-btns=35
2026-05-05 10:44:29 | start-impl-btn window-scan hwnd=68592 total-btns=38
2026-05-05 10:44:29 | start-impl-btn doc-scan hwnd=524752 doc-btns=96
2026-05-05 10:44:29 | start-impl-btn window-scan hwnd=524752 total-btns=99
2026-05-05 10:44:29 | start-impl-btn doc-scan hwnd=199580 doc-btns=42
2026-05-05 10:44:29 | start-impl-btn window-scan hwnd=199580 total-btns=45
2026-05-05 10:44:30 | start-impl-probe ide-windows=3
2026-05-05 10:44:30 | start-impl-btn doc-scan hwnd=68592 doc-btns=35
2026-05-05 10:44:30 | start-impl-btn window-scan hwnd=68592 total-btns=38
2026-05-05 10:44:30 | start-impl-btn doc-scan hwnd=524752 doc-btns=96
2026-05-05 10:44:30 | start-impl-btn window-scan hwnd=524752 total-btns=99
2026-05-05 10:44:30 | start-impl-btn doc-scan hwnd=199580 doc-btns=42
2026-05-05 10:44:30 | start-impl-btn window-scan hwnd=199580 total-btns=45
2026-05-05 10:44:30 | start-impl-probe ide-windows=3
2026-05-05 10:44:31 | start-impl-btn doc-scan hwnd=68592 doc-btns=35
2026-05-05 10:44:31 | start-impl-btn window-scan hwnd=68592 total-btns=38
2026-05-05 10:44:31 | start-impl-btn doc-scan hwnd=524752 doc-btns=96
2026-05-05 10:44:31 | start-impl-btn window-scan hwnd=524752 total-btns=99
2026-05-05 10:44:31 | start-impl-btn doc-scan hwnd=199580 doc-btns=42
2026-05-05 10:44:31 | start-impl-btn window-scan hwnd=199580 total-btns=45
2026-05-05 10:44:31 | start-impl-probe ide-windows=3
2026-05-05 10:44:31 | start-impl-btn doc-scan hwnd=68592 doc-btns=35
2026-05-05 10:44:31 | start-impl-btn window-scan hwnd=68592 total-btns=38
2026-05-05 10:44:32 | start-impl-btn doc-scan hwnd=524752 doc-btns=96
2026-05-05 10:44:32 | start-impl-btn window-scan hwnd=524752 total-btns=99
2026-05-05 10:44:32 | start-impl-btn doc-scan hwnd=199580 doc-btns=42
2026-05-05 10:44:32 | start-impl-btn window-scan hwnd=199580 total-btns=45
2026-05-05 10:44:32 | start-impl-probe ide-windows=3
2026-05-05 10:44:32 | start-impl-btn doc-scan hwnd=68592 doc-btns=35
2026-05-05 10:44:32 | start-impl-btn window-scan hwnd=68592 total-btns=38
2026-05-05 10:44:32 | start-impl-btn doc-scan hwnd=524752 doc-btns=96
2026-05-05 10:44:32 | start-impl-btn window-scan hwnd=524752 total-btns=99
2026-05-05 10:44:32 | start-impl-btn doc-scan hwnd=199580 doc-btns=42
2026-05-05 10:44:32 | start-impl-btn window-scan hwnd=199580 total-btns=45
2026-05-05 10:44:33 | start-impl-probe ide-windows=3
2026-05-05 10:44:33 | start-impl-btn doc-scan hwnd=68592 doc-btns=35
2026-05-05 10:44:33 | start-impl-btn window-scan hwnd=68592 total-btns=38
2026-05-05 10:44:33 | start-impl-btn doc-scan hwnd=524752 doc-btns=96
2026-05-05 10:44:33 | start-impl-btn window-scan hwnd=524752 total-btns=99
2026-05-05 10:44:33 | start-impl-btn doc-scan hwnd=199580 doc-btns=42
2026-05-05 10:44:33 | start-impl-btn window-scan hwnd=199580 total-btns=45
2026-05-05 10:44:34 | start-impl-probe ide-windows=3
2026-05-05 10:44:34 | start-impl-btn doc-scan hwnd=68592 doc-btns=35
2026-05-05 10:44:34 | start-impl-btn window-scan hwnd=68592 total-btns=38
2026-05-05 10:44:34 | start-impl-btn doc-scan hwnd=524752 doc-btns=96
2026-05-05 10:44:34 | start-impl-btn window-scan hwnd=524752 total-btns=99
2026-05-05 10:44:34 | start-impl-btn doc-scan hwnd=199580 doc-btns=42
2026-05-05 10:44:34 | start-impl-btn window-scan hwnd=199580 total-btns=45
2026-05-05 10:44:35 | start-impl-probe ide-windows=3
2026-05-05 10:44:35 | start-impl-btn doc-scan hwnd=68592 doc-btns=35
2026-05-05 10:44:35 | start-impl-btn window-scan hwnd=68592 total-btns=38
2026-05-05 10:44:35 | start-impl-btn doc-scan hwnd=524752 doc-btns=96
2026-05-05 10:44:35 | start-impl-btn window-scan hwnd=524752 total-btns=99
2026-05-05 10:44:35 | start-impl-btn doc-scan hwnd=199580 doc-btns=42
2026-05-05 10:44:35 | start-impl-btn window-scan hwnd=199580 total-btns=45
2026-05-05 10:44:36 | start-impl-probe ide-windows=3
2026-05-05 10:44:36 | start-impl-btn doc-scan hwnd=68592 doc-btns=35
2026-05-05 10:44:36 | start-impl-btn window-scan hwnd=68592 total-btns=38
2026-05-05 10:44:36 | start-impl-btn doc-scan hwnd=524752 doc-btns=96
2026-05-05 10:44:36 | start-impl-btn window-scan hwnd=524752 total-btns=99
2026-05-05 10:44:36 | start-impl-btn doc-scan hwnd=199580 doc-btns=42
2026-05-05 10:44:36 | start-impl-btn window-scan hwnd=199580 total-btns=45
2026-05-05 10:44:37 | start-impl-probe ide-windows=3
2026-05-05 10:44:37 | start-impl-btn doc-scan hwnd=68592 doc-btns=35
2026-05-05 10:44:37 | start-impl-btn window-scan hwnd=68592 total-btns=38
2026-05-05 10:44:37 | start-impl-btn doc-scan hwnd=524752 doc-btns=96
2026-05-05 10:44:37 | start-impl-btn window-scan hwnd=524752 total-btns=99
2026-05-05 10:44:37 | start-impl-btn doc-scan hwnd=199580 doc-btns=42
2026-05-05 10:44:37 | start-impl-btn window-scan hwnd=199580 total-btns=45
2026-05-05 10:44:38 | start-impl-probe ide-windows=3
2026-05-05 10:44:38 | start-impl-btn doc-scan hwnd=68592 doc-btns=35
2026-05-05 10:44:38 | start-impl-btn window-scan hwnd=68592 total-btns=38
2026-05-05 10:44:38 | start-impl-btn doc-scan hwnd=524752 doc-btns=96
2026-05-05 10:44:38 | start-impl-btn window-scan hwnd=524752 total-btns=99
2026-05-05 10:44:38 | start-impl-btn doc-scan hwnd=199580 doc-btns=42
2026-05-05 10:44:38 | start-impl-btn window-scan hwnd=199580 total-btns=45
2026-05-05 10:44:39 | start-impl-probe ide-windows=3
2026-05-05 10:44:39 | start-impl-btn doc-scan hwnd=68592 doc-btns=35
2026-05-05 10:44:39 | start-impl-btn window-scan hwnd=68592 total-btns=38
2026-05-05 10:44:39 | start-impl-btn doc-scan hwnd=524752 doc-btns=96
2026-05-05 10:44:39 | start-impl-btn window-scan hwnd=524752 total-btns=99
2026-05-05 10:44:39 | start-impl-btn doc-scan hwnd=199580 doc-btns=42
2026-05-05 10:44:39 | start-impl-btn window-scan hwnd=199580 total-btns=45
2026-05-05 10:44:40 | start-impl-probe ide-windows=3
2026-05-05 10:44:40 | start-impl-btn doc-scan hwnd=68592 doc-btns=35
2026-05-05 10:44:40 | start-impl-btn window-scan hwnd=68592 total-btns=38
2026-05-05 10:44:40 | start-impl-btn doc-scan hwnd=524752 doc-btns=96
2026-05-05 10:44:40 | start-impl-btn window-scan hwnd=524752 total-btns=99
2026-05-05 10:44:40 | start-impl-btn doc-scan hwnd=199580 doc-btns=42
2026-05-05 10:44:40 | start-impl-btn window-scan hwnd=199580 total-btns=45
2026-05-05 10:44:41 | start-impl-probe ide-windows=3
2026-05-05 10:44:41 | start-impl-btn doc-scan hwnd=68592 doc-btns=35
2026-05-05 10:44:41 | start-impl-btn window-scan hwnd=68592 total-btns=38
2026-05-05 10:44:41 | start-impl-btn doc-scan hwnd=524752 doc-btns=96
2026-05-05 10:44:41 | start-impl-btn window-scan hwnd=524752 total-btns=99
2026-05-05 10:44:41 | start-impl-btn doc-scan hwnd=199580 doc-btns=42
2026-05-05 10:44:41 | start-impl-btn window-scan hwnd=199580 total-btns=45
2026-05-05 10:44:42 | start-impl-probe ide-windows=3
2026-05-05 10:44:42 | start-impl-btn doc-scan hwnd=68592 doc-btns=35
2026-05-05 10:44:42 | start-impl-btn window-scan hwnd=68592 total-btns=38
2026-05-05 10:44:42 | start-impl-btn doc-scan hwnd=524752 doc-btns=96
2026-05-05 10:44:42 | start-impl-btn window-scan hwnd=524752 total-btns=99
2026-05-05 10:44:42 | start-impl-btn doc-scan hwnd=199580 doc-btns=42
2026-05-05 10:44:42 | start-impl-btn window-scan hwnd=199580 total-btns=45
2026-05-05 10:44:43 | start-impl-probe ide-windows=3
2026-05-05 10:44:43 | start-impl-btn doc-scan hwnd=68592 doc-btns=35
2026-05-05 10:44:43 | start-impl-btn window-scan hwnd=68592 total-btns=38
2026-05-05 10:44:43 | start-impl-btn doc-scan hwnd=524752 doc-btns=96
2026-05-05 10:44:43 | start-impl-btn window-scan hwnd=524752 total-btns=99
2026-05-05 10:44:43 | start-impl-btn doc-scan hwnd=199580 doc-btns=42
2026-05-05 10:44:43 | start-impl-btn window-scan hwnd=199580 total-btns=45
2026-05-05 10:44:43 | start-impl-probe ide-windows=3
2026-05-05 10:44:44 | start-impl-btn doc-scan hwnd=68592 doc-btns=35
2026-05-05 10:44:44 | start-impl-btn window-scan hwnd=68592 total-btns=38
2026-05-05 10:44:44 | start-impl-btn doc-scan hwnd=524752 doc-btns=96
2026-05-05 10:44:44 | start-impl-btn window-scan hwnd=524752 total-btns=99
2026-05-05 10:44:44 | start-impl-btn doc-scan hwnd=199580 doc-btns=42
2026-05-05 10:44:44 | start-impl-btn window-scan hwnd=199580 total-btns=45
2026-05-05 10:44:44 | start-impl-probe ide-windows=3
2026-05-05 10:44:44 | start-impl-btn doc-scan hwnd=68592 doc-btns=35
2026-05-05 10:44:45 | start-impl-btn window-scan hwnd=68592 total-btns=38
2026-05-05 10:44:45 | start-impl-btn doc-scan hwnd=524752 doc-btns=96
2026-05-05 10:44:45 | start-impl-btn window-scan hwnd=524752 total-btns=99
2026-05-05 10:44:45 | start-impl-btn doc-scan hwnd=199580 doc-btns=42
2026-05-05 10:44:45 | start-impl-btn window-scan hwnd=199580 total-btns=45
2026-05-05 10:44:45 | start-impl-probe ide-windows=3
2026-05-05 10:44:45 | start-impl-btn doc-scan hwnd=68592 doc-btns=35
2026-05-05 10:44:45 | start-impl-btn window-scan hwnd=68592 total-btns=38
2026-05-05 10:44:45 | start-impl-btn doc-scan hwnd=524752 doc-btns=96
2026-05-05 10:44:45 | start-impl-btn window-scan hwnd=524752 total-btns=99
2026-05-05 10:44:45 | start-impl-btn doc-scan hwnd=199580 doc-btns=42
2026-05-05 10:44:45 | start-impl-btn window-scan hwnd=199580 total-btns=45
2026-05-05 10:44:46 | start-impl-probe ide-windows=3
2026-05-05 10:44:46 | start-impl-btn doc-scan hwnd=68592 doc-btns=35
2026-05-05 10:44:46 | start-impl-btn window-scan hwnd=68592 total-btns=38
2026-05-05 10:44:46 | start-impl-btn doc-scan hwnd=524752 doc-btns=96
2026-05-05 10:44:46 | start-impl-btn window-scan hwnd=524752 total-btns=99
2026-05-05 10:44:46 | start-impl-btn doc-scan hwnd=199580 doc-btns=42
2026-05-05 10:44:46 | start-impl-btn window-scan hwnd=199580 total-btns=45
2026-05-05 10:44:47 | start-impl-probe ide-windows=3
2026-05-05 10:44:47 | start-impl-btn doc-scan hwnd=68592 doc-btns=35
2026-05-05 10:44:47 | start-impl-btn window-scan hwnd=68592 total-btns=38
2026-05-05 10:44:47 | start-impl-btn doc-scan hwnd=524752 doc-btns=96
2026-05-05 10:44:47 | start-impl-btn window-scan hwnd=524752 total-btns=99
2026-05-05 10:44:47 | start-impl-btn doc-scan hwnd=199580 doc-btns=42
2026-05-05 10:44:47 | start-impl-btn window-scan hwnd=199580 total-btns=45
2026-05-05 10:44:48 | start-impl-probe ide-windows=3
2026-05-05 10:44:48 | start-impl-btn doc-scan hwnd=68592 doc-btns=35
2026-05-05 10:44:48 | start-impl-btn window-scan hwnd=68592 total-btns=38
2026-05-05 10:44:48 | start-impl-btn doc-scan hwnd=524752 doc-btns=96
2026-05-05 10:44:48 | start-impl-btn window-scan hwnd=524752 total-btns=99
2026-05-05 10:44:48 | start-impl-btn doc-scan hwnd=199580 doc-btns=42
2026-05-05 10:44:48 | start-impl-btn window-scan hwnd=199580 total-btns=45
2026-05-05 10:44:49 | start-impl-probe ide-windows=3
2026-05-05 10:44:49 | start-impl-btn doc-scan hwnd=68592 doc-btns=35
2026-05-05 10:44:49 | start-impl-btn window-scan hwnd=68592 total-btns=38
2026-05-05 10:44:49 | start-impl-btn doc-scan hwnd=524752 doc-btns=96
2026-05-05 10:44:49 | start-impl-btn window-scan hwnd=524752 total-btns=99
2026-05-05 10:44:49 | start-impl-btn doc-scan hwnd=199580 doc-btns=42
2026-05-05 10:44:49 | start-impl-btn window-scan hwnd=199580 total-btns=45
2026-05-05 10:44:50 | start-impl-probe ide-windows=3
2026-05-05 10:44:50 | start-impl-btn doc-scan hwnd=68592 doc-btns=35
2026-05-05 10:44:50 | start-impl-btn window-scan hwnd=68592 total-btns=38
2026-05-05 10:44:50 | start-impl-btn doc-scan hwnd=524752 doc-btns=96
2026-05-05 10:44:50 | start-impl-btn window-scan hwnd=524752 total-btns=99
2026-05-05 10:44:50 | start-impl-btn doc-scan hwnd=199580 doc-btns=42
2026-05-05 10:44:50 | start-impl-btn window-scan hwnd=199580 total-btns=45
2026-05-05 10:44:51 | start-impl-probe ide-windows=3
2026-05-05 10:44:51 | start-impl-btn doc-scan hwnd=68592 doc-btns=35
2026-05-05 10:44:51 | start-impl-btn window-scan hwnd=68592 total-btns=38
2026-05-05 10:44:51 | start-impl-btn doc-scan hwnd=524752 doc-btns=96
2026-05-05 10:44:51 | start-impl-btn window-scan hwnd=524752 total-btns=99
2026-05-05 10:44:51 | start-impl-btn doc-scan hwnd=199580 doc-btns=42
2026-05-05 10:44:51 | start-impl-btn window-scan hwnd=199580 total-btns=45
2026-05-05 10:44:52 | start-impl-probe ide-windows=3
2026-05-05 10:44:52 | start-impl-btn doc-scan hwnd=68592 doc-btns=35
2026-05-05 10:44:52 | start-impl-btn window-scan hwnd=68592 total-btns=38
2026-05-05 10:44:52 | start-impl-btn doc-scan hwnd=524752 doc-btns=96
2026-05-05 10:44:52 | start-impl-btn window-scan hwnd=524752 total-btns=99
2026-05-05 10:44:52 | start-impl-btn doc-scan hwnd=199580 doc-btns=42
2026-05-05 10:44:52 | start-impl-btn window-scan hwnd=199580 total-btns=45
2026-05-05 10:44:53 | start-impl-probe ide-windows=3
2026-05-05 10:44:53 | start-impl-btn doc-scan hwnd=68592 doc-btns=35
2026-05-05 10:44:53 | start-impl-btn window-scan hwnd=68592 total-btns=38
2026-05-05 10:44:53 | start-impl-btn doc-scan hwnd=524752 doc-btns=96
2026-05-05 10:44:53 | start-impl-btn window-scan hwnd=524752 total-btns=99
2026-05-05 10:44:53 | start-impl-btn doc-scan hwnd=199580 doc-btns=42
2026-05-05 10:44:53 | start-impl-btn window-scan hwnd=199580 total-btns=45
2026-05-05 10:44:53 | start-impl-probe ide-windows=3
2026-05-05 10:44:53 | start-impl-btn doc-scan hwnd=68592 doc-btns=35
2026-05-05 10:44:53 | start-impl-btn window-scan hwnd=68592 total-btns=38
2026-05-05 10:44:54 | start-impl-btn doc-scan hwnd=524752 doc-btns=96
2026-05-05 10:44:54 | start-impl-btn window-scan hwnd=524752 total-btns=99
2026-05-05 10:44:54 | start-impl-btn doc-scan hwnd=199580 doc-btns=42
2026-05-05 10:44:54 | start-impl-btn window-scan hwnd=199580 total-btns=45
2026-05-05 10:44:54 | start-impl-probe ide-windows=3
2026-05-05 10:44:54 | start-impl-btn doc-scan hwnd=68592 doc-btns=35
2026-05-05 10:44:54 | start-impl-btn window-scan hwnd=68592 total-btns=38
2026-05-05 10:44:54 | start-impl-btn doc-scan hwnd=524752 doc-btns=96
2026-05-05 10:44:54 | start-impl-btn window-scan hwnd=524752 total-btns=99
2026-05-05 10:44:55 | start-impl-btn doc-scan hwnd=199580 doc-btns=42
2026-05-05 10:44:55 | start-impl-btn window-scan hwnd=199580 total-btns=45
2026-05-05 10:44:55 | start-impl-probe ide-windows=3
2026-05-05 10:44:55 | start-impl-btn doc-scan hwnd=68592 doc-btns=35
2026-05-05 10:44:55 | start-impl-btn window-scan hwnd=68592 total-btns=38
2026-05-05 10:44:55 | start-impl-btn doc-scan hwnd=524752 doc-btns=96
2026-05-05 10:44:55 | start-impl-btn window-scan hwnd=524752 total-btns=99
2026-05-05 10:44:55 | start-impl-btn doc-scan hwnd=199580 doc-btns=42
2026-05-05 10:44:55 | start-impl-btn window-scan hwnd=199580 total-btns=45
2026-05-05 10:44:56 | start-impl-probe ide-windows=3
2026-05-05 10:44:56 | start-impl-btn doc-scan hwnd=68592 doc-btns=35
2026-05-05 10:44:56 | start-impl-btn window-scan hwnd=68592 total-btns=38
2026-05-05 10:44:56 | start-impl-btn doc-scan hwnd=524752 doc-btns=96
2026-05-05 10:44:56 | start-impl-btn window-scan hwnd=524752 total-btns=99
2026-05-05 10:44:56 | start-impl-btn doc-scan hwnd=199580 doc-btns=42
2026-05-05 10:44:56 | start-impl-btn window-scan hwnd=199580 total-btns=45
2026-05-05 10:44:57 | start-impl-probe ide-windows=3
2026-05-05 10:44:57 | start-impl-btn doc-scan hwnd=68592 doc-btns=35
2026-05-05 10:44:57 | start-impl-btn window-scan hwnd=68592 total-btns=38
2026-05-05 10:44:57 | start-impl-btn doc-scan hwnd=524752 doc-btns=96
2026-05-05 10:44:57 | start-impl-btn window-scan hwnd=524752 total-btns=99
2026-05-05 10:44:57 | start-impl-btn doc-scan hwnd=199580 doc-btns=42
2026-05-05 10:44:57 | start-impl-btn window-scan hwnd=199580 total-btns=45
2026-05-05 10:44:58 | start-impl-probe ide-windows=3
2026-05-05 10:44:58 | start-impl-btn doc-scan hwnd=68592 doc-btns=35
2026-05-05 10:44:58 | start-impl-btn window-scan hwnd=68592 total-btns=38
2026-05-05 10:44:58 | start-impl-btn doc-scan hwnd=524752 doc-btns=96
2026-05-05 10:44:58 | start-impl-btn window-scan hwnd=524752 total-btns=99
2026-05-05 10:44:58 | start-impl-btn doc-scan hwnd=199580 doc-btns=42
2026-05-05 10:44:58 | start-impl-btn window-scan hwnd=199580 total-btns=45
2026-05-05 10:44:59 | start-impl-probe ide-windows=4
2026-05-05 10:44:59 | start-impl-btn doc-scan hwnd=1314698 doc-btns=23
2026-05-05 10:44:59 | start-impl-btn window-scan hwnd=1314698 total-btns=26
2026-05-05 10:44:59 | start-impl-btn doc-scan hwnd=68592 doc-btns=35
2026-05-05 10:44:59 | start-impl-btn window-scan hwnd=68592 total-btns=38
2026-05-05 10:44:59 | start-impl-btn doc-scan hwnd=524752 doc-btns=96
2026-05-05 10:44:59 | start-impl-btn window-scan hwnd=524752 total-btns=99
2026-05-05 10:44:59 | start-impl-btn doc-scan hwnd=199580 doc-btns=42
2026-05-05 10:44:59 | start-impl-btn window-scan hwnd=199580 total-btns=45
2026-05-05 10:45:00 | start-impl-probe ide-windows=4
2026-05-05 10:45:00 | start-impl-btn doc-scan hwnd=1314698 doc-btns=23
2026-05-05 10:45:00 | start-impl-btn window-scan hwnd=1314698 total-btns=26
2026-05-05 10:45:00 | start-impl-btn doc-scan hwnd=68592 doc-btns=35
2026-05-05 10:45:00 | start-impl-btn window-scan hwnd=68592 total-btns=38
2026-05-05 10:45:00 | start-impl-btn doc-scan hwnd=524752 doc-btns=96
2026-05-05 10:45:00 | start-impl-btn window-scan hwnd=524752 total-btns=99
2026-05-05 10:45:00 | start-impl-btn doc-scan hwnd=199580 doc-btns=42
2026-05-05 10:45:00 | start-impl-btn window-scan hwnd=199580 total-btns=45
2026-05-05 10:45:01 | start-impl-probe ide-windows=4
2026-05-05 10:45:01 | start-impl-btn doc-scan hwnd=1314698 doc-btns=25
2026-05-05 10:45:01 | start-impl-btn window-scan hwnd=1314698 total-btns=29
2026-05-05 10:45:01 | start-impl-btn doc-scan hwnd=68592 doc-btns=35
2026-05-05 10:45:01 | start-impl-btn window-scan hwnd=68592 total-btns=38
2026-05-05 10:45:01 | start-impl-btn doc-scan hwnd=524752 doc-btns=96
2026-05-05 10:45:01 | start-impl-btn window-scan hwnd=524752 total-btns=99
2026-05-05 10:45:01 | start-impl-btn doc-scan hwnd=199580 doc-btns=42
2026-05-05 10:45:01 | start-impl-btn window-scan hwnd=199580 total-btns=45
2026-05-05 10:45:02 | start-impl-probe ide-windows=4
2026-05-05 10:45:02 | start-impl-btn doc-scan hwnd=1314698 doc-btns=27
2026-05-05 10:45:02 | start-impl-btn window-scan hwnd=1314698 total-btns=30
2026-05-05 10:45:02 | start-impl-btn doc-scan hwnd=68592 doc-btns=35
2026-05-05 10:45:02 | start-impl-btn window-scan hwnd=68592 total-btns=38
2026-05-05 10:45:02 | start-impl-btn doc-scan hwnd=524752 doc-btns=96
2026-05-05 10:45:02 | start-impl-btn window-scan hwnd=524752 total-btns=99
2026-05-05 10:45:02 | start-impl-btn doc-scan hwnd=199580 doc-btns=42
2026-05-05 10:45:02 | start-impl-btn window-scan hwnd=199580 total-btns=45
2026-05-05 10:45:03 | start-impl-probe ide-windows=4
2026-05-05 10:45:03 | start-impl-btn doc-scan hwnd=1314698 doc-btns=31
2026-05-05 10:45:03 | start-impl-btn window-scan hwnd=1314698 total-btns=34
2026-05-05 10:45:03 | start-impl-btn doc-scan hwnd=68592 doc-btns=35
2026-05-05 10:45:03 | start-impl-btn window-scan hwnd=68592 total-btns=38
2026-05-05 10:45:03 | start-impl-btn doc-scan hwnd=524752 doc-btns=96
2026-05-05 10:45:03 | start-impl-btn window-scan hwnd=524752 total-btns=99
2026-05-05 10:45:03 | start-impl-btn doc-scan hwnd=199580 doc-btns=42
2026-05-05 10:45:03 | start-impl-btn window-scan hwnd=199580 total-btns=45
2026-05-05 10:45:03 | start-impl-probe ide-windows=4
2026-05-05 10:45:03 | start-impl-btn doc-scan hwnd=1314698 doc-btns=30
2026-05-05 10:45:03 | start-impl-btn doc-scan hwnd=1314698 doc-btns=0
2026-05-05 10:45:03 | start-impl-btn window-scan hwnd=1314698 total-btns=33
2026-05-05 10:45:04 | start-impl-btn doc-scan hwnd=68592 doc-btns=35
2026-05-05 10:45:04 | start-impl-btn window-scan hwnd=68592 total-btns=38
2026-05-05 10:45:04 | start-impl-btn doc-scan hwnd=524752 doc-btns=96
2026-05-05 10:45:04 | start-impl-btn window-scan hwnd=524752 total-btns=99
2026-05-05 10:45:04 | start-impl-btn doc-scan hwnd=199580 doc-btns=42
2026-05-05 10:45:04 | start-impl-btn window-scan hwnd=199580 total-btns=45
2026-05-05 10:45:04 | start-impl-probe ide-windows=4
2026-05-05 10:45:04 | start-impl-btn doc-scan hwnd=1314698 doc-btns=30
2026-05-05 10:45:04 | start-impl-btn doc-scan hwnd=1314698 doc-btns=0
2026-05-05 10:45:04 | start-impl-btn window-scan hwnd=1314698 total-btns=33
2026-05-05 10:45:04 | start-impl-btn doc-scan hwnd=68592 doc-btns=35
2026-05-05 10:45:05 | start-impl-btn window-scan hwnd=68592 total-btns=38
2026-05-05 10:45:05 | start-impl-btn doc-scan hwnd=524752 doc-btns=96
2026-05-05 10:45:05 | start-impl-btn window-scan hwnd=524752 total-btns=99
2026-05-05 10:45:05 | start-impl-btn doc-scan hwnd=199580 doc-btns=42
2026-05-05 10:45:05 | start-impl-btn window-scan hwnd=199580 total-btns=45
2026-05-05 10:45:05 | start-impl-probe ide-windows=4
2026-05-05 10:45:05 | start-impl-btn doc-scan hwnd=1314698 doc-btns=30
2026-05-05 10:45:05 | start-impl-btn doc-scan hwnd=1314698 doc-btns=0
2026-05-05 10:45:05 | start-impl-btn window-scan hwnd=1314698 total-btns=33
2026-05-05 10:45:05 | start-impl-btn doc-scan hwnd=68592 doc-btns=35
2026-05-05 10:45:05 | start-impl-btn window-scan hwnd=68592 total-btns=38
2026-05-05 10:45:05 | start-impl-btn doc-scan hwnd=524752 doc-btns=96
2026-05-05 10:45:06 | start-impl-btn window-scan hwnd=524752 total-btns=99
2026-05-05 10:45:06 | start-impl-btn doc-scan hwnd=199580 doc-btns=42
2026-05-05 10:45:06 | start-impl-btn window-scan hwnd=199580 total-btns=45
2026-05-05 10:45:06 | start-impl-probe ide-windows=4
2026-05-05 10:45:06 | start-impl-btn doc-scan hwnd=1314698 doc-btns=30
2026-05-05 10:45:06 | start-impl-btn doc-scan hwnd=1314698 doc-btns=0
2026-05-05 10:45:06 | start-impl-btn window-scan hwnd=1314698 total-btns=33
2026-05-05 10:45:06 | start-impl-btn doc-scan hwnd=68592 doc-btns=35
2026-05-05 10:45:06 | start-impl-btn window-scan hwnd=68592 total-btns=38
2026-05-05 10:45:06 | start-impl-btn doc-scan hwnd=524752 doc-btns=96
2026-05-05 10:45:06 | start-impl-btn window-scan hwnd=524752 total-btns=99
2026-05-05 10:45:06 | start-impl-btn doc-scan hwnd=199580 doc-btns=42
2026-05-05 10:45:06 | start-impl-btn window-scan hwnd=199580 total-btns=45
2026-05-05 10:45:07 | start-impl-probe ide-windows=4
2026-05-05 10:45:07 | start-impl-btn doc-scan hwnd=1314698 doc-btns=30
2026-05-05 10:45:07 | start-impl-btn doc-scan hwnd=1314698 doc-btns=0
2026-05-05 10:45:07 | start-impl-btn window-scan hwnd=1314698 total-btns=33
2026-05-05 10:45:07 | start-impl-btn doc-scan hwnd=68592 doc-btns=35
2026-05-05 10:45:07 | start-impl-btn window-scan hwnd=68592 total-btns=38
2026-05-05 10:45:07 | start-impl-btn doc-scan hwnd=524752 doc-btns=96
2026-05-05 10:45:07 | start-impl-btn window-scan hwnd=524752 total-btns=99
2026-05-05 10:45:07 | start-impl-btn doc-scan hwnd=199580 doc-btns=42
2026-05-05 10:45:07 | start-impl-btn window-scan hwnd=199580 total-btns=45
2026-05-05 10:45:08 | start-impl-probe ide-windows=4
2026-05-05 10:45:08 | start-impl-btn doc-scan hwnd=1314698 doc-btns=30
2026-05-05 10:45:08 | start-impl-btn doc-scan hwnd=1314698 doc-btns=0
2026-05-05 10:45:08 | start-impl-btn window-scan hwnd=1314698 total-btns=33
2026-05-05 10:45:08 | start-impl-btn window-scan hwnd=68592 total-btns=38
2026-05-05 10:45:08 | start-impl-btn doc-scan hwnd=524752 doc-btns=96
2026-05-05 10:45:08 | start-impl-btn window-scan hwnd=524752 total-btns=99
2026-05-05 10:45:08 | start-impl-btn doc-scan hwnd=199580 doc-btns=42
2026-05-05 10:45:08 | start-impl-btn window-scan hwnd=199580 total-btns=45
2026-05-05 10:45:09 | start-impl-probe ide-windows=4
2026-05-05 10:45:09 | start-impl-btn doc-scan hwnd=1314698 doc-btns=39
2026-05-05 10:45:09 | start-impl-btn doc-scan hwnd=1314698 doc-btns=0
2026-05-05 10:45:09 | start-impl-btn window-scan hwnd=1314698 total-btns=42
2026-05-05 10:45:09 | start-impl-btn doc-scan hwnd=68592 doc-btns=35
2026-05-05 10:45:09 | start-impl-btn window-scan hwnd=68592 total-btns=38
2026-05-05 10:45:09 | start-impl-btn doc-scan hwnd=524752 doc-btns=96
2026-05-05 10:45:09 | start-impl-btn window-scan hwnd=524752 total-btns=99
2026-05-05 10:45:09 | start-impl-btn doc-scan hwnd=199580 doc-btns=42
2026-05-05 10:45:09 | start-impl-btn window-scan hwnd=199580 total-btns=45
2026-05-05 10:45:10 | start-impl-probe ide-windows=4
2026-05-05 10:45:10 | start-impl-btn doc-scan hwnd=1314698 doc-btns=39
2026-05-05 10:45:10 | start-impl-btn doc-scan hwnd=1314698 doc-btns=0
2026-05-05 10:45:10 | start-impl-btn window-scan hwnd=1314698 total-btns=42
2026-05-05 10:45:10 | start-impl-btn doc-scan hwnd=68592 doc-btns=35
2026-05-05 10:45:10 | start-impl-btn window-scan hwnd=68592 total-btns=38
2026-05-05 10:45:10 | start-impl-btn doc-scan hwnd=524752 doc-btns=96
2026-05-05 10:45:10 | start-impl-btn window-scan hwnd=524752 total-btns=99
2026-05-05 10:45:10 | start-impl-btn doc-scan hwnd=199580 doc-btns=42
2026-05-05 10:45:10 | start-impl-btn window-scan hwnd=199580 total-btns=45
2026-05-05 10:45:11 | start-impl-probe ide-windows=4
2026-05-05 10:45:11 | start-impl-btn doc-scan hwnd=1314698 doc-btns=39
2026-05-05 10:45:11 | start-impl-btn doc-scan hwnd=1314698 doc-btns=0
2026-05-05 10:45:11 | start-impl-btn window-scan hwnd=1314698 total-btns=42
2026-05-05 10:45:11 | start-impl-btn doc-scan hwnd=68592 doc-btns=35
2026-05-05 10:45:11 | start-impl-btn window-scan hwnd=68592 total-btns=38
2026-05-05 10:45:11 | start-impl-btn doc-scan hwnd=524752 doc-btns=96
2026-05-05 10:45:11 | start-impl-btn window-scan hwnd=524752 total-btns=99
2026-05-05 10:45:11 | start-impl-btn doc-scan hwnd=199580 doc-btns=42
2026-05-05 10:45:11 | start-impl-btn window-scan hwnd=199580 total-btns=45
2026-05-05 10:45:12 | start-impl-probe ide-windows=4
2026-05-05 10:45:12 | start-impl-btn doc-scan hwnd=1314698 doc-btns=39
2026-05-05 10:45:12 | start-impl-btn doc-scan hwnd=1314698 doc-btns=0
2026-05-05 10:45:12 | start-impl-btn window-scan hwnd=1314698 total-btns=42
2026-05-05 10:45:12 | start-impl-btn doc-scan hwnd=68592 doc-btns=35
2026-05-05 10:45:12 | start-impl-btn window-scan hwnd=68592 total-btns=38
2026-05-05 10:45:12 | start-impl-btn doc-scan hwnd=524752 doc-btns=96
2026-05-05 10:45:12 | start-impl-btn window-scan hwnd=524752 total-btns=99
2026-05-05 10:45:12 | start-impl-btn doc-scan hwnd=199580 doc-btns=42
2026-05-05 10:45:12 | start-impl-btn window-scan hwnd=199580 total-btns=45
2026-05-05 10:45:12 | start-impl-probe ide-windows=4
2026-05-05 10:45:13 | start-impl-btn doc-scan hwnd=1314698 doc-btns=39
2026-05-05 10:45:13 | start-impl-btn doc-scan hwnd=1314698 doc-btns=0
2026-05-05 10:45:13 | start-impl-btn window-scan hwnd=1314698 total-btns=42
2026-05-05 10:45:13 | start-impl-btn doc-scan hwnd=68592 doc-btns=35
2026-05-05 10:45:13 | start-impl-btn window-scan hwnd=68592 total-btns=38
2026-05-05 10:45:13 | start-impl-btn doc-scan hwnd=524752 doc-btns=96
2026-05-05 10:45:13 | start-impl-btn window-scan hwnd=524752 total-btns=99
2026-05-05 10:45:13 | start-impl-btn doc-scan hwnd=199580 doc-btns=42
2026-05-05 10:45:13 | start-impl-btn window-scan hwnd=199580 total-btns=45
2026-05-05 10:45:13 | start-impl-probe ide-windows=4
2026-05-05 10:45:13 | start-impl-btn doc-scan hwnd=1314698 doc-btns=39
2026-05-05 10:45:13 | start-impl-btn doc-scan hwnd=1314698 doc-btns=0
2026-05-05 10:45:13 | start-impl-btn window-scan hwnd=1314698 total-btns=42
2026-05-05 10:45:13 | start-impl-btn doc-scan hwnd=68592 doc-btns=35
2026-05-05 10:45:13 | start-impl-btn window-scan hwnd=68592 total-btns=38
2026-05-05 10:45:14 | start-impl-btn doc-scan hwnd=524752 doc-btns=96
2026-05-05 10:45:14 | start-impl-btn window-scan hwnd=524752 total-btns=99
2026-05-05 10:45:14 | start-impl-btn doc-scan hwnd=199580 doc-btns=42
2026-05-05 10:45:14 | start-impl-btn window-scan hwnd=199580 total-btns=45
2026-05-05 10:45:14 | start-impl-probe ide-windows=4
2026-05-05 10:45:14 | start-impl-btn doc-scan hwnd=1314698 doc-btns=39
2026-05-05 10:45:14 | start-impl-btn doc-scan hwnd=1314698 doc-btns=0
2026-05-05 10:45:14 | start-impl-btn window-scan hwnd=1314698 total-btns=42
2026-05-05 10:45:14 | start-impl-btn doc-scan hwnd=68592 doc-btns=35
2026-05-05 10:45:14 | start-impl-btn window-scan hwnd=68592 total-btns=38
2026-05-05 10:45:14 | start-impl-btn doc-scan hwnd=524752 doc-btns=96
2026-05-05 10:45:14 | start-impl-btn window-scan hwnd=524752 total-btns=99
2026-05-05 10:45:15 | start-impl-btn doc-scan hwnd=199580 doc-btns=42
2026-05-05 10:45:15 | start-impl-btn window-scan hwnd=199580 total-btns=45
2026-05-05 10:45:15 | start-impl-probe ide-windows=4
2026-05-05 10:45:15 | start-impl-btn doc-scan hwnd=1314698 doc-btns=39
2026-05-05 10:45:15 | start-impl-btn doc-scan hwnd=1314698 doc-btns=0
2026-05-05 10:45:15 | start-impl-btn window-scan hwnd=1314698 total-btns=42
2026-05-05 10:45:15 | start-impl-btn doc-scan hwnd=68592 doc-btns=35
2026-05-05 10:45:15 | start-impl-btn window-scan hwnd=68592 total-btns=38
2026-05-05 10:45:15 | start-impl-btn doc-scan hwnd=524752 doc-btns=96
2026-05-05 10:45:15 | start-impl-btn window-scan hwnd=524752 total-btns=99
2026-05-05 10:45:15 | start-impl-btn doc-scan hwnd=199580 doc-btns=42
2026-05-05 10:45:15 | start-impl-btn window-scan hwnd=199580 total-btns=45
2026-05-05 10:45:16 | start-impl-probe ide-windows=4
2026-05-05 10:45:16 | start-impl-btn doc-scan hwnd=1314698 doc-btns=39
2026-05-05 10:45:16 | start-impl-btn doc-scan hwnd=1314698 doc-btns=0
2026-05-05 10:45:16 | start-impl-btn window-scan hwnd=1314698 total-btns=42
2026-05-05 10:45:16 | start-impl-btn doc-scan hwnd=68592 doc-btns=35
2026-05-05 10:45:16 | start-impl-btn window-scan hwnd=68592 total-btns=38
2026-05-05 10:45:16 | start-impl-btn doc-scan hwnd=524752 doc-btns=96
2026-05-05 10:45:16 | start-impl-btn window-scan hwnd=524752 total-btns=99
2026-05-05 10:45:16 | start-impl-btn doc-scan hwnd=199580 doc-btns=42
2026-05-05 10:45:16 | start-impl-btn window-scan hwnd=199580 total-btns=45
2026-05-05 10:45:17 | start-impl-probe ide-windows=4
2026-05-05 10:45:17 | start-impl-btn doc-scan hwnd=1314698 doc-btns=39
2026-05-05 10:45:17 | start-impl-btn doc-scan hwnd=1314698 doc-btns=0
2026-05-05 10:45:17 | start-impl-btn window-scan hwnd=1314698 total-btns=42
2026-05-05 10:45:17 | start-impl-btn doc-scan hwnd=68592 doc-btns=35
2026-05-05 10:45:17 | start-impl-btn window-scan hwnd=68592 total-btns=38
2026-05-05 10:45:17 | start-impl-btn doc-scan hwnd=524752 doc-btns=96
2026-05-05 10:45:17 | start-impl-btn window-scan hwnd=524752 total-btns=99
2026-05-05 10:45:17 | start-impl-btn doc-scan hwnd=199580 doc-btns=42
2026-05-05 10:45:17 | start-impl-btn window-scan hwnd=199580 total-btns=45
2026-05-05 10:45:18 | start-impl-probe ide-windows=4
2026-05-05 10:45:18 | start-impl-btn doc-scan hwnd=1314698 doc-btns=39
2026-05-05 10:45:18 | start-impl-btn doc-scan hwnd=1314698 doc-btns=0
2026-05-05 10:45:18 | start-impl-btn window-scan hwnd=1314698 total-btns=42
2026-05-05 10:45:18 | start-impl-btn doc-scan hwnd=68592 doc-btns=35
2026-05-05 10:45:18 | start-impl-btn window-scan hwnd=68592 total-btns=38
2026-05-05 10:45:18 | start-impl-btn doc-scan hwnd=524752 doc-btns=96
2026-05-05 10:45:18 | start-impl-btn window-scan hwnd=524752 total-btns=99
2026-05-05 10:45:18 | start-impl-btn doc-scan hwnd=199580 doc-btns=42
2026-05-05 10:45:18 | start-impl-btn window-scan hwnd=199580 total-btns=45
2026-05-05 10:45:19 | start-impl-probe ide-windows=4
2026-05-05 10:45:19 | start-impl-btn doc-scan hwnd=1314698 doc-btns=39
2026-05-05 10:45:19 | start-impl-btn doc-scan hwnd=1314698 doc-btns=0
2026-05-05 10:45:19 | start-impl-btn window-scan hwnd=1314698 total-btns=42
2026-05-05 10:45:19 | start-impl-btn doc-scan hwnd=68592 doc-btns=35
2026-05-05 10:45:19 | start-impl-btn window-scan hwnd=68592 total-btns=38
2026-05-05 10:45:19 | start-impl-btn doc-scan hwnd=524752 doc-btns=96
2026-05-05 10:45:19 | start-impl-btn window-scan hwnd=524752 total-btns=99
2026-05-05 10:45:19 | start-impl-btn doc-scan hwnd=199580 doc-btns=42
2026-05-05 10:45:19 | start-impl-btn window-scan hwnd=199580 total-btns=45
2026-05-05 10:45:20 | start-impl-probe ide-windows=4
2026-05-05 10:45:20 | start-impl-btn doc-scan hwnd=1314698 doc-btns=39
2026-05-05 10:45:20 | start-impl-btn doc-scan hwnd=1314698 doc-btns=0
2026-05-05 10:45:20 | start-impl-btn window-scan hwnd=1314698 total-btns=42
2026-05-05 10:45:20 | start-impl-btn doc-scan hwnd=68592 doc-btns=35
2026-05-05 10:45:20 | start-impl-btn window-scan hwnd=68592 total-btns=38
2026-05-05 10:45:20 | start-impl-btn doc-scan hwnd=524752 doc-btns=96
2026-05-05 10:45:20 | start-impl-btn window-scan hwnd=524752 total-btns=99
2026-05-05 10:45:20 | start-impl-btn doc-scan hwnd=199580 doc-btns=42
2026-05-05 10:45:20 | start-impl-btn window-scan hwnd=199580 total-btns=45
2026-05-05 10:45:21 | start-impl-probe ide-windows=4
2026-05-05 10:45:21 | start-impl-btn doc-scan hwnd=1314698 doc-btns=39
2026-05-05 10:45:21 | start-impl-btn doc-scan hwnd=1314698 doc-btns=0
2026-05-05 10:45:21 | start-impl-btn window-scan hwnd=1314698 total-btns=42
2026-05-05 10:45:21 | start-impl-btn doc-scan hwnd=68592 doc-btns=35
2026-05-05 10:45:21 | start-impl-btn window-scan hwnd=68592 total-btns=38
2026-05-05 10:45:21 | start-impl-btn doc-scan hwnd=524752 doc-btns=96
2026-05-05 10:45:21 | start-impl-btn window-scan hwnd=524752 total-btns=99
2026-05-05 10:45:21 | start-impl-btn doc-scan hwnd=199580 doc-btns=42
2026-05-05 10:45:21 | start-impl-btn window-scan hwnd=199580 total-btns=45
2026-05-05 10:45:22 | start-impl-probe ide-windows=4
2026-05-05 10:45:22 | start-impl-btn doc-scan hwnd=1314698 doc-btns=39
2026-05-05 10:45:22 | start-impl-btn doc-scan hwnd=1314698 doc-btns=0
2026-05-05 10:45:22 | start-impl-btn window-scan hwnd=1314698 total-btns=42
2026-05-05 10:45:22 | start-impl-btn doc-scan hwnd=68592 doc-btns=35
2026-05-05 10:45:22 | start-impl-btn window-scan hwnd=68592 total-btns=38
2026-05-05 10:45:22 | start-impl-btn doc-scan hwnd=524752 doc-btns=96
2026-05-05 10:45:22 | start-impl-btn window-scan hwnd=524752 total-btns=99
2026-05-05 10:45:22 | start-impl-btn doc-scan hwnd=199580 doc-btns=42
2026-05-05 10:45:22 | start-impl-btn window-scan hwnd=199580 total-btns=45
2026-05-05 10:45:22 | start-impl-probe ide-windows=4
2026-05-05 10:45:22 | start-impl-btn doc-scan hwnd=1314698 doc-btns=39
2026-05-05 10:45:23 | start-impl-btn doc-scan hwnd=1314698 doc-btns=0
2026-05-05 10:45:23 | start-impl-btn window-scan hwnd=1314698 total-btns=42
2026-05-05 10:45:23 | start-impl-btn doc-scan hwnd=68592 doc-btns=35
2026-05-05 10:45:23 | start-impl-btn window-scan hwnd=68592 total-btns=38
2026-05-05 10:45:23 | start-impl-btn doc-scan hwnd=524752 doc-btns=96
2026-05-05 10:45:23 | start-impl-btn window-scan hwnd=524752 total-btns=99
2026-05-05 10:45:23 | start-impl-btn doc-scan hwnd=199580 doc-btns=42
2026-05-05 10:45:23 | start-impl-btn window-scan hwnd=199580 total-btns=45
2026-05-05 10:45:23 | start-impl-probe ide-windows=4
2026-05-05 10:45:23 | start-impl-btn doc-scan hwnd=1314698 doc-btns=39
2026-05-05 10:45:23 | start-impl-btn doc-scan hwnd=1314698 doc-btns=0
2026-05-05 10:45:23 | start-impl-btn window-scan hwnd=1314698 total-btns=42
2026-05-05 10:45:23 | start-impl-btn doc-scan hwnd=68592 doc-btns=35
2026-05-05 10:45:23 | start-impl-btn window-scan hwnd=68592 total-btns=38
2026-05-05 10:45:23 | start-impl-btn doc-scan hwnd=524752 doc-btns=96
2026-05-05 10:45:24 | start-impl-btn window-scan hwnd=524752 total-btns=99
2026-05-05 10:45:24 | start-impl-btn doc-scan hwnd=199580 doc-btns=42
2026-05-05 10:45:24 | start-impl-btn window-scan hwnd=199580 total-btns=45
2026-05-05 10:45:24 | start-impl-probe ide-windows=4
2026-05-05 10:45:24 | start-impl-btn doc-scan hwnd=1314698 doc-btns=39
2026-05-05 10:45:24 | start-impl-btn doc-scan hwnd=1314698 doc-btns=0
2026-05-05 10:45:24 | start-impl-btn window-scan hwnd=1314698 total-btns=42
2026-05-05 10:45:24 | start-impl-btn doc-scan hwnd=68592 doc-btns=35
2026-05-05 10:45:24 | start-impl-btn window-scan hwnd=68592 total-btns=38
2026-05-05 10:45:24 | start-impl-btn doc-scan hwnd=524752 doc-btns=96
2026-05-05 10:45:24 | start-impl-btn window-scan hwnd=524752 total-btns=99
2026-05-05 10:45:24 | start-impl-btn doc-scan hwnd=199580 doc-btns=42
2026-05-05 10:45:25 | start-impl-btn window-scan hwnd=199580 total-btns=45
2026-05-05 10:45:25 | start-impl-probe ide-windows=4
2026-05-05 10:45:25 | start-impl-btn doc-scan hwnd=1314698 doc-btns=39
2026-05-05 10:45:25 | start-impl-btn doc-scan hwnd=1314698 doc-btns=0
2026-05-05 10:45:25 | start-impl-btn window-scan hwnd=1314698 total-btns=42
2026-05-05 10:45:25 | start-impl-btn doc-scan hwnd=68592 doc-btns=35
2026-05-05 10:45:25 | start-impl-btn window-scan hwnd=68592 total-btns=38
2026-05-05 10:45:25 | start-impl-btn doc-scan hwnd=524752 doc-btns=96
2026-05-05 10:45:25 | start-impl-btn window-scan hwnd=524752 total-btns=99
2026-05-05 10:45:25 | start-impl-btn doc-scan hwnd=199580 doc-btns=42
2026-05-05 10:45:25 | start-impl-btn window-scan hwnd=199580 total-btns=45
2026-05-05 10:45:26 | start-impl-probe ide-windows=4
2026-05-05 10:45:26 | start-impl-btn doc-scan hwnd=1314698 doc-btns=39
2026-05-05 10:45:26 | start-impl-btn doc-scan hwnd=1314698 doc-btns=0
2026-05-05 10:45:26 | start-impl-btn window-scan hwnd=1314698 total-btns=42
2026-05-05 10:45:26 | start-impl-btn doc-scan hwnd=68592 doc-btns=35
2026-05-05 10:45:26 | start-impl-btn window-scan hwnd=68592 total-btns=38
2026-05-05 10:45:26 | start-impl-btn doc-scan hwnd=524752 doc-btns=96
2026-05-05 10:45:26 | start-impl-btn window-scan hwnd=524752 total-btns=99
2026-05-05 10:45:26 | start-impl-btn doc-scan hwnd=199580 doc-btns=42
2026-05-05 10:45:26 | start-impl-btn window-scan hwnd=199580 total-btns=45
2026-05-05 10:45:27 | start-impl-probe ide-windows=4
2026-05-05 10:45:27 | start-impl-btn doc-scan hwnd=1314698 doc-btns=39
2026-05-05 10:45:27 | start-impl-btn doc-scan hwnd=1314698 doc-btns=0
2026-05-05 10:45:27 | start-impl-btn window-scan hwnd=1314698 total-btns=42
2026-05-05 10:45:27 | start-impl-btn doc-scan hwnd=68592 doc-btns=35
2026-05-05 10:45:27 | start-impl-btn window-scan hwnd=68592 total-btns=38
2026-05-05 10:45:27 | start-impl-btn doc-scan hwnd=524752 doc-btns=96
2026-05-05 10:45:27 | start-impl-btn window-scan hwnd=524752 total-btns=99
2026-05-05 10:45:27 | start-impl-btn doc-scan hwnd=199580 doc-btns=42
2026-05-05 10:45:27 | start-impl-btn window-scan hwnd=199580 total-btns=45
2026-05-05 10:45:28 | start-impl-probe ide-windows=4
2026-05-05 10:45:28 | start-impl-btn doc-scan hwnd=1314698 doc-btns=39
2026-05-05 10:45:28 | start-impl-btn doc-scan hwnd=1314698 doc-btns=0
2026-05-05 10:45:28 | start-impl-btn window-scan hwnd=1314698 total-btns=42
2026-05-05 10:45:28 | start-impl-btn doc-scan hwnd=68592 doc-btns=35
2026-05-05 10:45:28 | start-impl-btn window-scan hwnd=68592 total-btns=38
2026-05-05 10:45:28 | start-impl-btn doc-scan hwnd=524752 doc-btns=96
2026-05-05 10:45:28 | start-impl-btn window-scan hwnd=524752 total-btns=99
2026-05-05 10:45:28 | start-impl-btn doc-scan hwnd=199580 doc-btns=42
2026-05-05 10:45:28 | start-impl-btn window-scan hwnd=199580 total-btns=45
2026-05-05 10:45:29 | start-impl-probe ide-windows=4
2026-05-05 10:45:29 | start-impl-btn doc-scan hwnd=1314698 doc-btns=39
2026-05-05 10:45:29 | start-impl-btn doc-scan hwnd=1314698 doc-btns=0
2026-05-05 10:45:29 | start-impl-btn window-scan hwnd=1314698 total-btns=42
2026-05-05 10:45:29 | start-impl-btn doc-scan hwnd=68592 doc-btns=35
2026-05-05 10:45:29 | start-impl-btn window-scan hwnd=68592 total-btns=38
2026-05-05 10:45:29 | start-impl-btn doc-scan hwnd=524752 doc-btns=96
2026-05-05 10:45:29 | start-impl-btn doc-scan hwnd=199580 doc-btns=42
2026-05-05 10:45:29 | start-impl-btn window-scan hwnd=199580 total-btns=45
2026-05-05 10:45:30 | start-impl-probe ide-windows=4
2026-05-05 10:45:30 | start-impl-btn doc-scan hwnd=524752 doc-btns=96
2026-05-05 10:45:30 | start-impl-btn window-scan hwnd=524752 total-btns=99
2026-05-05 10:45:30 | start-impl-btn doc-scan hwnd=1314698 doc-btns=39
2026-05-05 10:45:30 | start-impl-btn doc-scan hwnd=1314698 doc-btns=0
2026-05-05 10:45:30 | start-impl-btn window-scan hwnd=1314698 total-btns=42
2026-05-05 10:45:30 | start-impl-btn doc-scan hwnd=68592 doc-btns=35
2026-05-05 10:45:30 | start-impl-btn window-scan hwnd=68592 total-btns=38
2026-05-05 10:45:30 | start-impl-btn doc-scan hwnd=199580 doc-btns=42
2026-05-05 10:45:30 | start-impl-btn window-scan hwnd=199580 total-btns=45
2026-05-05 10:45:31 | start-impl-probe ide-windows=4
2026-05-05 10:45:31 | start-impl-btn doc-scan hwnd=524752 doc-btns=96
2026-05-05 10:45:31 | start-impl-btn window-scan hwnd=524752 total-btns=99
2026-05-05 10:45:31 | start-impl-btn doc-scan hwnd=1314698 doc-btns=39
2026-05-05 10:45:31 | start-impl-btn doc-scan hwnd=1314698 doc-btns=0
2026-05-05 10:45:31 | start-impl-btn window-scan hwnd=1314698 total-btns=42
2026-05-05 10:45:31 | start-impl-btn doc-scan hwnd=68592 doc-btns=35
2026-05-05 10:45:31 | start-impl-btn window-scan hwnd=68592 total-btns=38
2026-05-05 10:45:31 | start-impl-btn doc-scan hwnd=199580 doc-btns=42
2026-05-05 10:45:31 | start-impl-btn window-scan hwnd=199580 total-btns=45
2026-05-05 10:45:32 | start-impl-probe ide-windows=4
2026-05-05 10:45:32 | start-impl-btn doc-scan hwnd=524752 doc-btns=97
2026-05-05 10:45:32 | start-impl-btn window-scan hwnd=524752 total-btns=100
2026-05-05 10:45:32 | start-impl-btn doc-scan hwnd=1314698 doc-btns=39
2026-05-05 10:45:32 | start-impl-btn doc-scan hwnd=1314698 doc-btns=0
2026-05-05 10:45:32 | start-impl-btn window-scan hwnd=1314698 total-btns=42
2026-05-05 10:45:32 | start-impl-btn doc-scan hwnd=68592 doc-btns=35
2026-05-05 10:45:32 | start-impl-btn window-scan hwnd=68592 total-btns=38
2026-05-05 10:45:32 | start-impl-btn doc-scan hwnd=199580 doc-btns=42
2026-05-05 10:45:32 | start-impl-btn window-scan hwnd=199580 total-btns=45
2026-05-05 10:45:32 | start-impl-probe ide-windows=4
2026-05-05 10:45:32 | start-impl-btn doc-scan hwnd=524752 doc-btns=101
2026-05-05 10:45:33 | start-impl-btn window-scan hwnd=524752 total-btns=104
2026-05-05 10:45:33 | start-impl-btn doc-scan hwnd=1314698 doc-btns=39
2026-05-05 10:45:33 | start-impl-btn doc-scan hwnd=1314698 doc-btns=0
2026-05-05 10:45:33 | start-impl-btn window-scan hwnd=1314698 total-btns=42
2026-05-05 10:45:33 | start-impl-btn doc-scan hwnd=68592 doc-btns=35
2026-05-05 10:45:33 | start-impl-btn window-scan hwnd=68592 total-btns=38
2026-05-05 10:45:33 | start-impl-btn doc-scan hwnd=199580 doc-btns=42
2026-05-05 10:45:33 | start-impl-btn window-scan hwnd=199580 total-btns=45
2026-05-05 10:45:33 | start-impl-probe ide-windows=4
2026-05-05 10:45:33 | start-impl-btn doc-scan hwnd=524752 doc-btns=101
2026-05-05 10:45:33 | start-impl-btn window-scan hwnd=524752 total-btns=104
2026-05-05 10:45:34 | start-impl-btn doc-scan hwnd=1314698 doc-btns=39
2026-05-05 10:45:34 | start-impl-btn doc-scan hwnd=1314698 doc-btns=0
2026-05-05 10:45:34 | start-impl-btn window-scan hwnd=1314698 total-btns=42
2026-05-05 10:45:34 | start-impl-btn doc-scan hwnd=68592 doc-btns=35
2026-05-05 10:45:34 | start-impl-btn window-scan hwnd=68592 total-btns=38
2026-05-05 10:45:34 | start-impl-btn doc-scan hwnd=199580 doc-btns=42
2026-05-05 10:45:34 | start-impl-btn window-scan hwnd=199580 total-btns=45
2026-05-05 10:45:34 | start-impl-probe ide-windows=4
2026-05-05 10:45:34 | start-impl-btn doc-scan hwnd=524752 doc-btns=101
2026-05-05 10:45:48 | --- session-start source=rapid_fire_hotkey scope=vscode pinned=0 ---
2026-05-05 10:45:48 | rearm source=rapid_fire_hotkey scope=vscode target=1314698 sessions=1
2026-05-05 10:45:48 | trigger-accepted source=rapid_fire_hotkey scope=vscode target=1314698 pinned=1
2026-05-05 10:45:48 | trigger-banner source=rapid_fire_hotkey text=✅ Allow flow started from #!+9
2026-05-05 10:45:48 | banner-created hwnd=462758 x=20 y=2022 w=46 h=46
2026-05-05 10:45:48 | start-impl-probe blocked watcher-active=1
2026-05-05 10:45:49 | start-impl-probe blocked watcher-active=1
2026-05-05 10:45:50 | start-impl-probe ide-windows=4
2026-05-05 10:45:50 | start-impl-btn doc-scan hwnd=1314698 doc-btns=39
2026-05-05 10:45:50 | start-impl-btn doc-scan hwnd=1314698 doc-btns=0
2026-05-05 10:45:50 | start-impl-btn window-scan hwnd=1314698 total-btns=42
2026-05-05 10:45:50 | start-impl-btn doc-scan hwnd=524752 doc-btns=101
2026-05-05 10:45:50 | start-impl-btn window-scan hwnd=524752 total-btns=104
2026-05-05 10:45:50 | start-impl-btn doc-scan hwnd=68592 doc-btns=35
2026-05-05 10:45:50 | start-impl-btn window-scan hwnd=68592 total-btns=38
2026-05-05 10:45:50 | start-impl-btn doc-scan hwnd=199580 doc-btns=42
2026-05-05 10:45:50 | start-impl-btn window-scan hwnd=199580 total-btns=45
2026-05-05 10:45:50 | banner-destroyed hwnd=462758
2026-05-05 10:45:50 | stop reason=ℹ Rapid fire watcher stopped
2026-05-05 10:45:51 | start-impl-probe ide-windows=4
2026-05-05 10:45:51 | start-impl-btn doc-scan hwnd=1314698 doc-btns=39
2026-05-05 10:45:51 | --- session-start source=rapid_fire_hotkey scope=vscode pinned=0 ---
2026-05-05 10:45:51 | rearm source=rapid_fire_hotkey scope=vscode target=1314698 sessions=2
2026-05-05 10:45:51 | trigger-accepted source=rapid_fire_hotkey scope=vscode target=1314698 pinned=1
2026-05-05 10:45:51 | trigger-banner source=rapid_fire_hotkey text=✅ Allow flow started from #!+9
2026-05-05 10:45:51 | banner-created hwnd=3148984 x=20 y=2022 w=46 h=46
2026-05-05 10:45:51 | start-impl-btn doc-scan hwnd=1314698 doc-btns=0
2026-05-05 10:45:51 | start-impl-btn window-scan hwnd=1314698 total-btns=42
2026-05-05 10:45:51 | start-impl-btn doc-scan hwnd=524752 doc-btns=101
2026-05-05 10:45:51 | start-impl-btn window-scan hwnd=524752 total-btns=104
2026-05-05 10:45:51 | start-impl-btn doc-scan hwnd=68592 doc-btns=35
2026-05-05 10:45:51 | start-impl-btn window-scan hwnd=68592 total-btns=38
2026-05-05 10:45:51 | start-impl-btn doc-scan hwnd=199580 doc-btns=42
2026-05-05 10:45:51 | start-impl-btn window-scan hwnd=199580 total-btns=45
2026-05-05 10:45:52 | start-impl-probe ide-windows=4
2026-05-05 10:45:52 | start-impl-btn doc-scan hwnd=1314698 doc-btns=39
2026-05-05 10:45:52 | start-impl-btn doc-scan hwnd=1314698 doc-btns=0
2026-05-05 10:45:52 | start-impl-btn window-scan hwnd=1314698 total-btns=42
2026-05-05 10:45:52 | start-impl-btn doc-scan hwnd=524752 doc-btns=101
2026-05-05 10:45:52 | start-impl-btn window-scan hwnd=524752 total-btns=104
2026-05-05 10:45:52 | start-impl-btn doc-scan hwnd=68592 doc-btns=35
2026-05-05 10:45:52 | start-impl-btn window-scan hwnd=68592 total-btns=38
2026-05-05 10:45:52 | start-impl-btn doc-scan hwnd=199580 doc-btns=42
2026-05-05 10:45:52 | start-impl-btn window-scan hwnd=199580 total-btns=45
2026-05-05 10:45:52 | banner-destroyed hwnd=3148984
2026-05-05 10:45:52 | stop reason=ℹ Rapid fire watcher stopped
2026-05-05 10:45:53 | --- session-start source=rapid_fire_hotkey scope=vscode pinned=0 ---
2026-05-05 10:45:53 | rearm source=rapid_fire_hotkey scope=vscode target=524752 sessions=1
2026-05-05 10:45:53 | trigger-accepted source=rapid_fire_hotkey scope=vscode target=524752 pinned=1
2026-05-05 10:45:53 | start-impl-probe blocked watcher-active=1
2026-05-05 10:45:53 | trigger-banner source=rapid_fire_hotkey text=✅ Allow flow started from #!+9
2026-05-05 10:45:53 | banner-created hwnd=2690210 x=-2860 y=1302 w=46 h=46
2026-05-05 10:45:53 | banner-destroyed hwnd=2690210
2026-05-05 10:45:53 | stop reason=ℹ Rapid fire watcher stopped
2026-05-05 10:45:54 | start-impl-probe ide-windows=4
2026-05-05 10:45:54 | start-impl-btn doc-scan hwnd=524752 doc-btns=101
2026-05-05 10:45:54 | start-impl-btn window-scan hwnd=524752 total-btns=104
2026-05-05 10:45:54 | start-impl-btn doc-scan hwnd=1314698 doc-btns=39
2026-05-05 10:45:54 | start-impl-btn doc-scan hwnd=1314698 doc-btns=0
2026-05-05 10:45:54 | start-impl-btn window-scan hwnd=1314698 total-btns=42
2026-05-05 10:45:54 | start-impl-btn doc-scan hwnd=68592 doc-btns=35
2026-05-05 10:45:54 | start-impl-btn window-scan hwnd=68592 total-btns=38
2026-05-05 10:45:54 | start-impl-btn doc-scan hwnd=199580 doc-btns=42
2026-05-05 10:45:54 | start-impl-btn window-scan hwnd=199580 total-btns=45
2026-05-05 10:45:54 | --- session-start source=rapid_fire_hotkey scope=vscode pinned=0 ---
2026-05-05 10:45:54 | rearm source=rapid_fire_hotkey scope=vscode target=1314698 sessions=2
2026-05-05 10:45:54 | trigger-accepted source=rapid_fire_hotkey scope=vscode target=1314698 pinned=1
2026-05-05 10:45:54 | trigger-banner source=rapid_fire_hotkey text=✅ Allow flow started from #!+9
2026-05-05 10:45:54 | banner-created hwnd=22481690 x=20 y=2022 w=46 h=46
2026-05-05 10:45:55 | start-impl-probe blocked watcher-active=1
2026-05-05 10:45:55 | banner-destroyed hwnd=22481690
2026-05-05 10:45:55 | stop reason=ℹ Rapid fire watcher stopped
2026-05-05 10:45:56 | start-impl-probe ide-windows=4
2026-05-05 10:45:56 | start-impl-btn doc-scan hwnd=1314698 doc-btns=39
2026-05-05 10:45:56 | start-impl-btn doc-scan hwnd=1314698 doc-btns=0
2026-05-05 10:45:56 | start-impl-btn window-scan hwnd=1314698 total-btns=42
2026-05-05 10:45:56 | start-impl-btn doc-scan hwnd=524752 doc-btns=97
2026-05-05 10:45:56 | start-impl-btn window-scan hwnd=524752 total-btns=100
2026-05-05 10:45:56 | start-impl-btn doc-scan hwnd=68592 doc-btns=35
2026-05-05 10:45:56 | start-impl-btn window-scan hwnd=68592 total-btns=38
2026-05-05 10:45:56 | start-impl-btn doc-scan hwnd=199580 doc-btns=42
2026-05-05 10:45:56 | start-impl-btn window-scan hwnd=199580 total-btns=45
2026-05-05 10:45:57 | start-impl-probe ide-windows=4
2026-05-05 10:45:57 | start-impl-btn doc-scan hwnd=68592 doc-btns=35
2026-05-05 10:45:57 | start-impl-btn window-scan hwnd=68592 total-btns=38
2026-05-05 10:45:57 | start-impl-btn doc-scan hwnd=1314698 doc-btns=39
2026-05-05 10:45:57 | start-impl-btn doc-scan hwnd=1314698 doc-btns=0
2026-05-05 10:45:57 | start-impl-btn doc-scan hwnd=524752 doc-btns=97
2026-05-05 10:45:57 | start-impl-btn window-scan hwnd=524752 total-btns=100
2026-05-05 10:45:57 | start-impl-btn doc-scan hwnd=199580 doc-btns=42
2026-05-05 10:45:57 | start-impl-btn window-scan hwnd=199580 total-btns=45
2026-05-05 10:45:57 | start-impl-probe ide-windows=4
2026-05-05 10:45:57 | start-impl-btn doc-scan hwnd=68592 doc-btns=35
2026-05-05 10:45:57 | start-impl-btn window-scan hwnd=68592 total-btns=38
2026-05-05 10:45:58 | start-impl-btn doc-scan hwnd=1314698 doc-btns=39
2026-05-05 10:45:58 | start-impl-btn doc-scan hwnd=1314698 doc-btns=0
2026-05-05 10:45:58 | start-impl-btn window-scan hwnd=1314698 total-btns=42
2026-05-05 10:45:58 | start-impl-btn doc-scan hwnd=524752 doc-btns=97
2026-05-05 10:45:58 | start-impl-btn window-scan hwnd=524752 total-btns=100
2026-05-05 10:45:58 | start-impl-btn doc-scan hwnd=199580 doc-btns=42
2026-05-05 10:45:58 | start-impl-btn window-scan hwnd=199580 total-btns=45
2026-05-05 10:45:58 | --- session-start source=rapid_fire_hotkey scope=vscode pinned=0 ---
2026-05-05 10:45:58 | rearm source=rapid_fire_hotkey scope=vscode target=68592 sessions=1
2026-05-05 10:45:58 | trigger-accepted source=rapid_fire_hotkey scope=vscode target=68592 pinned=1
2026-05-05 10:45:58 | trigger-banner source=rapid_fire_hotkey text=✅ Allow flow started from #!+9
2026-05-05 10:45:58 | banner-created hwnd=22612762 x=5780 y=2742 w=46 h=46
2026-05-05 10:45:58 | start-impl-probe blocked watcher-active=1
2026-05-05 10:45:59 | start-impl-probe blocked watcher-active=1
2026-05-05 10:45:59 | banner-repositioned hwnd=22612762 monitor=4 x=7400 y=3174
2026-05-05 10:46:00 | banner-repositioned hwnd=22612762 monitor=3 x=20 y=2022
2026-05-05 10:46:00 | start-impl-probe blocked watcher-active=1
2026-05-05 10:46:01 | banner-repositioned hwnd=22612762 monitor=1 x=-2860 y=1302
2026-05-05 10:46:01 | start-impl-probe blocked watcher-active=1
2026-05-05 10:46:02 | start-impl-probe blocked watcher-active=1
2026-05-05 10:46:03 | start-impl-probe blocked watcher-active=1
2026-05-05 10:46:04 | banner-repositioned hwnd=22612762 monitor=3 x=20 y=2022
2026-05-05 10:46:04 | start-impl-probe blocked watcher-active=1
2026-05-05 10:46:04 | banner-repositioned hwnd=22612762 monitor=1 x=-2860 y=1302
2026-05-05 10:46:05 | start-impl-probe ide-windows=4
2026-05-05 10:46:05 | start-impl-btn doc-scan hwnd=524752 doc-btns=101
2026-05-05 10:46:05 | start-impl-btn window-scan hwnd=524752 total-btns=104
2026-05-05 10:46:05 | start-impl-btn doc-scan hwnd=1314698 doc-btns=39
2026-05-05 10:46:05 | start-impl-btn doc-scan hwnd=1314698 doc-btns=0
2026-05-05 10:46:05 | start-impl-btn window-scan hwnd=1314698 total-btns=42
2026-05-05 10:46:05 | start-impl-btn doc-scan hwnd=68592 doc-btns=35
2026-05-05 10:46:05 | start-impl-btn window-scan hwnd=68592 total-btns=38
2026-05-05 10:46:05 | start-impl-btn doc-scan hwnd=199580 doc-btns=42
2026-05-05 10:46:05 | start-impl-btn window-scan hwnd=199580 total-btns=45
2026-05-05 10:46:05 | banner-destroyed hwnd=22612762
2026-05-05 10:46:05 | stop reason=ℹ Rapid fire watcher stopped
2026-05-05 10:46:06 | start-impl-probe ide-windows=4
2026-05-05 10:46:06 | start-impl-btn doc-scan hwnd=524752 doc-btns=101
2026-05-05 10:46:06 | start-impl-btn window-scan hwnd=524752 total-btns=104
2026-05-05 10:46:06 | start-impl-btn doc-scan hwnd=1314698 doc-btns=39
2026-05-05 10:46:06 | start-impl-btn doc-scan hwnd=1314698 doc-btns=0
2026-05-05 10:46:06 | start-impl-btn window-scan hwnd=1314698 total-btns=42
2026-05-05 10:46:06 | start-impl-btn doc-scan hwnd=68592 doc-btns=35
2026-05-05 10:46:06 | start-impl-btn window-scan hwnd=68592 total-btns=38
2026-05-05 10:46:06 | start-impl-btn doc-scan hwnd=199580 doc-btns=42
2026-05-05 10:46:06 | start-impl-btn window-scan hwnd=199580 total-btns=45
2026-05-05 10:46:07 | start-impl-probe ide-windows=4
